"../../../Engine/Plugins/Animation/ACLPlugin/Content/ACLAnimCurveCompressionSettings.uasset" 0
"../../../Engine/Plugins/Animation/ACLPlugin/Content/ACLAnimCurveCompressionSettings.uexp" 1
"../../../Engine/Plugins/Animation/ACLPlugin/Content/ACLAnimBoneCompressionSettings.uasset" 2
"../../../Engine/Plugins/Animation/ACLPlugin/Content/ACLAnimBoneCompressionSettings.uexp" 3
"../../../Engine/Plugins/2D/Paper2D/Content/PlaceholderTextures/DummySpriteTexture.ubulk" 4
"../../../Engine/Plugins/2D/Paper2D/Content/PlaceholderTextures/DummySpriteTexture.uasset" 5
"../../../Engine/Plugins/2D/Paper2D/Content/PlaceholderTextures/DummySpriteTexture.uexp" 6
"../../../Engine/Plugins/2D/Paper2D/Content/DummySprite.uasset" 7
"../../../Engine/Plugins/2D/Paper2D/Content/DummySprite.uexp" 8
"../../../Engine/Plugins/2D/Paper2D/Content/DefaultPaperTerrainMaterial.uasset" 9
"../../../Engine/Plugins/2D/Paper2D/Content/DefaultPaperTerrainMaterial.uexp" 10
"../../../Engine/Content/Animation/DefaultVariableFrameStrippingSettings.uasset" 11
"../../../Engine/Content/Animation/DefaultVariableFrameStrippingSettings.uexp" 12
"../../../Engine/Plugins/Animation/ControlRig/Content/Controls/DefaultGizmoLibraryNormalized.uasset" 13
"../../../Engine/Plugins/Animation/ControlRig/Content/Controls/DefaultGizmoLibraryNormalized.uexp" 14
"../../../Engine/Content/EngineSounds/Master.uasset" 15
"../../../Engine/Content/EngineSounds/Master.uexp" 16
"../../../Engine/Content/EngineMaterials/DefaultPhysicalMaterial.uasset" 17
"../../../Engine/Content/EngineMaterials/DefaultPhysicalMaterial.uexp" 18
"../../../Engine/Content/EngineMaterials/DefaultDestructiblePhysicalMaterial.uasset" 19
"../../../Engine/Content/EngineMaterials/DefaultDestructiblePhysicalMaterial.uexp" 20
"../../../Engine/Content/EngineFonts/Faces/DroidSansFallback.uexp" 21
"../../../Engine/Content/EngineFonts/Faces/DroidSansFallback.uasset" 22
"../../../Engine/Content/EngineFonts/Faces/DroidSansFallback.ufont" 23
"../../../Engine/Content/EngineFonts/Faces/RobotoRegular.uexp" 24
"../../../Engine/Content/EngineFonts/Faces/RobotoRegular.uasset" 25
"../../../Engine/Content/EngineFonts/Faces/RobotoRegular.ufont" 26
"../../../Engine/Content/EngineFonts/Faces/RobotoLight.uexp" 27
"../../../Engine/Content/EngineFonts/Faces/RobotoLight.uasset" 28
"../../../Engine/Content/EngineFonts/Faces/RobotoLight.ufont" 29
"../../../Engine/Content/EngineFonts/Faces/RobotoItalic.uexp" 30
"../../../Engine/Content/EngineFonts/Faces/RobotoItalic.uasset" 31
"../../../Engine/Content/EngineFonts/Faces/RobotoItalic.ufont" 32
"../../../Engine/Content/EngineFonts/Faces/RobotoBoldItalic.uexp" 33
"../../../Engine/Content/EngineFonts/Faces/RobotoBoldItalic.uasset" 34
"../../../Engine/Content/EngineFonts/Faces/RobotoBoldItalic.ufont" 35
"../../../Engine/Content/EngineFonts/Faces/RobotoBold.uexp" 36
"../../../Engine/Content/EngineFonts/Faces/RobotoBold.uasset" 37
"../../../Engine/Content/EngineFonts/Faces/RobotoBold.ufont" 38
"../../../Engine/Content/EngineFonts/Roboto.uasset" 39
"../../../Engine/Content/EngineFonts/Roboto.uexp" 40
"../../../Engine/Content/EngineFonts/Faces/DroidSansMono.uexp" 41
"../../../Engine/Content/EngineFonts/Faces/DroidSansMono.uasset" 42
"../../../Engine/Content/EngineFonts/Faces/DroidSansMono.ufont" 43
"../../../Engine/Content/EngineFonts/DroidSansMono.uasset" 44
"../../../Engine/Content/EngineFonts/DroidSansMono.uexp" 45
"../../../Engine/Plugins/Interchange/Runtime/Content/Pipelines/DefaultTexturePipeline.uasset" 46
"../../../Engine/Plugins/Interchange/Runtime/Content/Pipelines/DefaultTexturePipeline.uexp" 47
"../../../Engine/Plugins/Interchange/Runtime/Content/Pipelines/DefaultSceneLevelPipeline.uasset" 48
"../../../Engine/Plugins/Interchange/Runtime/Content/Pipelines/DefaultSceneLevelPipeline.uexp" 49
"../../../Engine/Plugins/Interchange/Runtime/Content/Pipelines/DefaultSceneAssetsPipeline.uasset" 50
"../../../Engine/Plugins/Interchange/Runtime/Content/Pipelines/DefaultSceneAssetsPipeline.uexp" 51
"../../../Engine/Plugins/Interchange/Runtime/Content/Pipelines/DefaultMaterialXPipeline.uasset" 52
"../../../Engine/Plugins/Interchange/Runtime/Content/Pipelines/DefaultMaterialXPipeline.uexp" 53
"../../../Engine/Plugins/Interchange/Runtime/Content/Pipelines/DefaultMaterialPipeline.uasset" 54
"../../../Engine/Plugins/Interchange/Runtime/Content/Pipelines/DefaultMaterialPipeline.uexp" 55
"../../../Engine/Plugins/Interchange/Runtime/Content/Pipelines/DefaultGLTFSceneAssetsPipeline.uasset" 56
"../../../Engine/Plugins/Interchange/Runtime/Content/Pipelines/DefaultGLTFSceneAssetsPipeline.uexp" 57
"../../../Engine/Plugins/Interchange/Runtime/Content/Pipelines/DefaultGLTFPipeline.uasset" 58
"../../../Engine/Plugins/Interchange/Runtime/Content/Pipelines/DefaultGLTFPipeline.uexp" 59
"../../../Engine/Plugins/Interchange/Runtime/Content/Pipelines/DefaultGLTFAssetsPipeline.uasset" 60
"../../../Engine/Plugins/Interchange/Runtime/Content/Pipelines/DefaultGLTFAssetsPipeline.uexp" 61
"../../../Engine/Plugins/Interchange/Runtime/Content/Pipelines/DefaultAssetsPipeline.uasset" 62
"../../../Engine/Plugins/Interchange/Runtime/Content/Pipelines/DefaultAssetsPipeline.uexp" 63
"../../../Engine/Content/EngineResources/GradientTexture0.uasset" 64
"../../../Engine/Content/EngineResources/GradientTexture0.uexp" 65
"../../../Engine/Content/EditorResources/S_Actor.ubulk" 66
"../../../Engine/Content/EditorResources/S_Actor.uasset" 67
"../../../Engine/Content/EditorResources/S_Actor.uexp" 68
"../../../Engine/Plugins/NNE/NNEDenoiser/Content/NNEDTOM_Output_Default.uasset" 69
"../../../Engine/Plugins/NNE/NNEDenoiser/Content/NNEDTOM_Output_Default.uexp" 70
"../../../Engine/Plugins/NNE/NNEDenoiser/Content/NNEDTOM_Output_Alpha.uasset" 71
"../../../Engine/Plugins/NNE/NNEDenoiser/Content/NNEDTOM_Output_Alpha.uexp" 72
"../../../Engine/Plugins/NNE/NNEDenoiser/Content/NNEDTIM_ColorAlbedoNormal_Default.uasset" 73
"../../../Engine/Plugins/NNE/NNEDenoiser/Content/NNEDTIM_ColorAlbedoNormal_Default.uexp" 74
"../../../Engine/Plugins/NNE/NNEDenoiser/Content/NNEDTIM_ColorAlbedoNormal_Alpha.uasset" 75
"../../../Engine/Plugins/NNE/NNEDenoiser/Content/NNEDTIM_ColorAlbedoNormal_Alpha.uexp" 76
"../../../Engine/Plugins/NNE/NNEDenoiser/Content/NNEDOM_Output_Default.uasset" 77
"../../../Engine/Plugins/NNE/NNEDenoiser/Content/NNEDOM_Output_Default.uexp" 78
"../../../Engine/Plugins/NNE/NNEDenoiser/Content/NNEDOM_Output_Alpha.uasset" 79
"../../../Engine/Plugins/NNE/NNEDenoiser/Content/NNEDOM_Output_Alpha.uexp" 80
"../../../Engine/Plugins/NNE/NNEDenoiser/Content/NNEDIM_HighQuality_Default.uasset" 81
"../../../Engine/Plugins/NNE/NNEDenoiser/Content/NNEDIM_HighQuality_Default.uexp" 82
"../../../Engine/Plugins/NNE/NNEDenoiser/Content/NNEDIM_HighQuality_Alpha.uasset" 83
"../../../Engine/Plugins/NNE/NNEDenoiser/Content/NNEDIM_HighQuality_Alpha.uexp" 84
"../../../Engine/Plugins/NNE/NNEDenoiser/Content/NNEDIM_ColorAlbedoNormal_Default.uasset" 85
"../../../Engine/Plugins/NNE/NNEDenoiser/Content/NNEDIM_ColorAlbedoNormal_Default.uexp" 86
"../../../Engine/Plugins/NNE/NNEDenoiser/Content/NNEDIM_ColorAlbedoNormal_Alpha.uasset" 87
"../../../Engine/Plugins/NNE/NNEDenoiser/Content/NNEDIM_ColorAlbedoNormal_Alpha.uexp" 88
"../../../Engine/Content/Functions/Engine_MaterialFunctions02/WorldPositionOffset/CameraOffset.uasset" 89
"../../../Engine/Content/Functions/Engine_MaterialFunctions02/WorldPositionOffset/CameraOffset.uexp" 90
"../../../Engine/Plugins/Animation/ControlRig/Content/M_Manip.uasset" 91
"../../../Engine/Plugins/Animation/ControlRig/Content/M_Manip.uexp" 92
"../../../Engine/Content/EditorResources/S_TriggerSphere.uasset" 93
"../../../Engine/Content/EditorResources/S_TriggerSphere.uexp" 94
"../../../Engine/Content/EditorResources/S_TriggerCapsule.uasset" 95
"../../../Engine/Content/EditorResources/S_TriggerCapsule.uexp" 96
"../../../Engine/Content/EditorResources/S_TriggerBox.uasset" 97
"../../../Engine/Content/EditorResources/S_TriggerBox.uexp" 98
"../../../Engine/Content/EditorResources/S_Trigger.ubulk" 99
"../../../Engine/Content/EditorResources/S_Trigger.uasset" 100
"../../../Engine/Content/EditorResources/S_Trigger.uexp" 101
"../../../Engine/Content/EditorResources/S_Terrain.ubulk" 102
"../../../Engine/Content/EditorResources/S_Terrain.uasset" 103
"../../../Engine/Content/EditorResources/S_Terrain.uexp" 104
"../../../Engine/Content/EditorResources/S_Solver.ubulk" 105
"../../../Engine/Content/EditorResources/S_Solver.uasset" 106
"../../../Engine/Content/EditorResources/S_Solver.uexp" 107
"../../../Engine/Content/EditorResources/S_BoxReflectionCapture.uasset" 108
"../../../Engine/Content/EditorResources/S_BoxReflectionCapture.uexp" 109
"../../../Engine/Content/EditorResources/BSPVertex.uasset" 110
"../../../Engine/Content/EditorResources/BSPVertex.uexp" 111
"../../../Engine/Content/EditorMaterials/PreviewShadowIndicator.ubulk" 112
"../../../Engine/Content/EditorMaterials/PreviewShadowIndicator.uasset" 113
"../../../Engine/Content/EditorMaterials/PreviewShadowIndicator.uexp" 114
"../../../Engine/Content/EditorMaterials/PreviewShadowIndicatorMaterial.uasset" 115
"../../../Engine/Content/EditorMaterials/PreviewShadowIndicatorMaterial.uexp" 116
"../../../Engine/Content/EditorMaterials/PhAT_UnselectedMaterial.uasset" 117
"../../../Engine/Content/EditorMaterials/PhAT_UnselectedMaterial.uexp" 118
"../../../Engine/Content/EditorMaterials/PhAT_NoCollisionMaterial.uasset" 119
"../../../Engine/Content/EditorMaterials/PhAT_NoCollisionMaterial.uexp" 120
"../../../Engine/Content/EditorLandscapeResources/WhiteSquareTexture.uasset" 121
"../../../Engine/Content/EditorLandscapeResources/WhiteSquareTexture.uexp" 122
"../../../Engine/Content/EditorLandscapeResources/LayerVisMaterial.uasset" 123
"../../../Engine/Content/EditorLandscapeResources/LayerVisMaterial.uexp" 124
"../../../Engine/Content/Functions/Engine_MaterialFunctions02/WorldPositionOffset/LocalPosition.uasset" 125
"../../../Engine/Content/Functions/Engine_MaterialFunctions02/WorldPositionOffset/LocalPosition.uexp" 126
"../../../Engine/Content/Functions/Engine_MaterialFunctions02/Utility/BreakOutFloat2Components.uasset" 127
"../../../Engine/Content/Functions/Engine_MaterialFunctions02/Utility/BreakOutFloat2Components.uexp" 128
"../../../Engine/Content/Functions/Engine_MaterialFunctions01/Texturing/ScaleUVsByCenter.uasset" 129
"../../../Engine/Content/Functions/Engine_MaterialFunctions01/Texturing/ScaleUVsByCenter.uexp" 130
"../../../Engine/Content/EngineMaterials/DefaultDiffuse.ubulk" 131
"../../../Engine/Content/EngineMaterials/DefaultDiffuse.uasset" 132
"../../../Engine/Content/EngineMaterials/DefaultDiffuse.uexp" 133
"../../../Engine/Content/Functions/Engine_MaterialFunctions01/Texturing/TextureCropping.uasset" 134
"../../../Engine/Content/Functions/Engine_MaterialFunctions01/Texturing/TextureCropping.uexp" 135
"../../../Engine/Content/Functions/Engine_MaterialFunctions02/ExampleContent/DebugNumberStrip.uasset" 136
"../../../Engine/Content/Functions/Engine_MaterialFunctions02/ExampleContent/DebugNumberStrip.uexp" 137
"../../../Engine/Content/Functions/Engine_MaterialFunctions01/Debug/DebugIntValues.uasset" 138
"../../../Engine/Content/Functions/Engine_MaterialFunctions01/Debug/DebugIntValues.uexp" 139
"../../../Engine/Content/EditorLandscapeResources/LandscapeLayerUsageMaterial.uasset" 140
"../../../Engine/Content/EditorLandscapeResources/LandscapeLayerUsageMaterial.uexp" 141
"../../../Engine/Content/EditorLandscapeResources/DefaultAlphaTexture.uasset" 142
"../../../Engine/Content/EditorLandscapeResources/DefaultAlphaTexture.uexp" 143
"../../../Engine/Content/EditorLandscapeResources/LandscapeDirtyMaterial.uasset" 144
"../../../Engine/Content/EditorLandscapeResources/LandscapeDirtyMaterial.uexp" 145
"../../../Engine/Content/Functions/Engine_MaterialFunctions02/Utility/BreakOutFloat3Components.uasset" 146
"../../../Engine/Content/Functions/Engine_MaterialFunctions02/Utility/BreakOutFloat3Components.uexp" 147
"../../../Engine/Content/Functions/Engine_MaterialFunctions02/Utility/VectorLength.uasset" 148
"../../../Engine/Content/Functions/Engine_MaterialFunctions02/Utility/VectorLength.uexp" 149
"../../../Engine/Content/Functions/Engine_MaterialFunctions02/WorldPositionOffset/ObjectScale.uasset" 150
"../../../Engine/Content/Functions/Engine_MaterialFunctions02/WorldPositionOffset/ObjectScale.uexp" 151
"../../../Engine/Content/Functions/Engine_MaterialFunctions02/SafeNormalize.uasset" 152
"../../../Engine/Content/Functions/Engine_MaterialFunctions02/SafeNormalize.uexp" 153
"../../../Engine/Plugins/Editor/SpeedTreeImporter/Content/SpeedTree9/UnpackInteger3.uasset" 154
"../../../Engine/Plugins/Editor/SpeedTreeImporter/Content/SpeedTree9/UnpackInteger3.uexp" 155
"../../../Engine/Plugins/Editor/SpeedTreeImporter/Content/SpeedTree9/UnpackDirection.uasset" 156
"../../../Engine/Plugins/Editor/SpeedTreeImporter/Content/SpeedTree9/UnpackDirection.uexp" 157
"../../../Engine/Plugins/Editor/SpeedTreeImporter/Content/SpeedTree9/game_wind_noise.ubulk" 158
"../../../Engine/Plugins/Editor/SpeedTreeImporter/Content/SpeedTree9/game_wind_noise.uasset" 159
"../../../Engine/Plugins/Editor/SpeedTreeImporter/Content/SpeedTree9/game_wind_noise.uexp" 160
"../../../Engine/Plugins/Editor/SpeedTreeImporter/Content/SpeedTree9/SpeedTreeWindMotion.uasset" 161
"../../../Engine/Plugins/Editor/SpeedTreeImporter/Content/SpeedTree9/SpeedTreeWindMotion.uexp" 162
"../../../Engine/Plugins/Editor/SpeedTreeImporter/Content/SpeedTree9/SpeedTreeBranchMotion.uasset" 163
"../../../Engine/Plugins/Editor/SpeedTreeImporter/Content/SpeedTree9/SpeedTreeBranchMotion.uexp" 164
"../../../Engine/Content/Functions/Engine_MaterialFunctions02/ObjectLocalBounds.uasset" 165
"../../../Engine/Content/Functions/Engine_MaterialFunctions02/ObjectLocalBounds.uexp" 166
"../../../Engine/Content/Functions/Engine_MaterialFunctions02/UVs/BoundingBoxBased_0-1_UVW.uasset" 167
"../../../Engine/Content/Functions/Engine_MaterialFunctions02/UVs/BoundingBoxBased_0-1_UVW.uexp" 168
"../../../Engine/Plugins/Editor/SpeedTreeImporter/Content/SpeedTree9/SpeedTreeWind.uasset" 169
"../../../Engine/Plugins/Editor/SpeedTreeImporter/Content/SpeedTree9/SpeedTreeWind.uexp" 170
"../../../Engine/Plugins/Editor/SpeedTreeImporter/Content/SpeedTree9/SpeedTreeCameraFacing.uasset" 171
"../../../Engine/Plugins/Editor/SpeedTreeImporter/Content/SpeedTree9/SpeedTreeCameraFacing.uexp" 172
"../../../Engine/Plugins/Editor/SpeedTreeImporter/Content/SpeedTree9/EmptyNormal.uasset" 173
"../../../Engine/Plugins/Editor/SpeedTreeImporter/Content/SpeedTree9/EmptyNormal.uexp" 174
"../../../Engine/Plugins/Editor/SpeedTreeImporter/Content/SpeedTree9/Empty.uasset" 175
"../../../Engine/Plugins/Editor/SpeedTreeImporter/Content/SpeedTree9/Empty.uexp" 176
"../../../Engine/Plugins/Editor/SpeedTreeImporter/Content/SpeedTree9/SpeedTreeMaster.uasset" 177
"../../../Engine/Plugins/Editor/SpeedTreeImporter/Content/SpeedTree9/SpeedTreeMaster.uexp" 178
"../../../Engine/Plugins/Editor/SpeedTreeImporter/Content/SpeedTree9/SpeedTreeBillboard.uasset" 179
"../../../Engine/Plugins/Editor/SpeedTreeImporter/Content/SpeedTree9/SpeedTreeBillboard.uexp" 180
"../../../Engine/Plugins/Editor/SpeedTreeImporter/Content/SpeedTree9/SpeedTreeBillboardMaster.uasset" 181
"../../../Engine/Plugins/Editor/SpeedTreeImporter/Content/SpeedTree9/SpeedTreeBillboardMaster.uexp" 182
"../../../Engine/Plugins/Animation/ControlRig/Content/Controls/ControlRigXRayMaterial.uasset" 183
"../../../Engine/Plugins/Animation/ControlRig/Content/Controls/ControlRigXRayMaterial.uexp" 184
"../../../Engine/Plugins/Animation/ControlRig/Content/Controls/ControlRigGizmoMaterial.uasset" 185
"../../../Engine/Plugins/Animation/ControlRig/Content/Controls/ControlRigGizmoMaterial.uexp" 186
"../../../Engine/Content/EngineResources/DefaultTexture.ubulk" 187
"../../../Engine/Content/EngineResources/DefaultTexture.uasset" 188
"../../../Engine/Content/EngineResources/DefaultTexture.uexp" 189
"../../../Engine/Content/EngineMaterials/RemoveSurfaceMaterial.uasset" 190
"../../../Engine/Content/EngineMaterials/RemoveSurfaceMaterial.uexp" 191
"../../../Engine/Content/EngineMaterials/PreintegratedSkinBRDF.uasset" 192
"../../../Engine/Content/EngineMaterials/PreintegratedSkinBRDF.uexp" 193
"../../../Engine/Content/EngineMaterials/DefaultCalibrationGrayscale.uasset" 194
"../../../Engine/Content/EngineMaterials/DefaultCalibrationGrayscale.uexp" 195
"../../../Engine/Content/EngineMaterials/PPM_DefaultCalibrationGrayscale.uasset" 196
"../../../Engine/Content/EngineMaterials/PPM_DefaultCalibrationGrayscale.uexp" 197
"../../../Engine/Content/EngineMaterials/DefaultCalibrationColor.uasset" 198
"../../../Engine/Content/EngineMaterials/DefaultCalibrationColor.uexp" 199
"../../../Engine/Content/EngineMaterials/PPM_DefaultCalibrationColor.uasset" 200
"../../../Engine/Content/EngineMaterials/PPM_DefaultCalibrationColor.uexp" 201
"../../../Engine/Content/EngineMaterials/PhAT_JointLimitMaterial.uasset" 202
"../../../Engine/Content/EngineMaterials/PhAT_JointLimitMaterial.uexp" 203
"../../../Engine/Content/EngineMaterials/NaniteHiddenSectionMaterial.uasset" 204
"../../../Engine/Content/EngineMaterials/NaniteHiddenSectionMaterial.uexp" 205
"../../../Engine/Content/EngineMaterials/InvalidLightmapSettings.ubulk" 206
"../../../Engine/Content/EngineMaterials/InvalidLightmapSettings.uasset" 207
"../../../Engine/Content/EngineMaterials/InvalidLightmapSettings.uexp" 208
"../../../Engine/Content/EngineMaterials/M_InvalidLightmapSettings.uasset" 209
"../../../Engine/Content/EngineMaterials/M_InvalidLightmapSettings.uexp" 210
"../../../Engine/Content/EngineMaterials/MiniFont.uasset" 211
"../../../Engine/Content/EngineMaterials/MiniFont.uexp" 212
"../../../Engine/Content/EngineMaterials/GizmoMaterial.uasset" 213
"../../../Engine/Content/EngineMaterials/GizmoMaterial.uexp" 214
"../../../Engine/Content/EngineMaterials/BaseFlattenDiffuseMap_VT.ubulk" 215
"../../../Engine/Content/EngineMaterials/BaseFlattenDiffuseMap_VT.uasset" 216
"../../../Engine/Content/EngineMaterials/BaseFlattenDiffuseMap_VT.uexp" 217
"../../../Engine/Content/EngineMaterials/BaseFlattenEmissiveMap_VT.ubulk" 218
"../../../Engine/Content/EngineMaterials/BaseFlattenEmissiveMap_VT.uasset" 219
"../../../Engine/Content/EngineMaterials/BaseFlattenEmissiveMap_VT.uexp" 220
"../../../Engine/Content/EngineMaterials/BaseFlattenGrayscaleMap_VT.ubulk" 221
"../../../Engine/Content/EngineMaterials/BaseFlattenGrayscaleMap_VT.uasset" 222
"../../../Engine/Content/EngineMaterials/BaseFlattenGrayscaleMap_VT.uexp" 223
"../../../Engine/Content/EngineMaterials/BaseFlattenLinearColor_VT.ubulk" 224
"../../../Engine/Content/EngineMaterials/BaseFlattenLinearColor_VT.uasset" 225
"../../../Engine/Content/EngineMaterials/BaseFlattenLinearColor_VT.uexp" 226
"../../../Engine/Content/EngineMaterials/BaseFlattenNormalMap_VT.ubulk" 227
"../../../Engine/Content/EngineMaterials/BaseFlattenNormalMap_VT.uasset" 228
"../../../Engine/Content/EngineMaterials/BaseFlattenNormalMap_VT.uexp" 229
"../../../Engine/Content/EngineMaterials/Black_1x1_EXR_Texture_VT.ubulk" 230
"../../../Engine/Content/EngineMaterials/Black_1x1_EXR_Texture_VT.uasset" 231
"../../../Engine/Content/EngineMaterials/Black_1x1_EXR_Texture_VT.uexp" 232
"../../../Engine/Content/EngineMaterials/FlattenMaterial_WS_Normal_VT.uasset" 233
"../../../Engine/Content/EngineMaterials/FlattenMaterial_WS_Normal_VT.uexp" 234
"../../../Engine/Content/EngineMaterials/FlattenMaterial_VT.uasset" 235
"../../../Engine/Content/EngineMaterials/FlattenMaterial_VT.uexp" 236
"../../../Engine/Content/EngineMaterials/BaseFlattenNormalMap.uasset" 237
"../../../Engine/Content/EngineMaterials/BaseFlattenNormalMap.uexp" 238
"../../../Engine/Content/EngineMaterials/BaseFlattenDiffuseMap.uasset" 239
"../../../Engine/Content/EngineMaterials/BaseFlattenDiffuseMap.uexp" 240
"../../../Engine/Content/EngineMaterials/BaseFlattenEmissiveMap.uasset" 241
"../../../Engine/Content/EngineMaterials/BaseFlattenEmissiveMap.uexp" 242
"../../../Engine/Content/EngineMaterials/BaseFlattenGrayscaleMap.uasset" 243
"../../../Engine/Content/EngineMaterials/BaseFlattenGrayscaleMap.uexp" 244
"../../../Engine/Content/EngineMaterials/BaseFlattenLinearColor.uasset" 245
"../../../Engine/Content/EngineMaterials/BaseFlattenLinearColor.uexp" 246
"../../../Engine/Content/Functions/Engine_MaterialFunctions02/PivotPainter2/Black_1x1_EXR_Texture.uasset" 247
"../../../Engine/Content/Functions/Engine_MaterialFunctions02/PivotPainter2/Black_1x1_EXR_Texture.uexp" 248
"../../../Engine/Content/EngineMaterials/FlattenMaterial.uasset" 249
"../../../Engine/Content/EngineMaterials/FlattenMaterial.uexp" 250
"../../../Engine/Content/EngineMaterials/FastBlueNoise_vec2_128x128x64.uasset" 251
"../../../Engine/Content/EngineMaterials/FastBlueNoise_vec2_128x128x64.uexp" 252
"../../../Engine/Content/EngineMaterials/FastBlueNoise_scalar_128x128x8.uasset" 253
"../../../Engine/Content/EngineMaterials/FastBlueNoise_scalar_128x128x8.uexp" 254
"../../../Engine/Content/EngineMaterials/FastBlueNoise_scalar_128x128x64.uasset" 255
"../../../Engine/Content/EngineMaterials/FastBlueNoise_scalar_128x128x64.uexp" 256
"../../../Engine/Content/EngineMaterials/DefaultWhiteGrid_Low.uasset" 257
"../../../Engine/Content/EngineMaterials/DefaultWhiteGrid_Low.uexp" 258
"../../../Engine/Content/EngineMaterials/EmissiveMeshMaterial.uasset" 259
"../../../Engine/Content/EngineMaterials/EmissiveMeshMaterial.uexp" 260
"../../../Engine/Content/EngineMaterials/DefaultWhiteGrid.ubulk" 261
"../../../Engine/Content/EngineMaterials/DefaultWhiteGrid.uasset" 262
"../../../Engine/Content/EngineMaterials/DefaultWhiteGrid.uexp" 263
"../../../Engine/Content/EngineFonts/RobotoDistanceField.uasset" 264
"../../../Engine/Content/EngineFonts/RobotoDistanceField.uexp" 265
"../../../Engine/Content/EngineMaterials/DefaultTextMaterialOpaque.uasset" 266
"../../../Engine/Content/EngineMaterials/DefaultTextMaterialOpaque.uexp" 267
"../../../Engine/Content/EngineMaterials/DefaultPostProcessMaterial.uasset" 268
"../../../Engine/Content/EngineMaterials/DefaultPostProcessMaterial.uexp" 269
"../../../Engine/Content/EngineMaterials/DefaultLightFunctionMaterial.uasset" 270
"../../../Engine/Content/EngineMaterials/DefaultLightFunctionMaterial.uexp" 271
"../../../Engine/Content/EngineMaterials/DefaultDeferredDecalMaterial.uasset" 272
"../../../Engine/Content/EngineMaterials/DefaultDeferredDecalMaterial.uexp" 273
"../../../Engine/Content/EngineMaterials/DefaultBokeh.uasset" 274
"../../../Engine/Content/EngineMaterials/DefaultBokeh.uexp" 275
"../../../Engine/Content/EngineMaterials/DefaultBloomKernel.uasset" 276
"../../../Engine/Content/EngineMaterials/DefaultBloomKernel.uexp" 277
"../../../Engine/Content/Functions/Engine_MaterialFunctions02/Utility/CameraDirectionVector.uasset" 278
"../../../Engine/Content/Functions/Engine_MaterialFunctions02/Utility/CameraDirectionVector.uexp" 279
"../../../Engine/Content/EngineDebugMaterials/VolumeToRender.uasset" 280
"../../../Engine/Content/EngineDebugMaterials/VolumeToRender.uexp" 281
"../../../Engine/Content/EngineDebugMaterials/M_VolumeRenderSphereTracePP.uasset" 282
"../../../Engine/Content/EngineDebugMaterials/M_VolumeRenderSphereTracePP.uexp" 283
"../../../Engine/Content/EngineDebugMaterials/M_SimpleUnlitTranslucent.uasset" 284
"../../../Engine/Content/EngineDebugMaterials/M_SimpleUnlitTranslucent.uexp" 285
"../../../Engine/Content/EngineDebugMaterials/DebugMeshMaterial.uasset" 286
"../../../Engine/Content/EngineDebugMaterials/DebugMeshMaterial.uexp" 287
"../../../Engine/Content/EngineDebugMaterials/DebugEditorMaterial.uasset" 288
"../../../Engine/Content/EngineDebugMaterials/DebugEditorMaterial.uexp" 289
"../../../Engine/Content/EngineDamageTypes/DmgTypeBP_Environmental.uasset" 290
"../../../Engine/Content/EngineDamageTypes/DmgTypeBP_Environmental.uexp" 291
"../../../Engine/Plugins/VirtualProduction/CameraCalibrationCore/Content/Materials/M_DefaultOddSquare.uasset" 292
"../../../Engine/Plugins/VirtualProduction/CameraCalibrationCore/Content/Materials/M_DefaultOddSquare.uexp" 293
"../../../Engine/Plugins/VirtualProduction/CameraCalibrationCore/Content/Materials/M_DefaultEvenSquare.uasset" 294
"../../../Engine/Plugins/VirtualProduction/CameraCalibrationCore/Content/Materials/M_DefaultEvenSquare.uexp" 295
"../../../Engine/Plugins/Runtime/HairStrands/Content/Materials/HairMeshesDefaultMaterial.uasset" 296
"../../../Engine/Plugins/Runtime/HairStrands/Content/Materials/HairMeshesDefaultMaterial.uexp" 297
"../../../Engine/Plugins/Runtime/HairStrands/Content/Materials/HairDefaultMaterial.uasset" 298
"../../../Engine/Plugins/Runtime/HairStrands/Content/Materials/HairDefaultMaterial.uexp" 299
"../../../Engine/Content/Functions/Engine_MaterialFunctions02/Utility/MakeFloat2.uasset" 300
"../../../Engine/Content/Functions/Engine_MaterialFunctions02/Utility/MakeFloat2.uexp" 301
"../../../Engine/Content/Functions/Engine_MaterialFunctions02/Utility/MakeFloat3.uasset" 302
"../../../Engine/Content/Functions/Engine_MaterialFunctions02/Utility/MakeFloat3.uexp" 303
"../../../Engine/Content/EngineMaterials/HairDebugColor.uasset" 304
"../../../Engine/Content/EngineMaterials/HairDebugColor.uexp" 305
"../../../Engine/Content/EngineMaterials/HairColorMap.uasset" 306
"../../../Engine/Content/EngineMaterials/HairColorMap.uexp" 307
"../../../Engine/Plugins/Runtime/HairStrands/Content/Materials/HairGroupColors.uasset" 308
"../../../Engine/Plugins/Runtime/HairStrands/Content/Materials/HairGroupColors.uexp" 309
"../../../Engine/Plugins/Runtime/HairStrands/Content/Materials/HairDebugMaterial.uasset" 310
"../../../Engine/Plugins/Runtime/HairStrands/Content/Materials/HairDebugMaterial.uexp" 311
"../../../Engine/Plugins/Runtime/HairStrands/Content/Materials/HairCardsDefaultMaterial.uasset" 312
"../../../Engine/Plugins/Runtime/HairStrands/Content/Materials/HairCardsDefaultMaterial.uexp" 313
"../../../Engine/Plugins/Runtime/AudioWidgets/Content/Resources/ScrubHandleDown_Clamped.uasset" 314
"../../../Engine/Plugins/Runtime/AudioWidgets/Content/Resources/ScrubHandleDown_Clamped.uexp" 315
"../../../Engine/Plugins/Interchange/Assets/Content/Functions/MX_UsdPreviewSurface.uasset" 316
"../../../Engine/Plugins/Interchange/Assets/Content/Functions/MX_UsdPreviewSurface.uexp" 317
"../../../Engine/Plugins/Interchange/Assets/Content/Functions/MX_UniformEDF.uasset" 318
"../../../Engine/Plugins/Interchange/Assets/Content/Functions/MX_UniformEDF.uexp" 319
"../../../Engine/Plugins/Interchange/Assets/Content/Functions/MX_TranslucentBSDF.uasset" 320
"../../../Engine/Plugins/Interchange/Assets/Content/Functions/MX_TranslucentBSDF.uexp" 321
"../../../Engine/Plugins/Interchange/Assets/Content/Functions/MX_ThinFilmBSDF.uasset" 322
"../../../Engine/Plugins/Interchange/Assets/Content/Functions/MX_ThinFilmBSDF.uexp" 323
"../../../Engine/Plugins/Interchange/Assets/Content/Functions/MX_SurfaceUnlit.uasset" 324
"../../../Engine/Plugins/Interchange/Assets/Content/Functions/MX_SurfaceUnlit.uexp" 325
"../../../Engine/Plugins/Interchange/Assets/Content/Functions/MX_Surface.uasset" 326
"../../../Engine/Plugins/Interchange/Assets/Content/Functions/MX_Surface.uexp" 327
"../../../Engine/Plugins/Interchange/Assets/Content/Functions/MX_SubsurfaceBSDF.uasset" 328
"../../../Engine/Plugins/Interchange/Assets/Content/Functions/MX_SubsurfaceBSDF.uexp" 329
"../../../Engine/Plugins/Interchange/Assets/Content/Functions/MX_SheenBSDF.uasset" 330
"../../../Engine/Plugins/Interchange/Assets/Content/Functions/MX_SheenBSDF.uexp" 331
"../../../Engine/Plugins/Interchange/Assets/Content/Functions/MX_OrenNayarBSDF.uasset" 332
"../../../Engine/Plugins/Interchange/Assets/Content/Functions/MX_OrenNayarBSDF.uexp" 333
"../../../Engine/Plugins/Interchange/Assets/Content/Functions/MF_IridescenceNoLUT.uasset" 334
"../../../Engine/Plugins/Interchange/Assets/Content/Functions/MF_IridescenceNoLUT.uexp" 335
"../../../Engine/Plugins/Interchange/Assets/Content/Functions/MX_StandardSurface.uasset" 336
"../../../Engine/Plugins/Interchange/Assets/Content/Functions/MX_StandardSurface.uexp" 337
"../../../Engine/Plugins/Interchange/Assets/Content/Functions/MX_TransmissionSurface.uasset" 338
"../../../Engine/Plugins/Interchange/Assets/Content/Functions/MX_TransmissionSurface.uexp" 339
"../../../Engine/Plugins/Interchange/Assets/Content/Functions/MX_OpenPBR_Translucent.uasset" 340
"../../../Engine/Plugins/Interchange/Assets/Content/Functions/MX_OpenPBR_Translucent.uexp" 341
"../../../Engine/Plugins/Interchange/Assets/Content/Functions/MX_OpenPBR_Opaque.uasset" 342
"../../../Engine/Plugins/Interchange/Assets/Content/Functions/MX_OpenPBR_Opaque.uexp" 343
"../../../Engine/Plugins/Interchange/Assets/Content/Functions/MX_MeasuredEDF.uasset" 344
"../../../Engine/Plugins/Interchange/Assets/Content/Functions/MX_MeasuredEDF.uexp" 345
"../../../Engine/Plugins/Interchange/Assets/Content/Functions/MX_GeneralizedSchlickBSDF.uasset" 346
"../../../Engine/Plugins/Interchange/Assets/Content/Functions/MX_GeneralizedSchlickBSDF.uexp" 347
"../../../Engine/Content/Functions/Engine_MaterialFunctions02/Utility/BlendAngleCorrectedNormals.uasset" 348
"../../../Engine/Content/Functions/Engine_MaterialFunctions02/Utility/BlendAngleCorrectedNormals.uexp" 349
"../../../Engine/Plugins/Interchange/Assets/Content/Functions/MX_Displacement.uasset" 350
"../../../Engine/Plugins/Interchange/Assets/Content/Functions/MX_Displacement.uexp" 351
"../../../Engine/Plugins/Interchange/Assets/Content/Functions/MX_DielectricBSDF.uasset" 352
"../../../Engine/Plugins/Interchange/Assets/Content/Functions/MX_DielectricBSDF.uexp" 353
"../../../Engine/Plugins/Interchange/Assets/Content/Functions/MX_ConicalEDF.uasset" 354
"../../../Engine/Plugins/Interchange/Assets/Content/Functions/MX_ConicalEDF.uexp" 355
"../../../Engine/Plugins/Interchange/Assets/Content/Functions/MX_ConductorBSDF.uasset" 356
"../../../Engine/Plugins/Interchange/Assets/Content/Functions/MX_ConductorBSDF.uexp" 357
"../../../Engine/Plugins/Interchange/Assets/Content/Functions/MX_BurleyDiffuseBSDF.uasset" 358
"../../../Engine/Plugins/Interchange/Assets/Content/Functions/MX_BurleyDiffuseBSDF.uexp" 359
"../../../Engine/Plugins/Interchange/Assets/Content/Functions/MX_AnisotropicVDF.uasset" 360
"../../../Engine/Plugins/Interchange/Assets/Content/Functions/MX_AnisotropicVDF.uexp" 361
"../../../Engine/Plugins/Interchange/Assets/Content/Functions/MX_AbsorptionVDF.uasset" 362
"../../../Engine/Plugins/Interchange/Assets/Content/Functions/MX_AbsorptionVDF.uexp" 363
"../../../Engine/Content/EditorResources/SequenceRecorder/RecordingIndicator.uasset" 364
"../../../Engine/Content/EditorResources/SequenceRecorder/RecordingIndicator.uexp" 365
"../../../Engine/Content/EditorResources/SequenceRecorder/Countdown.uasset" 366
"../../../Engine/Content/EditorResources/SequenceRecorder/Countdown.uexp" 367
"../../../Engine/Content/EditorMaterials/ParticleSystems/PSysThumbnail_OOD.ubulk" 368
"../../../Engine/Content/EditorMaterials/ParticleSystems/PSysThumbnail_OOD.uasset" 369
"../../../Engine/Content/EditorMaterials/ParticleSystems/PSysThumbnail_OOD.uexp" 370
"../../../Engine/Content/EditorMaterials/ParticleSystems/PSysThumbnail_NoImage.ubulk" 371
"../../../Engine/Content/EditorMaterials/ParticleSystems/PSysThumbnail_NoImage.uasset" 372
"../../../Engine/Content/EditorMaterials/ParticleSystems/PSysThumbnail_NoImage.uexp" 373
"../../../Engine/Content/EditorMaterials/Dataflow/DataflowVertexMaterial.uasset" 374
"../../../Engine/Content/EditorMaterials/Dataflow/DataflowVertexMaterial.uexp" 375
"../../../Engine/Content/EditorMaterials/Dataflow/DataflowTwoSidedVertexMaterial.uasset" 376
"../../../Engine/Content/EditorMaterials/Dataflow/DataflowTwoSidedVertexMaterial.uexp" 377
"../../../Engine/Content/EngineResources/FilmGrains/Marcie_Grain_v3_128_M2_000.uasset" 378
"../../../Engine/Content/EngineResources/FilmGrains/Marcie_Grain_v3_128_M2_000.uexp" 379
"../../../Engine/Content/EngineResources/Development/ZenLogo_64.uasset" 380
"../../../Engine/Content/EngineResources/Development/ZenLogo_64.uexp" 381
"../../../Engine/Content/EngineMaterials/LTC/Sheen_LTC.uasset" 382
"../../../Engine/Content/EngineMaterials/LTC/Sheen_LTC.uexp" 383
"../../../Engine/Content/EngineMaterials/LTC/GGX_LTCMat.uasset" 384
"../../../Engine/Content/EngineMaterials/LTC/GGX_LTCMat.uexp" 385
"../../../Engine/Content/EngineMaterials/LTC/GGX_LTCAmp.uasset" 386
"../../../Engine/Content/EngineMaterials/LTC/GGX_LTCAmp.uexp" 387
"../../../Engine/Content/EngineMaterials/EnergyConservation/Sheen_Energy.uasset" 388
"../../../Engine/Content/EngineMaterials/EnergyConservation/Sheen_Energy.uexp" 389
"../../../Engine/Content/EngineMaterials/EnergyConservation/SheenLegacy_Energy.uasset" 390
"../../../Engine/Content/EngineMaterials/EnergyConservation/SheenLegacy_Energy.uexp" 391
"../../../Engine/Content/EngineMaterials/EnergyConservation/GGX_TransmissionEnergyArray.uasset" 392
"../../../Engine/Content/EngineMaterials/EnergyConservation/GGX_TransmissionEnergyArray.uexp" 393
"../../../Engine/Content/EngineMaterials/EnergyConservation/GGX_ReflectionEnergy.uasset" 394
"../../../Engine/Content/EngineMaterials/EnergyConservation/GGX_ReflectionEnergy.uexp" 395
"../../../Engine/Content/EngineMaterials/EnergyConservation/Diffuse_Energy.uasset" 396
"../../../Engine/Content/EngineMaterials/EnergyConservation/Diffuse_Energy.uexp" 397
"C:/Users/xingh/Desktop/VR/KurumaIsu/Content/Sound/SFX/MonsterSound.ubulk" 398
"C:/Users/xingh/Desktop/VR/KurumaIsu/Content/Sound/SFX/MonsterSound.uasset" 399
"C:/Users/xingh/Desktop/VR/KurumaIsu/Content/Sound/SFX/MonsterSound.uexp" 400
"C:/Users/xingh/Desktop/VR/KurumaIsu/Content/Sound/SFX/MonsterFirst.ubulk" 401
"C:/Users/xingh/Desktop/VR/KurumaIsu/Content/Sound/SFX/MonsterFirst.uasset" 402
"C:/Users/xingh/Desktop/VR/KurumaIsu/Content/Sound/SFX/MonsterFirst.uexp" 403
"C:/Users/xingh/Desktop/VR/KurumaIsu/Content/Sound/SFX/ElevatorEngine.ubulk" 404
"C:/Users/xingh/Desktop/VR/KurumaIsu/Content/Sound/SFX/ElevatorEngine.uasset" 405
"C:/Users/xingh/Desktop/VR/KurumaIsu/Content/Sound/SFX/ElevatorEngine.uexp" 406
"C:/Users/xingh/Desktop/VR/KurumaIsu/Content/Sound/SFX/ElevatorDoor.ubulk" 407
"C:/Users/xingh/Desktop/VR/KurumaIsu/Content/Sound/SFX/ElevatorDoor.uasset" 408
"C:/Users/xingh/Desktop/VR/KurumaIsu/Content/Sound/SFX/ElevatorDoor.uexp" 409
"C:/Users/xingh/Desktop/VR/KurumaIsu/Content/Sound/SFX/ElevatorButton.ubulk" 410
"C:/Users/xingh/Desktop/VR/KurumaIsu/Content/Sound/SFX/ElevatorButton.uasset" 411
"C:/Users/xingh/Desktop/VR/KurumaIsu/Content/Sound/SFX/ElevatorButton.uexp" 412
"C:/Users/xingh/Desktop/VR/KurumaIsu/Content/Sound/SFX/DoorOpen.ubulk" 413
"C:/Users/xingh/Desktop/VR/KurumaIsu/Content/Sound/SFX/DoorOpen.uasset" 414
"C:/Users/xingh/Desktop/VR/KurumaIsu/Content/Sound/SFX/DoorOpen.uexp" 415
"C:/Users/xingh/Desktop/VR/KurumaIsu/Content/Ryuji/Image/kurumaisu.uasset" 416
"C:/Users/xingh/Desktop/VR/KurumaIsu/Content/Ryuji/Image/kurumaisu.uexp" 417
"C:/Users/xingh/Desktop/VR/KurumaIsu/Content/Ryuji/Material/M_AnimatedImage_CPP.uasset" 418
"C:/Users/xingh/Desktop/VR/KurumaIsu/Content/Ryuji/Material/M_AnimatedImage_CPP.uexp" 419
"C:/Users/xingh/Desktop/VR/KurumaIsu/Content/Characters/Nuigurumi/PP_NuiInnerGlowScreenV2.uasset" 420
"C:/Users/xingh/Desktop/VR/KurumaIsu/Content/Characters/Nuigurumi/PP_NuiInnerGlowScreenV2.uexp" 421
"../../../Engine/Content/Functions/Engine_MaterialFunctions01/Shading/PowerToRoughness.uasset" 422
"../../../Engine/Content/Functions/Engine_MaterialFunctions01/Shading/PowerToRoughness.uexp" 423
"../../../Engine/Content/Functions/Engine_MaterialFunctions01/Shading/ConvertFromDiffSpec.uasset" 424
"../../../Engine/Content/Functions/Engine_MaterialFunctions01/Shading/ConvertFromDiffSpec.uexp" 425
"../../../Engine/Content/EngineMeshes/Sphere.ubulk" 426
"../../../Engine/Content/EngineMeshes/Sphere.uasset" 427
"../../../Engine/Content/EngineMeshes/Sphere.uexp" 428
"../../../Engine/Content/EngineResources/DefaultTextureCube.uasset" 429
"../../../Engine/Content/EngineResources/DefaultTextureCube.uexp" 430
"../../../Engine/Plugins/2D/Paper2D/Content/DefaultSpriteMaterial.uasset" 431
"../../../Engine/Plugins/2D/Paper2D/Content/DefaultSpriteMaterial.uexp" 432
"../../../Engine/Plugins/2D/Paper2D/Content/OpaqueUnlitSpriteMaterial.uasset" 433
"../../../Engine/Plugins/2D/Paper2D/Content/OpaqueUnlitSpriteMaterial.uexp" 434
"../../../Engine/Plugins/2D/Paper2D/Content/MaskedUnlitSpriteMaterial.uasset" 435
"../../../Engine/Plugins/2D/Paper2D/Content/MaskedUnlitSpriteMaterial.uexp" 436
"../../../Engine/Plugins/NNE/NNEDenoiser/Content/NNE_oidn2-3-0_rt_hdr_calb_cnrm_large__dyn__fp16_opset11_ForwardAlpha.uasset" 437
"../../../Engine/Plugins/NNE/NNEDenoiser/Content/NNE_oidn2-3-0_rt_hdr_calb_cnrm_large__dyn__fp16_opset11_ForwardAlpha.uexp" 438
"../../../Engine/Plugins/NNE/NNEDenoiser/Content/NNE_oidn2-3-0_rt_hdr_calb_cnrm_large__dyn__fp16_opset11_DenoiseAlpha.uasset" 439
"../../../Engine/Plugins/NNE/NNEDenoiser/Content/NNE_oidn2-3-0_rt_hdr_calb_cnrm_large__dyn__fp16_opset11_DenoiseAlpha.uexp" 440
"../../../Engine/Plugins/NNE/NNEDenoiser/Content/NNE_oidn2-3-0_rt_hdr_alb_nrm__dyn__fp16_opset11_ForwardAlpha.uasset" 441
"../../../Engine/Plugins/NNE/NNEDenoiser/Content/NNE_oidn2-3-0_rt_hdr_alb_nrm__dyn__fp16_opset11_ForwardAlpha.uexp" 442
"../../../Engine/Plugins/NNE/NNEDenoiser/Content/NNE_oidn2-3-0_rt_hdr_alb_nrm__dyn__fp16_opset11_DenoiseAlpha.uasset" 443
"../../../Engine/Plugins/NNE/NNEDenoiser/Content/NNE_oidn2-3-0_rt_hdr_alb_nrm__dyn__fp16_opset11_DenoiseAlpha.uexp" 444
"../../../Engine/Plugins/NNE/NNEDenoiser/Content/NNE_oidn2-3-0_rt_hdr_alb_nrm_small__dyn__fp16_opset11_ForwardAlpha.uasset" 445
"../../../Engine/Plugins/NNE/NNEDenoiser/Content/NNE_oidn2-3-0_rt_hdr_alb_nrm_small__dyn__fp16_opset11_ForwardAlpha.uexp" 446
"../../../Engine/Plugins/NNE/NNEDenoiser/Content/NNE_oidn2-3-0_rt_hdr_alb_nrm_small__dyn__fp16_opset11_DenoiseAlpha.uasset" 447
"../../../Engine/Plugins/NNE/NNEDenoiser/Content/NNE_oidn2-3-0_rt_hdr_alb_nrm_small__dyn__fp16_opset11_DenoiseAlpha.uexp" 448
"../../../Engine/Content/Functions/Engine_MaterialFunctions01/Opacity/CameraDepthFade.uasset" 449
"../../../Engine/Content/Functions/Engine_MaterialFunctions01/Opacity/CameraDepthFade.uexp" 450
"../../../Engine/Content/EngineMaterials/T_Default_Material_Grid_M.ubulk" 451
"../../../Engine/Content/EngineMaterials/T_Default_Material_Grid_M.uasset" 452
"../../../Engine/Content/EngineMaterials/T_Default_Material_Grid_M.uexp" 453
"../../../Engine/Content/EngineMaterials/T_Default_Material_Grid_N.ubulk" 454
"../../../Engine/Content/EngineMaterials/T_Default_Material_Grid_N.uasset" 455
"../../../Engine/Content/EngineMaterials/T_Default_Material_Grid_N.uexp" 456
"../../../Engine/Content/EngineMaterials/WorldGridMaterial.uasset" 457
"../../../Engine/Content/EngineMaterials/WorldGridMaterial.uexp" 458
"../../../Engine/Plugins/Media/MediaPlate/Content/SM_MediaPlateScreen.ubulk" 459
"../../../Engine/Plugins/Media/MediaPlate/Content/SM_MediaPlateScreen.uasset" 460
"../../../Engine/Plugins/Media/MediaPlate/Content/SM_MediaPlateScreen.uexp" 461
"../../../Engine/Content/EngineMaterials/DefaultMaterial.uasset" 462
"../../../Engine/Content/EngineMaterials/DefaultMaterial.uexp" 463
"../../../Engine/Content/BasicShapes/Cone.ubulk" 464
"../../../Engine/Content/BasicShapes/Cone.uasset" 465
"../../../Engine/Content/BasicShapes/Cone.uexp" 466
"../../../Engine/Content/EditorLandscapeResources/SplineEditorMeshMat.uasset" 467
"../../../Engine/Content/EditorLandscapeResources/SplineEditorMeshMat.uexp" 468
"../../../Engine/Content/EditorLandscapeResources/SplineEditorMesh.ubulk" 469
"../../../Engine/Content/EditorLandscapeResources/SplineEditorMesh.uasset" 470
"../../../Engine/Content/EditorLandscapeResources/SplineEditorMesh.uexp" 471
"../../../Engine/Content/Functions/Engine_MaterialFunctions03/Math/WithinRangeFloat2.uasset" 472
"../../../Engine/Content/Functions/Engine_MaterialFunctions03/Math/WithinRangeFloat2.uexp" 473
"../../../Engine/Content/EditorLandscapeResources/SelectBrushMaterial.uasset" 474
"../../../Engine/Content/EditorLandscapeResources/SelectBrushMaterial.uexp" 475
"../../../Engine/Content/EditorLandscapeResources/SelectBrushMaterial_SelectedRegion.uasset" 476
"../../../Engine/Content/EditorLandscapeResources/SelectBrushMaterial_SelectedRegion.uexp" 477
"../../../Engine/Content/EditorLandscapeResources/SelectBrushMaterial_Selected.uasset" 478
"../../../Engine/Content/EditorLandscapeResources/SelectBrushMaterial_Selected.uexp" 479
"../../../Engine/Content/EditorLandscapeResources/MaskBrushMaterial.uasset" 480
"../../../Engine/Content/EditorLandscapeResources/MaskBrushMaterial.uexp" 481
"../../../Engine/Content/EditorLandscapeResources/MaskBrushMaterial_MaskedRegion.uasset" 482
"../../../Engine/Content/EditorLandscapeResources/MaskBrushMaterial_MaskedRegion.uexp" 483
"../../../Engine/Content/EditorLandscapeResources/ColorMaskBrushMaterial.uasset" 484
"../../../Engine/Content/EditorLandscapeResources/ColorMaskBrushMaterial.uexp" 485
"../../../Engine/Content/EditorLandscapeResources/ColorMaskBrushMaterial_MaskedRegion.uasset" 486
"../../../Engine/Content/EditorLandscapeResources/ColorMaskBrushMaterial_MaskedRegion.uexp" 487
"../../../Engine/Plugins/Animation/ControlRig/Content/Controls/ControlRig_Wedge_solid.ubulk" 488
"../../../Engine/Plugins/Animation/ControlRig/Content/Controls/ControlRig_Wedge_solid.uasset" 489
"../../../Engine/Plugins/Animation/ControlRig/Content/Controls/ControlRig_Wedge_solid.uexp" 490
"../../../Engine/Plugins/Animation/ControlRig/Content/Controls/ControlRig_Wedge_3mm.ubulk" 491
"../../../Engine/Plugins/Animation/ControlRig/Content/Controls/ControlRig_Wedge_3mm.uasset" 492
"../../../Engine/Plugins/Animation/ControlRig/Content/Controls/ControlRig_Wedge_3mm.uexp" 493
"../../../Engine/Plugins/Animation/ControlRig/Content/Controls/ControlRig_Wedge_1mm.ubulk" 494
"../../../Engine/Plugins/Animation/ControlRig/Content/Controls/ControlRig_Wedge_1mm.uasset" 495
"../../../Engine/Plugins/Animation/ControlRig/Content/Controls/ControlRig_Wedge_1mm.uexp" 496
"../../../Engine/Plugins/Animation/ControlRig/Content/Controls/ControlRig_Triangle_solid.ubulk" 497
"../../../Engine/Plugins/Animation/ControlRig/Content/Controls/ControlRig_Triangle_solid.uasset" 498
"../../../Engine/Plugins/Animation/ControlRig/Content/Controls/ControlRig_Triangle_solid.uexp" 499
"../../../Engine/Plugins/Animation/ControlRig/Content/Controls/ControlRig_Triangle_3mm.ubulk" 500
"../../../Engine/Plugins/Animation/ControlRig/Content/Controls/ControlRig_Triangle_3mm.uasset" 501
"../../../Engine/Plugins/Animation/ControlRig/Content/Controls/ControlRig_Triangle_3mm.uexp" 502
"../../../Engine/Plugins/Animation/ControlRig/Content/Controls/ControlRig_Triangle_1mm.ubulk" 503
"../../../Engine/Plugins/Animation/ControlRig/Content/Controls/ControlRig_Triangle_1mm.uasset" 504
"../../../Engine/Plugins/Animation/ControlRig/Content/Controls/ControlRig_Triangle_1mm.uexp" 505
"../../../Engine/Plugins/Animation/ControlRig/Content/Controls/ControlRig_Star4_solid.ubulk" 506
"../../../Engine/Plugins/Animation/ControlRig/Content/Controls/ControlRig_Star4_solid.uasset" 507
"../../../Engine/Plugins/Animation/ControlRig/Content/Controls/ControlRig_Star4_solid.uexp" 508
"../../../Engine/Plugins/Animation/ControlRig/Content/Controls/ControlRig_Star4_3mm.ubulk" 509
"../../../Engine/Plugins/Animation/ControlRig/Content/Controls/ControlRig_Star4_3mm.uasset" 510
"../../../Engine/Plugins/Animation/ControlRig/Content/Controls/ControlRig_Star4_3mm.uexp" 511
"../../../Engine/Plugins/Animation/ControlRig/Content/Controls/ControlRig_Star4_1mm.ubulk" 512
"../../../Engine/Plugins/Animation/ControlRig/Content/Controls/ControlRig_Star4_1mm.uasset" 513
"../../../Engine/Plugins/Animation/ControlRig/Content/Controls/ControlRig_Star4_1mm.uexp" 514
"../../../Engine/Plugins/Animation/ControlRig/Content/Controls/ControlRig_Square_solid.ubulk" 515
"../../../Engine/Plugins/Animation/ControlRig/Content/Controls/ControlRig_Square_solid.uasset" 516
"../../../Engine/Plugins/Animation/ControlRig/Content/Controls/ControlRig_Square_solid.uexp" 517
"../../../Engine/Plugins/Animation/ControlRig/Content/Controls/ControlRig_Square_3mm.ubulk" 518
"../../../Engine/Plugins/Animation/ControlRig/Content/Controls/ControlRig_Square_3mm.uasset" 519
"../../../Engine/Plugins/Animation/ControlRig/Content/Controls/ControlRig_Square_3mm.uexp" 520
"../../../Engine/Plugins/Animation/ControlRig/Content/Controls/ControlRig_Square_1mm.ubulk" 521
"../../../Engine/Plugins/Animation/ControlRig/Content/Controls/ControlRig_Square_1mm.uasset" 522
"../../../Engine/Plugins/Animation/ControlRig/Content/Controls/ControlRig_Square_1mm.uexp" 523
"../../../Engine/Plugins/Animation/ControlRig/Content/Controls/ControlRig_Sphere_solid.ubulk" 524
"../../../Engine/Plugins/Animation/ControlRig/Content/Controls/ControlRig_Sphere_solid.uasset" 525
"../../../Engine/Plugins/Animation/ControlRig/Content/Controls/ControlRig_Sphere_solid.uexp" 526
"../../../Engine/Plugins/Animation/ControlRig/Content/Controls/ControlRig_Sphere_3mm.ubulk" 527
"../../../Engine/Plugins/Animation/ControlRig/Content/Controls/ControlRig_Sphere_3mm.uasset" 528
"../../../Engine/Plugins/Animation/ControlRig/Content/Controls/ControlRig_Sphere_3mm.uexp" 529
"../../../Engine/Plugins/Animation/ControlRig/Content/Controls/ControlRig_Sphere_1mm.ubulk" 530
"../../../Engine/Plugins/Animation/ControlRig/Content/Controls/ControlRig_Sphere_1mm.uasset" 531
"../../../Engine/Plugins/Animation/ControlRig/Content/Controls/ControlRig_Sphere_1mm.uexp" 532
"../../../Engine/Plugins/Animation/ControlRig/Content/Controls/ControlRig_RoundedTriangle_solid.ubulk" 533
"../../../Engine/Plugins/Animation/ControlRig/Content/Controls/ControlRig_RoundedTriangle_solid.uasset" 534
"../../../Engine/Plugins/Animation/ControlRig/Content/Controls/ControlRig_RoundedTriangle_solid.uexp" 535
"../../../Engine/Plugins/Animation/ControlRig/Content/Controls/ControlRig_RoundedTriangle_3mm.ubulk" 536
"../../../Engine/Plugins/Animation/ControlRig/Content/Controls/ControlRig_RoundedTriangle_3mm.uasset" 537
"../../../Engine/Plugins/Animation/ControlRig/Content/Controls/ControlRig_RoundedTriangle_3mm.uexp" 538
"../../../Engine/Plugins/Animation/ControlRig/Content/Controls/ControlRig_RoundedTriangle_1mm.ubulk" 539
"../../../Engine/Plugins/Animation/ControlRig/Content/Controls/ControlRig_RoundedTriangle_1mm.uasset" 540
"../../../Engine/Plugins/Animation/ControlRig/Content/Controls/ControlRig_RoundedTriangle_1mm.uexp" 541
"../../../Engine/Plugins/Animation/ControlRig/Content/Controls/ControlRig_RoundedSquare_solid.ubulk" 542
"../../../Engine/Plugins/Animation/ControlRig/Content/Controls/ControlRig_RoundedSquare_solid.uasset" 543
"../../../Engine/Plugins/Animation/ControlRig/Content/Controls/ControlRig_RoundedSquare_solid.uexp" 544
"../../../Engine/Plugins/Animation/ControlRig/Content/Controls/ControlRig_RoundedSquare_3mm.ubulk" 545
"../../../Engine/Plugins/Animation/ControlRig/Content/Controls/ControlRig_RoundedSquare_3mm.uasset" 546
"../../../Engine/Plugins/Animation/ControlRig/Content/Controls/ControlRig_RoundedSquare_3mm.uexp" 547
"../../../Engine/Plugins/Animation/ControlRig/Content/Controls/ControlRig_RoundedSquare_1mm.ubulk" 548
"../../../Engine/Plugins/Animation/ControlRig/Content/Controls/ControlRig_RoundedSquare_1mm.uasset" 549
"../../../Engine/Plugins/Animation/ControlRig/Content/Controls/ControlRig_RoundedSquare_1mm.uexp" 550
"../../../Engine/Plugins/Animation/ControlRig/Content/Controls/ControlRig_QuarterCircle_solid.ubulk" 551
"../../../Engine/Plugins/Animation/ControlRig/Content/Controls/ControlRig_QuarterCircle_solid.uasset" 552
"../../../Engine/Plugins/Animation/ControlRig/Content/Controls/ControlRig_QuarterCircle_solid.uexp" 553
"../../../Engine/Plugins/Animation/ControlRig/Content/Controls/ControlRig_QuarterCircle_3mm.ubulk" 554
"../../../Engine/Plugins/Animation/ControlRig/Content/Controls/ControlRig_QuarterCircle_3mm.uasset" 555
"../../../Engine/Plugins/Animation/ControlRig/Content/Controls/ControlRig_QuarterCircle_3mm.uexp" 556
"../../../Engine/Plugins/Animation/ControlRig/Content/Controls/ControlRig_QuarterCircle_1mm.ubulk" 557
"../../../Engine/Plugins/Animation/ControlRig/Content/Controls/ControlRig_QuarterCircle_1mm.uasset" 558
"../../../Engine/Plugins/Animation/ControlRig/Content/Controls/ControlRig_QuarterCircle_1mm.uexp" 559
"../../../Engine/Plugins/Animation/ControlRig/Content/Controls/ControlRig_Pyramid_solid.ubulk" 560
"../../../Engine/Plugins/Animation/ControlRig/Content/Controls/ControlRig_Pyramid_solid.uasset" 561
"../../../Engine/Plugins/Animation/ControlRig/Content/Controls/ControlRig_Pyramid_solid.uexp" 562
"../../../Engine/Plugins/Animation/ControlRig/Content/Controls/ControlRig_Pyramid_3mm.ubulk" 563
"../../../Engine/Plugins/Animation/ControlRig/Content/Controls/ControlRig_Pyramid_3mm.uasset" 564
"../../../Engine/Plugins/Animation/ControlRig/Content/Controls/ControlRig_Pyramid_3mm.uexp" 565
"../../../Engine/Plugins/Animation/ControlRig/Content/Controls/ControlRig_Pyramid_1mm.ubulk" 566
"../../../Engine/Plugins/Animation/ControlRig/Content/Controls/ControlRig_Pyramid_1mm.uasset" 567
"../../../Engine/Plugins/Animation/ControlRig/Content/Controls/ControlRig_Pyramid_1mm.uexp" 568
"../../../Engine/Plugins/Animation/ControlRig/Content/Controls/ControlRig_Octagon_solid.ubulk" 569
"../../../Engine/Plugins/Animation/ControlRig/Content/Controls/ControlRig_Octagon_solid.uasset" 570
"../../../Engine/Plugins/Animation/ControlRig/Content/Controls/ControlRig_Octagon_solid.uexp" 571
"../../../Engine/Plugins/Animation/ControlRig/Content/Controls/ControlRig_Octagon_3mm.ubulk" 572
"../../../Engine/Plugins/Animation/ControlRig/Content/Controls/ControlRig_Octagon_3mm.uasset" 573
"../../../Engine/Plugins/Animation/ControlRig/Content/Controls/ControlRig_Octagon_3mm.uexp" 574
"../../../Engine/Plugins/Animation/ControlRig/Content/Controls/ControlRig_Octagon_1mm.ubulk" 575
"../../../Engine/Plugins/Animation/ControlRig/Content/Controls/ControlRig_Octagon_1mm.uasset" 576
"../../../Engine/Plugins/Animation/ControlRig/Content/Controls/ControlRig_Octagon_1mm.uexp" 577
"../../../Engine/Plugins/Animation/ControlRig/Content/Controls/ControlRig_Hexagon_solid.ubulk" 578
"../../../Engine/Plugins/Animation/ControlRig/Content/Controls/ControlRig_Hexagon_solid.uasset" 579
"../../../Engine/Plugins/Animation/ControlRig/Content/Controls/ControlRig_Hexagon_solid.uexp" 580
"../../../Engine/Plugins/Animation/ControlRig/Content/Controls/ControlRig_Hexagon_3mm.ubulk" 581
"../../../Engine/Plugins/Animation/ControlRig/Content/Controls/ControlRig_Hexagon_3mm.uasset" 582
"../../../Engine/Plugins/Animation/ControlRig/Content/Controls/ControlRig_Hexagon_3mm.uexp" 583
"../../../Engine/Plugins/Animation/ControlRig/Content/Controls/ControlRig_Hexagon_1mm.ubulk" 584
"../../../Engine/Plugins/Animation/ControlRig/Content/Controls/ControlRig_Hexagon_1mm.uasset" 585
"../../../Engine/Plugins/Animation/ControlRig/Content/Controls/ControlRig_Hexagon_1mm.uexp" 586
"../../../Engine/Plugins/Animation/ControlRig/Content/Controls/ControlRig_HalfCircle_solid.ubulk" 587
"../../../Engine/Plugins/Animation/ControlRig/Content/Controls/ControlRig_HalfCircle_solid.uasset" 588
"../../../Engine/Plugins/Animation/ControlRig/Content/Controls/ControlRig_HalfCircle_solid.uexp" 589
"../../../Engine/Plugins/Animation/ControlRig/Content/Controls/ControlRig_HalfCircle_3mm.ubulk" 590
"../../../Engine/Plugins/Animation/ControlRig/Content/Controls/ControlRig_HalfCircle_3mm.uasset" 591
"../../../Engine/Plugins/Animation/ControlRig/Content/Controls/ControlRig_HalfCircle_3mm.uexp" 592
"../../../Engine/Plugins/Animation/ControlRig/Content/Controls/ControlRig_HalfCircle_1mm.ubulk" 593
"../../../Engine/Plugins/Animation/ControlRig/Content/Controls/ControlRig_HalfCircle_1mm.uasset" 594
"../../../Engine/Plugins/Animation/ControlRig/Content/Controls/ControlRig_HalfCircle_1mm.uexp" 595
"../../../Engine/Plugins/Animation/ControlRig/Content/Controls/ControlRig_Diamond_solid.ubulk" 596
"../../../Engine/Plugins/Animation/ControlRig/Content/Controls/ControlRig_Diamond_solid.uasset" 597
"../../../Engine/Plugins/Animation/ControlRig/Content/Controls/ControlRig_Diamond_solid.uexp" 598
"../../../Engine/Plugins/Animation/ControlRig/Content/Controls/ControlRig_Diamond_3mm.ubulk" 599
"../../../Engine/Plugins/Animation/ControlRig/Content/Controls/ControlRig_Diamond_3mm.uasset" 600
"../../../Engine/Plugins/Animation/ControlRig/Content/Controls/ControlRig_Diamond_3mm.uexp" 601
"../../../Engine/Plugins/Animation/ControlRig/Content/Controls/ControlRig_Diamond_1mm.ubulk" 602
"../../../Engine/Plugins/Animation/ControlRig/Content/Controls/ControlRig_Diamond_1mm.uasset" 603
"../../../Engine/Plugins/Animation/ControlRig/Content/Controls/ControlRig_Diamond_1mm.uexp" 604
"../../../Engine/Plugins/Animation/ControlRig/Content/Controls/ControlRig_Circle_solid.ubulk" 605
"../../../Engine/Plugins/Animation/ControlRig/Content/Controls/ControlRig_Circle_solid.uasset" 606
"../../../Engine/Plugins/Animation/ControlRig/Content/Controls/ControlRig_Circle_solid.uexp" 607
"../../../Engine/Plugins/Animation/ControlRig/Content/Controls/ControlRig_Circle_3mm.ubulk" 608
"../../../Engine/Plugins/Animation/ControlRig/Content/Controls/ControlRig_Circle_3mm.uasset" 609
"../../../Engine/Plugins/Animation/ControlRig/Content/Controls/ControlRig_Circle_3mm.uexp" 610
"../../../Engine/Plugins/Animation/ControlRig/Content/Controls/ControlRig_Circle_1mm.ubulk" 611
"../../../Engine/Plugins/Animation/ControlRig/Content/Controls/ControlRig_Circle_1mm.uasset" 612
"../../../Engine/Plugins/Animation/ControlRig/Content/Controls/ControlRig_Circle_1mm.uexp" 613
"../../../Engine/Plugins/Animation/ControlRig/Content/Controls/ControlRig_Box_solid.ubulk" 614
"../../../Engine/Plugins/Animation/ControlRig/Content/Controls/ControlRig_Box_solid.uasset" 615
"../../../Engine/Plugins/Animation/ControlRig/Content/Controls/ControlRig_Box_solid.uexp" 616
"../../../Engine/Plugins/Animation/ControlRig/Content/Controls/ControlRig_Box_3mm.ubulk" 617
"../../../Engine/Plugins/Animation/ControlRig/Content/Controls/ControlRig_Box_3mm.uasset" 618
"../../../Engine/Plugins/Animation/ControlRig/Content/Controls/ControlRig_Box_3mm.uexp" 619
"../../../Engine/Plugins/Animation/ControlRig/Content/Controls/ControlRig_Box_1mm.ubulk" 620
"../../../Engine/Plugins/Animation/ControlRig/Content/Controls/ControlRig_Box_1mm.uasset" 621
"../../../Engine/Plugins/Animation/ControlRig/Content/Controls/ControlRig_Box_1mm.uexp" 622
"../../../Engine/Plugins/Animation/ControlRig/Content/Controls/ControlRig_Arrow_solid.ubulk" 623
"../../../Engine/Plugins/Animation/ControlRig/Content/Controls/ControlRig_Arrow_solid.uasset" 624
"../../../Engine/Plugins/Animation/ControlRig/Content/Controls/ControlRig_Arrow_solid.uexp" 625
"../../../Engine/Plugins/Animation/ControlRig/Content/Controls/ControlRig_Arrow_3mm.ubulk" 626
"../../../Engine/Plugins/Animation/ControlRig/Content/Controls/ControlRig_Arrow_3mm.uasset" 627
"../../../Engine/Plugins/Animation/ControlRig/Content/Controls/ControlRig_Arrow_3mm.uexp" 628
"../../../Engine/Plugins/Animation/ControlRig/Content/Controls/ControlRig_Arrow_1mm.ubulk" 629
"../../../Engine/Plugins/Animation/ControlRig/Content/Controls/ControlRig_Arrow_1mm.uasset" 630
"../../../Engine/Plugins/Animation/ControlRig/Content/Controls/ControlRig_Arrow_1mm.uexp" 631
"../../../Engine/Plugins/Animation/ControlRig/Content/Controls/ControlRig_Arrow4_solid.ubulk" 632
"../../../Engine/Plugins/Animation/ControlRig/Content/Controls/ControlRig_Arrow4_solid.uasset" 633
"../../../Engine/Plugins/Animation/ControlRig/Content/Controls/ControlRig_Arrow4_solid.uexp" 634
"../../../Engine/Plugins/Animation/ControlRig/Content/Controls/ControlRig_Arrow4_3mm.ubulk" 635
"../../../Engine/Plugins/Animation/ControlRig/Content/Controls/ControlRig_Arrow4_3mm.uasset" 636
"../../../Engine/Plugins/Animation/ControlRig/Content/Controls/ControlRig_Arrow4_3mm.uexp" 637
"../../../Engine/Plugins/Animation/ControlRig/Content/Controls/ControlRig_Arrow4_1mm.ubulk" 638
"../../../Engine/Plugins/Animation/ControlRig/Content/Controls/ControlRig_Arrow4_1mm.uasset" 639
"../../../Engine/Plugins/Animation/ControlRig/Content/Controls/ControlRig_Arrow4_1mm.uexp" 640
"../../../Engine/Plugins/Animation/ControlRig/Content/Controls/ControlRig_Arrow2_solid.ubulk" 641
"../../../Engine/Plugins/Animation/ControlRig/Content/Controls/ControlRig_Arrow2_solid.uasset" 642
"../../../Engine/Plugins/Animation/ControlRig/Content/Controls/ControlRig_Arrow2_solid.uexp" 643
"../../../Engine/Plugins/Animation/ControlRig/Content/Controls/ControlRig_Arrow2_3mm.ubulk" 644
"../../../Engine/Plugins/Animation/ControlRig/Content/Controls/ControlRig_Arrow2_3mm.uasset" 645
"../../../Engine/Plugins/Animation/ControlRig/Content/Controls/ControlRig_Arrow2_3mm.uexp" 646
"../../../Engine/Plugins/Animation/ControlRig/Content/Controls/ControlRig_Arrow2_1mm.ubulk" 647
"../../../Engine/Plugins/Animation/ControlRig/Content/Controls/ControlRig_Arrow2_1mm.uasset" 648
"../../../Engine/Plugins/Animation/ControlRig/Content/Controls/ControlRig_Arrow2_1mm.uexp" 649
"../../../Engine/Content/EngineResources/WhiteSquareTexture.uasset" 650
"../../../Engine/Content/EngineResources/WhiteSquareTexture.uexp" 651
"../../../Engine/Content/EngineMaterials/Widget3DPassThrough.uasset" 652
"../../../Engine/Content/EngineMaterials/Widget3DPassThrough.uexp" 653
"../../../Engine/Content/EngineMaterials/Widget3DPassThrough_Translucent.uasset" 654
"../../../Engine/Content/EngineMaterials/Widget3DPassThrough_Translucent.uexp" 655
"../../../Engine/Content/EngineMaterials/Widget3DPassThrough_Translucent_OneSided.uasset" 656
"../../../Engine/Content/EngineMaterials/Widget3DPassThrough_Translucent_OneSided.uexp" 657
"../../../Engine/Content/EngineMaterials/Widget3DPassThrough_Opaque.uasset" 658
"../../../Engine/Content/EngineMaterials/Widget3DPassThrough_Opaque.uexp" 659
"../../../Engine/Content/EngineMaterials/Widget3DPassThrough_Opaque_OneSided.uasset" 660
"../../../Engine/Content/EngineMaterials/Widget3DPassThrough_Opaque_OneSided.uexp" 661
"../../../Engine/Content/EngineMaterials/Widget3DPassThrough_Masked_OneSided.uasset" 662
"../../../Engine/Content/EngineMaterials/Widget3DPassThrough_Masked_OneSided.uexp" 663
"../../../Engine/Content/EngineMaterials/Widget3DPassThrough_Masked.uasset" 664
"../../../Engine/Content/EngineMaterials/Widget3DPassThrough_Masked.uexp" 665
"../../../Engine/Content/EngineMaterials/WeightMapPlaceholderTexture.uasset" 666
"../../../Engine/Content/EngineMaterials/WeightMapPlaceholderTexture.uexp" 667
"../../../Engine/Content/EngineMaterials/WeightMapArrayPlaceholderTexture.uasset" 668
"../../../Engine/Content/EngineMaterials/WeightMapArrayPlaceholderTexture.uexp" 669
"../../../Engine/Content/EditorMaterials/Camera/CineMat.uasset" 670
"../../../Engine/Content/EditorMaterials/Camera/CineMat.uexp" 671
"../../../Engine/Content/EditorMaterials/Camera/MI_CineMat_Rig.uasset" 672
"../../../Engine/Content/EditorMaterials/Camera/MI_CineMat_Rig.uexp" 673
"../../../Engine/Content/EditorMeshes/Camera/SM_RailRig_Track.ubulk" 674
"../../../Engine/Content/EditorMeshes/Camera/SM_RailRig_Track.uasset" 675
"../../../Engine/Content/EditorMeshes/Camera/SM_RailRig_Track.uexp" 676
"../../../Engine/Content/EditorMeshes/Camera/SM_RailRig_Mount.ubulk" 677
"../../../Engine/Content/EditorMeshes/Camera/SM_RailRig_Mount.uasset" 678
"../../../Engine/Content/EditorMeshes/Camera/SM_RailRig_Mount.uexp" 679
"../../../Engine/Content/EditorMeshes/Camera/SM_CraneRig_Mount.ubulk" 680
"../../../Engine/Content/EditorMeshes/Camera/SM_CraneRig_Mount.uasset" 681
"../../../Engine/Content/EditorMeshes/Camera/SM_CraneRig_Mount.uexp" 682
"../../../Engine/Content/EditorMeshes/Camera/SM_CraneRig_Body.ubulk" 683
"../../../Engine/Content/EditorMeshes/Camera/SM_CraneRig_Body.uasset" 684
"../../../Engine/Content/EditorMeshes/Camera/SM_CraneRig_Body.uexp" 685
"../../../Engine/Content/EditorMeshes/Camera/SM_CraneRig_Base.ubulk" 686
"../../../Engine/Content/EditorMeshes/Camera/SM_CraneRig_Base.uasset" 687
"../../../Engine/Content/EditorMeshes/Camera/SM_CraneRig_Base.uexp" 688
"../../../Engine/Content/EditorMeshes/Camera/SM_CraneRig_Arm.ubulk" 689
"../../../Engine/Content/EditorMeshes/Camera/SM_CraneRig_Arm.uasset" 690
"../../../Engine/Content/EditorMeshes/Camera/SM_CraneRig_Arm.uexp" 691
"../../../Engine/Content/VREditor/TransformGizmo/Xray.uasset" 692
"../../../Engine/Content/VREditor/TransformGizmo/Xray.uexp" 693
"../../../Engine/Content/VREditor/TransformGizmo/Main.uasset" 694
"../../../Engine/Content/VREditor/TransformGizmo/Main.uexp" 695
"../../../Engine/Content/VREditor/TransformGizmo/SM_Sequencer_Node.ubulk" 696
"../../../Engine/Content/VREditor/TransformGizmo/SM_Sequencer_Node.uasset" 697
"../../../Engine/Content/VREditor/TransformGizmo/SM_Sequencer_Node.uexp" 698
"../../../Engine/Content/VREditor/TransformGizmo/TranslucentTransformGizmoMaterial.uasset" 699
"../../../Engine/Content/VREditor/TransformGizmo/TranslucentTransformGizmoMaterial.uexp" 700
"../../../Engine/Content/VREditor/LaserPointer/VR_LaserPower_01.ubulk" 701
"../../../Engine/Content/VREditor/LaserPointer/VR_LaserPower_01.uasset" 702
"../../../Engine/Content/VREditor/LaserPointer/VR_LaserPower_01.uexp" 703
"../../../Engine/Content/VREditor/TransformGizmo/TransformGizmoMaterial.uasset" 704
"../../../Engine/Content/VREditor/TransformGizmo/TransformGizmoMaterial.uexp" 705
"../../../Engine/Content/VREditor/TransformGizmo/BoundingBoxEdge.ubulk" 706
"../../../Engine/Content/VREditor/TransformGizmo/BoundingBoxEdge.uasset" 707
"../../../Engine/Content/VREditor/TransformGizmo/BoundingBoxEdge.uexp" 708
"../../../Engine/Content/VREditor/TransformGizmo/BoundingBoxCorner.ubulk" 709
"../../../Engine/Content/VREditor/TransformGizmo/BoundingBoxCorner.uasset" 710
"../../../Engine/Content/VREditor/TransformGizmo/BoundingBoxCorner.uexp" 711
"../../../Engine/Content/EngineResources/Black.uasset" 712
"../../../Engine/Content/EngineResources/Black.uexp" 713
"../../../Engine/Plugins/Runtime/OpenXR/Content/Devices/M_XRController.uasset" 714
"../../../Engine/Plugins/Runtime/OpenXR/Content/Devices/M_XRController.uexp" 715
"../../../Engine/Plugins/Runtime/OpenXR/Content/Devices/OculusGo/BaseTexture.ubulk" 716
"../../../Engine/Plugins/Runtime/OpenXR/Content/Devices/OculusGo/BaseTexture.uasset" 717
"../../../Engine/Plugins/Runtime/OpenXR/Content/Devices/OculusGo/BaseTexture.uexp" 718
"../../../Engine/Plugins/Runtime/OpenXR/Content/Devices/OculusGo/MI_OculusGo.uasset" 719
"../../../Engine/Plugins/Runtime/OpenXR/Content/Devices/OculusGo/MI_OculusGo.uexp" 720
"../../../Engine/Plugins/Runtime/OpenXR/Content/Devices/OculusGo/OculusGoController.ubulk" 721
"../../../Engine/Plugins/Runtime/OpenXR/Content/Devices/OculusGo/OculusGoController.uasset" 722
"../../../Engine/Plugins/Runtime/OpenXR/Content/Devices/OculusGo/OculusGoController.uexp" 723
"../../../Engine/Plugins/Runtime/OpenXR/Content/Devices/HTCVive/BaseTexture.ubulk" 724
"../../../Engine/Plugins/Runtime/OpenXR/Content/Devices/HTCVive/BaseTexture.uasset" 725
"../../../Engine/Plugins/Runtime/OpenXR/Content/Devices/HTCVive/BaseTexture.uexp" 726
"../../../Engine/Plugins/Runtime/OpenXR/Content/Devices/HTCVive/MI_HTCVive.uasset" 727
"../../../Engine/Plugins/Runtime/OpenXR/Content/Devices/HTCVive/MI_HTCVive.uexp" 728
"../../../Engine/Plugins/Runtime/OpenXR/Content/Devices/HTCVive/HTCViveController.ubulk" 729
"../../../Engine/Plugins/Runtime/OpenXR/Content/Devices/HTCVive/HTCViveController.uasset" 730
"../../../Engine/Plugins/Runtime/OpenXR/Content/Devices/HTCVive/HTCViveController.uexp" 731
"../../../Engine/Plugins/Interchange/Assets/Content/gltf/Textures/T_White_srgb.uasset" 732
"../../../Engine/Plugins/Interchange/Assets/Content/gltf/Textures/T_White_srgb.uexp" 733
"../../../Engine/Plugins/Interchange/Assets/Content/gltf/MaterialFunctions/MF_BaseColor.uasset" 734
"../../../Engine/Plugins/Interchange/Assets/Content/gltf/MaterialFunctions/MF_BaseColor.uexp" 735
"../../../Engine/Plugins/Interchange/Assets/Content/gltf/MaterialFunctions/MF_RotateV2.uasset" 736
"../../../Engine/Plugins/Interchange/Assets/Content/gltf/MaterialFunctions/MF_RotateV2.uexp" 737
"../../../Engine/Plugins/Interchange/Assets/Content/gltf/MaterialFunctions/MF_TransformUVs.uasset" 738
"../../../Engine/Plugins/Interchange/Assets/Content/gltf/MaterialFunctions/MF_TransformUVs.uexp" 739
"../../../Engine/Plugins/Interchange/Assets/Content/gltf/MaterialBodies/MF_Unlit_Body.uasset" 740
"../../../Engine/Plugins/Interchange/Assets/Content/gltf/MaterialBodies/MF_Unlit_Body.uexp" 741
"../../../Engine/Plugins/Interchange/Assets/Content/gltf/M_Unlit.uasset" 742
"../../../Engine/Plugins/Interchange/Assets/Content/gltf/M_Unlit.uexp" 743
"../../../Engine/Plugins/Interchange/Assets/Content/gltf/MaterialInstances/MI_Unlit_Opaque_DS.uasset" 744
"../../../Engine/Plugins/Interchange/Assets/Content/gltf/MaterialInstances/MI_Unlit_Opaque_DS.uexp" 745
"../../../Engine/Plugins/Interchange/Assets/Content/gltf/MaterialInstances/MI_Unlit_Opaque.uasset" 746
"../../../Engine/Plugins/Interchange/Assets/Content/gltf/MaterialInstances/MI_Unlit_Opaque.uexp" 747
"../../../Engine/Plugins/Interchange/Assets/Content/gltf/MaterialInstances/MI_Unlit_Mask_DS.uasset" 748
"../../../Engine/Plugins/Interchange/Assets/Content/gltf/MaterialInstances/MI_Unlit_Mask_DS.uexp" 749
"../../../Engine/Plugins/Interchange/Assets/Content/gltf/MaterialInstances/MI_Unlit_Mask.uasset" 750
"../../../Engine/Plugins/Interchange/Assets/Content/gltf/MaterialInstances/MI_Unlit_Mask.uexp" 751
"../../../Engine/Plugins/Interchange/Assets/Content/gltf/MaterialInstances/MI_Unlit_Blend_DS.uasset" 752
"../../../Engine/Plugins/Interchange/Assets/Content/gltf/MaterialInstances/MI_Unlit_Blend_DS.uexp" 753
"../../../Engine/Plugins/Interchange/Assets/Content/gltf/MaterialInstances/MI_Unlit_Blend.uasset" 754
"../../../Engine/Plugins/Interchange/Assets/Content/gltf/MaterialInstances/MI_Unlit_Blend.uexp" 755
"../../../Engine/Content/EngineMaterials/Good64x64TilingNoiseHighFreq.uasset" 756
"../../../Engine/Content/EngineMaterials/Good64x64TilingNoiseHighFreq.uexp" 757
"../../../Engine/Content/Functions/Engine_MaterialFunctions02/Texturing/ScreenAlignedPixelToPixelUVs.uasset" 758
"../../../Engine/Content/Functions/Engine_MaterialFunctions02/Texturing/ScreenAlignedPixelToPixelUVs.uexp" 759
"../../../Engine/Content/Functions/Engine_MaterialFunctions02/Math/Transform3x3Matrix.uasset" 760
"../../../Engine/Content/Functions/Engine_MaterialFunctions02/Math/Transform3x3Matrix.uexp" 761
"../../../Engine/Plugins/Interchange/Assets/Content/Utilities/New_LUT.uasset" 762
"../../../Engine/Plugins/Interchange/Assets/Content/Utilities/New_LUT.uexp" 763
"../../../Engine/Content/Functions/Engine_MaterialFunctions03/Math/RemapValueRange.uasset" 764
"../../../Engine/Content/Functions/Engine_MaterialFunctions03/Math/RemapValueRange.uexp" 765
"../../../Engine/Plugins/Interchange/Assets/Content/Functions/MF_Iridescence.uasset" 766
"../../../Engine/Plugins/Interchange/Assets/Content/Functions/MF_Iridescence.uexp" 767
"../../../Engine/Plugins/Interchange/Assets/Content/gltf/MaterialFunctions/MF_Fresnel_DS.uasset" 768
"../../../Engine/Plugins/Interchange/Assets/Content/gltf/MaterialFunctions/MF_Fresnel_DS.uexp" 769
"../../../Engine/Plugins/Interchange/Assets/Content/gltf/MaterialFunctions/MF_IOR.uasset" 770
"../../../Engine/Plugins/Interchange/Assets/Content/gltf/MaterialFunctions/MF_IOR.uexp" 771
"../../../Engine/Plugins/Interchange/Assets/Content/gltf/MaterialFunctions/MF_Iridescence.uasset" 772
"../../../Engine/Plugins/Interchange/Assets/Content/gltf/MaterialFunctions/MF_Iridescence.uexp" 773
"../../../Engine/Plugins/Interchange/Assets/Content/gltf/Textures/T_White_Linear.uasset" 774
"../../../Engine/Plugins/Interchange/Assets/Content/gltf/Textures/T_White_Linear.uexp" 775
"../../../Engine/Plugins/Interchange/Assets/Content/gltf/MaterialFunctions/MF_MetallicRoughness.uasset" 776
"../../../Engine/Plugins/Interchange/Assets/Content/gltf/MaterialFunctions/MF_MetallicRoughness.uexp" 777
"../../../Engine/Plugins/Interchange/Assets/Content/gltf/MaterialFunctions/MF_RotateNormals_TS.uasset" 778
"../../../Engine/Plugins/Interchange/Assets/Content/gltf/MaterialFunctions/MF_RotateNormals_TS.uexp" 779
"../../../Engine/Plugins/Interchange/Assets/Content/gltf/MaterialFunctions/MF_ScaleNormal.uasset" 780
"../../../Engine/Plugins/Interchange/Assets/Content/gltf/MaterialFunctions/MF_ScaleNormal.uexp" 781
"../../../Engine/Plugins/Interchange/Assets/Content/gltf/Textures/T_Generic_N.uasset" 782
"../../../Engine/Plugins/Interchange/Assets/Content/gltf/Textures/T_Generic_N.uexp" 783
"../../../Engine/Plugins/Interchange/Assets/Content/gltf/MaterialFunctions/MF_Normals.uasset" 784
"../../../Engine/Plugins/Interchange/Assets/Content/gltf/MaterialFunctions/MF_Normals.uexp" 785
"../../../Engine/Plugins/Interchange/Assets/Content/gltf/MaterialFunctions/MF_Occlusion.uasset" 786
"../../../Engine/Plugins/Interchange/Assets/Content/gltf/MaterialFunctions/MF_Occlusion.uexp" 787
"../../../Engine/Plugins/Interchange/Assets/Content/gltf/MaterialFunctions/MF_Specular.uasset" 788
"../../../Engine/Plugins/Interchange/Assets/Content/gltf/MaterialFunctions/MF_Specular.uexp" 789
"../../../Engine/Plugins/Interchange/Assets/Content/gltf/Textures/T_Anisotropy_Direction_Linear.uasset" 790
"../../../Engine/Plugins/Interchange/Assets/Content/gltf/Textures/T_Anisotropy_Direction_Linear.uexp" 791
"../../../Engine/Plugins/Interchange/Assets/Content/gltf/MaterialFunctions/MF_SpecularAnisotropy.uasset" 792
"../../../Engine/Plugins/Interchange/Assets/Content/gltf/MaterialFunctions/MF_SpecularAnisotropy.uexp" 793
"../../../Engine/Plugins/Interchange/Assets/Content/gltf/MaterialFunctions/MF_Temporal_Blur.uasset" 794
"../../../Engine/Plugins/Interchange/Assets/Content/gltf/MaterialFunctions/MF_Temporal_Blur.uexp" 795
"../../../Engine/Plugins/Interchange/Assets/Content/gltf/MaterialFunctions/MF_Transmission.uasset" 796
"../../../Engine/Plugins/Interchange/Assets/Content/gltf/MaterialFunctions/MF_Transmission.uexp" 797
"../../../Engine/Plugins/Interchange/Assets/Content/gltf/MaterialBodies/MF_Transmission_Body.uasset" 798
"../../../Engine/Plugins/Interchange/Assets/Content/gltf/MaterialBodies/MF_Transmission_Body.uexp" 799
"../../../Engine/Plugins/Interchange/Assets/Content/gltf/M_Transmission.uasset" 800
"../../../Engine/Plugins/Interchange/Assets/Content/gltf/M_Transmission.uexp" 801
"../../../Engine/Plugins/Interchange/Assets/Content/gltf/MaterialInstances/MI_Transmission_DS.uasset" 802
"../../../Engine/Plugins/Interchange/Assets/Content/gltf/MaterialInstances/MI_Transmission_DS.uexp" 803
"../../../Engine/Plugins/Interchange/Assets/Content/gltf/MaterialInstances/MI_Transmission.uasset" 804
"../../../Engine/Plugins/Interchange/Assets/Content/gltf/MaterialInstances/MI_Transmission.uexp" 805
"../../../Engine/Content/Functions/Engine_MaterialFunctions02/Math/AddComponents.uasset" 806
"../../../Engine/Content/Functions/Engine_MaterialFunctions02/Math/AddComponents.uexp" 807
"../../../Engine/Plugins/Interchange/Assets/Content/gltf/MaterialFunctions/MF_DiffuseSpecGloss.uasset" 808
"../../../Engine/Plugins/Interchange/Assets/Content/gltf/MaterialFunctions/MF_DiffuseSpecGloss.uexp" 809
"../../../Engine/Plugins/Interchange/Assets/Content/gltf/MaterialFunctions/MF_Emissive.uasset" 810
"../../../Engine/Plugins/Interchange/Assets/Content/gltf/MaterialFunctions/MF_Emissive.uexp" 811
"../../../Engine/Plugins/Interchange/Assets/Content/gltf/MaterialFunctions/MF_MaxComponentValue.uasset" 812
"../../../Engine/Plugins/Interchange/Assets/Content/gltf/MaterialFunctions/MF_MaxComponentValue.uexp" 813
"../../../Engine/Plugins/Interchange/Assets/Content/gltf/MaterialFunctions/MF_PerceivedBrightness.uasset" 814
"../../../Engine/Plugins/Interchange/Assets/Content/gltf/MaterialFunctions/MF_PerceivedBrightness.uexp" 815
"../../../Engine/Plugins/Interchange/Assets/Content/gltf/MaterialFunctions/MF_SpecGlossToMetalRoughness.uasset" 816
"../../../Engine/Plugins/Interchange/Assets/Content/gltf/MaterialFunctions/MF_SpecGlossToMetalRoughness.uexp" 817
"../../../Engine/Plugins/Interchange/Assets/Content/gltf/MaterialBodies/MF_SpecularGlossiness_Body.uasset" 818
"../../../Engine/Plugins/Interchange/Assets/Content/gltf/MaterialBodies/MF_SpecularGlossiness_Body.uexp" 819
"../../../Engine/Plugins/Interchange/Assets/Content/gltf/M_SpecularGlossiness.uasset" 820
"../../../Engine/Plugins/Interchange/Assets/Content/gltf/M_SpecularGlossiness.uexp" 821
"../../../Engine/Plugins/Interchange/Assets/Content/gltf/MaterialInstances/MI_SpecularGlossiness_Opaque_DS.uasset" 822
"../../../Engine/Plugins/Interchange/Assets/Content/gltf/MaterialInstances/MI_SpecularGlossiness_Opaque_DS.uexp" 823
"../../../Engine/Plugins/Interchange/Assets/Content/gltf/MaterialInstances/MI_SpecularGlossiness_Opaque.uasset" 824
"../../../Engine/Plugins/Interchange/Assets/Content/gltf/MaterialInstances/MI_SpecularGlossiness_Opaque.uexp" 825
"../../../Engine/Plugins/Interchange/Assets/Content/gltf/MaterialInstances/MI_SpecularGlossiness_Mask_DS.uasset" 826
"../../../Engine/Plugins/Interchange/Assets/Content/gltf/MaterialInstances/MI_SpecularGlossiness_Mask_DS.uexp" 827
"../../../Engine/Plugins/Interchange/Assets/Content/gltf/MaterialInstances/MI_SpecularGlossiness_Mask.uasset" 828
"../../../Engine/Plugins/Interchange/Assets/Content/gltf/MaterialInstances/MI_SpecularGlossiness_Mask.uexp" 829
"../../../Engine/Plugins/Interchange/Assets/Content/gltf/MaterialInstances/MI_SpecularGlossiness_Blend_DS.uasset" 830
"../../../Engine/Plugins/Interchange/Assets/Content/gltf/MaterialInstances/MI_SpecularGlossiness_Blend_DS.uexp" 831
"../../../Engine/Plugins/Interchange/Assets/Content/gltf/MaterialInstances/MI_SpecularGlossiness_Blend.uasset" 832
"../../../Engine/Plugins/Interchange/Assets/Content/gltf/MaterialInstances/MI_SpecularGlossiness_Blend.uexp" 833
"../../../Engine/Plugins/Interchange/Assets/Content/gltf/MaterialFunctions/MF_Sheen.uasset" 834
"../../../Engine/Plugins/Interchange/Assets/Content/gltf/MaterialFunctions/MF_Sheen.uexp" 835
"../../../Engine/Plugins/Interchange/Assets/Content/gltf/MaterialBodies/MF_Sheen_Body.uasset" 836
"../../../Engine/Plugins/Interchange/Assets/Content/gltf/MaterialBodies/MF_Sheen_Body.uexp" 837
"../../../Engine/Plugins/Interchange/Assets/Content/gltf/M_Sheen.uasset" 838
"../../../Engine/Plugins/Interchange/Assets/Content/gltf/M_Sheen.uexp" 839
"../../../Engine/Plugins/Interchange/Assets/Content/gltf/MaterialInstances/MI_Sheen_Opaque_DS.uasset" 840
"../../../Engine/Plugins/Interchange/Assets/Content/gltf/MaterialInstances/MI_Sheen_Opaque_DS.uexp" 841
"../../../Engine/Plugins/Interchange/Assets/Content/gltf/MaterialInstances/MI_Sheen_Opaque.uasset" 842
"../../../Engine/Plugins/Interchange/Assets/Content/gltf/MaterialInstances/MI_Sheen_Opaque.uexp" 843
"../../../Engine/Plugins/Interchange/Assets/Content/gltf/MaterialInstances/MI_Sheen_Mask_DS.uasset" 844
"../../../Engine/Plugins/Interchange/Assets/Content/gltf/MaterialInstances/MI_Sheen_Mask_DS.uexp" 845
"../../../Engine/Plugins/Interchange/Assets/Content/gltf/MaterialInstances/MI_Sheen_Mask.uasset" 846
"../../../Engine/Plugins/Interchange/Assets/Content/gltf/MaterialInstances/MI_Sheen_Mask.uexp" 847
"../../../Engine/Plugins/Interchange/Assets/Content/gltf/MaterialInstances/MI_Sheen_Blend_DS.uasset" 848
"../../../Engine/Plugins/Interchange/Assets/Content/gltf/MaterialInstances/MI_Sheen_Blend_DS.uexp" 849
"../../../Engine/Plugins/Interchange/Assets/Content/gltf/MaterialInstances/MI_Sheen_Blend.uasset" 850
"../../../Engine/Plugins/Interchange/Assets/Content/gltf/MaterialInstances/MI_Sheen_Blend.uexp" 851
"../../../Engine/Plugins/Interchange/Assets/Content/gltf/MaterialBodies/MF_Default_Body.uasset" 852
"../../../Engine/Plugins/Interchange/Assets/Content/gltf/MaterialBodies/MF_Default_Body.uexp" 853
"../../../Engine/Plugins/Interchange/Assets/Content/gltf/M_Default.uasset" 854
"../../../Engine/Plugins/Interchange/Assets/Content/gltf/M_Default.uexp" 855
"../../../Engine/Plugins/Interchange/Assets/Content/gltf/MaterialInstances/MI_Default_Opaque_DS.uasset" 856
"../../../Engine/Plugins/Interchange/Assets/Content/gltf/MaterialInstances/MI_Default_Opaque_DS.uexp" 857
"../../../Engine/Plugins/Interchange/Assets/Content/gltf/MaterialInstances/MI_Default_Opaque.uasset" 858
"../../../Engine/Plugins/Interchange/Assets/Content/gltf/MaterialInstances/MI_Default_Opaque.uexp" 859
"../../../Engine/Plugins/Interchange/Assets/Content/gltf/MaterialInstances/MI_Default_Mask_DS.uasset" 860
"../../../Engine/Plugins/Interchange/Assets/Content/gltf/MaterialInstances/MI_Default_Mask_DS.uexp" 861
"../../../Engine/Plugins/Interchange/Assets/Content/gltf/MaterialInstances/MI_Default_Mask.uasset" 862
"../../../Engine/Plugins/Interchange/Assets/Content/gltf/MaterialInstances/MI_Default_Mask.uexp" 863
"../../../Engine/Plugins/Interchange/Assets/Content/gltf/MaterialInstances/MI_Default_Blend_DS.uasset" 864
"../../../Engine/Plugins/Interchange/Assets/Content/gltf/MaterialInstances/MI_Default_Blend_DS.uexp" 865
"../../../Engine/Plugins/Interchange/Assets/Content/gltf/MaterialInstances/MI_Default_Blend.uasset" 866
"../../../Engine/Plugins/Interchange/Assets/Content/gltf/MaterialInstances/MI_Default_Blend.uexp" 867
"../../../Engine/Content/Functions/Engine_MaterialFunctions01/Texturing/FlattenNormal.uasset" 868
"../../../Engine/Content/Functions/Engine_MaterialFunctions01/Texturing/FlattenNormal.uexp" 869
"../../../Engine/Plugins/Interchange/Assets/Content/gltf/MaterialFunctions/MF_Clearcoat.uasset" 870
"../../../Engine/Plugins/Interchange/Assets/Content/gltf/MaterialFunctions/MF_Clearcoat.uexp" 871
"../../../Engine/Plugins/Interchange/Assets/Content/gltf/MaterialBodies/MF_ClearCoat_Body.uasset" 872
"../../../Engine/Plugins/Interchange/Assets/Content/gltf/MaterialBodies/MF_ClearCoat_Body.uexp" 873
"../../../Engine/Plugins/Interchange/Assets/Content/gltf/M_ClearCoat.uasset" 874
"../../../Engine/Plugins/Interchange/Assets/Content/gltf/M_ClearCoat.uexp" 875
"../../../Engine/Plugins/Interchange/Assets/Content/gltf/MaterialInstances/MI_ClearCoat_Opaque_DS.uasset" 876
"../../../Engine/Plugins/Interchange/Assets/Content/gltf/MaterialInstances/MI_ClearCoat_Opaque_DS.uexp" 877
"../../../Engine/Plugins/Interchange/Assets/Content/gltf/MaterialInstances/MI_ClearCoat_Opaque.uasset" 878
"../../../Engine/Plugins/Interchange/Assets/Content/gltf/MaterialInstances/MI_ClearCoat_Opaque.uexp" 879
"../../../Engine/Plugins/Interchange/Assets/Content/gltf/MaterialInstances/MI_ClearCoat_Mask_DS.uasset" 880
"../../../Engine/Plugins/Interchange/Assets/Content/gltf/MaterialInstances/MI_ClearCoat_Mask_DS.uexp" 881
"../../../Engine/Plugins/Interchange/Assets/Content/gltf/MaterialInstances/MI_ClearCoat_Mask.uasset" 882
"../../../Engine/Plugins/Interchange/Assets/Content/gltf/MaterialInstances/MI_ClearCoat_Mask.uexp" 883
"../../../Engine/Plugins/Interchange/Assets/Content/gltf/MaterialInstances/MI_ClearCoat_Blend_DS.uasset" 884
"../../../Engine/Plugins/Interchange/Assets/Content/gltf/MaterialInstances/MI_ClearCoat_Blend_DS.uexp" 885
"../../../Engine/Plugins/Interchange/Assets/Content/gltf/MaterialInstances/MI_ClearCoat_Blend.uasset" 886
"../../../Engine/Plugins/Interchange/Assets/Content/gltf/MaterialInstances/MI_ClearCoat_Blend.uexp" 887
"../../../Engine/Content/ArtTools/RenderToTexture/Meshes/S_1_Unit_Plane.ubulk" 888
"../../../Engine/Content/ArtTools/RenderToTexture/Meshes/S_1_Unit_Plane.uasset" 889
"../../../Engine/Content/ArtTools/RenderToTexture/Meshes/S_1_Unit_Plane.uexp" 890
"../../../Engine/Content/EngineMaterials/Substrate/Volume/SubstrateSimpleVolumeLUT3D.uasset" 891
"../../../Engine/Content/EngineMaterials/Substrate/Volume/SubstrateSimpleVolumeLUT3D.uexp" 892
"../../../Engine/Content/EngineMaterials/Substrate/Volume/SubstrateSimpleVolumeEnvLUT3D.uasset" 893
"../../../Engine/Content/EngineMaterials/Substrate/Volume/SubstrateSimpleVolumeEnvLUT3D.uexp" 894
"../../../Engine/Content/EngineMaterials/Substrate/Glints2/AGlintTex2dArray2.uasset" 895
"../../../Engine/Content/EngineMaterials/Substrate/Glints2/AGlintTex2dArray2.uexp" 896
"../../../Engine/Content/EngineMaterials/Substrate/GLints/AGlintTex2dArray.uasset" 897
"../../../Engine/Content/EngineMaterials/Substrate/GLints/AGlintTex2dArray.uexp" 898
"../../../Engine/Plugins/Runtime/OpenXR/Content/Devices/ValveIndex/MRTexture.ubulk" 899
"../../../Engine/Plugins/Runtime/OpenXR/Content/Devices/ValveIndex/MRTexture.uasset" 900
"../../../Engine/Plugins/Runtime/OpenXR/Content/Devices/ValveIndex/MRTexture.uexp" 901
"../../../Engine/Plugins/Runtime/OpenXR/Content/Devices/ValveIndex/BaseTexture.ubulk" 902
"../../../Engine/Plugins/Runtime/OpenXR/Content/Devices/ValveIndex/BaseTexture.uasset" 903
"../../../Engine/Plugins/Runtime/OpenXR/Content/Devices/ValveIndex/BaseTexture.uexp" 904
"../../../Engine/Plugins/Runtime/OpenXR/Content/Devices/ValveIndex/Right/MI_right_ValveIndex.uasset" 905
"../../../Engine/Plugins/Runtime/OpenXR/Content/Devices/ValveIndex/Right/MI_right_ValveIndex.uexp" 906
"../../../Engine/Plugins/Runtime/OpenXR/Content/Devices/ValveIndex/Right/right_ValveIndexController.ubulk" 907
"../../../Engine/Plugins/Runtime/OpenXR/Content/Devices/ValveIndex/Right/right_ValveIndexController.uasset" 908
"../../../Engine/Plugins/Runtime/OpenXR/Content/Devices/ValveIndex/Right/right_ValveIndexController.uexp" 909
"../../../Engine/Plugins/Runtime/OpenXR/Content/Devices/ValveIndex/Left/MI_left_ValveIndex.uasset" 910
"../../../Engine/Plugins/Runtime/OpenXR/Content/Devices/ValveIndex/Left/MI_left_ValveIndex.uexp" 911
"../../../Engine/Plugins/Runtime/OpenXR/Content/Devices/ValveIndex/Left/left_ValveIndexController.ubulk" 912
"../../../Engine/Plugins/Runtime/OpenXR/Content/Devices/ValveIndex/Left/left_ValveIndexController.uasset" 913
"../../../Engine/Plugins/Runtime/OpenXR/Content/Devices/ValveIndex/Left/left_ValveIndexController.uexp" 914
"../../../Engine/Plugins/Runtime/OpenXR/Content/Devices/OculusTouch_v3/MRTexture.ubulk" 915
"../../../Engine/Plugins/Runtime/OpenXR/Content/Devices/OculusTouch_v3/MRTexture.uasset" 916
"../../../Engine/Plugins/Runtime/OpenXR/Content/Devices/OculusTouch_v3/MRTexture.uexp" 917
"../../../Engine/Plugins/Runtime/OpenXR/Content/Devices/OculusTouch_v3/BaseTexture.ubulk" 918
"../../../Engine/Plugins/Runtime/OpenXR/Content/Devices/OculusTouch_v3/BaseTexture.uasset" 919
"../../../Engine/Plugins/Runtime/OpenXR/Content/Devices/OculusTouch_v3/BaseTexture.uexp" 920
"../../../Engine/Plugins/Runtime/OpenXR/Content/Devices/OculusTouch_v3/MI_OculusTouch_v3.uasset" 921
"../../../Engine/Plugins/Runtime/OpenXR/Content/Devices/OculusTouch_v3/MI_OculusTouch_v3.uexp" 922
"../../../Engine/Plugins/Runtime/OpenXR/Content/Devices/OculusTouch_v3/Right/right_OculusTouch_v3Controller.ubulk" 923
"../../../Engine/Plugins/Runtime/OpenXR/Content/Devices/OculusTouch_v3/Right/right_OculusTouch_v3Controller.uasset" 924
"../../../Engine/Plugins/Runtime/OpenXR/Content/Devices/OculusTouch_v3/Right/right_OculusTouch_v3Controller.uexp" 925
"../../../Engine/Plugins/Runtime/OpenXR/Content/Devices/OculusTouch_v3/Left/left_OculusTouch_v3Controller.ubulk" 926
"../../../Engine/Plugins/Runtime/OpenXR/Content/Devices/OculusTouch_v3/Left/left_OculusTouch_v3Controller.uasset" 927
"../../../Engine/Plugins/Runtime/OpenXR/Content/Devices/OculusTouch_v3/Left/left_OculusTouch_v3Controller.uexp" 928
"../../../Engine/Plugins/Runtime/OpenXR/Content/Devices/OculusTouch_v2/MRTexture.ubulk" 929
"../../../Engine/Plugins/Runtime/OpenXR/Content/Devices/OculusTouch_v2/MRTexture.uasset" 930
"../../../Engine/Plugins/Runtime/OpenXR/Content/Devices/OculusTouch_v2/MRTexture.uexp" 931
"../../../Engine/Plugins/Runtime/OpenXR/Content/Devices/OculusTouch_v2/BaseTexture.ubulk" 932
"../../../Engine/Plugins/Runtime/OpenXR/Content/Devices/OculusTouch_v2/BaseTexture.uasset" 933
"../../../Engine/Plugins/Runtime/OpenXR/Content/Devices/OculusTouch_v2/BaseTexture.uexp" 934
"../../../Engine/Plugins/Runtime/OpenXR/Content/Devices/OculusTouch_v2/MI_OculusTouch_v2.uasset" 935
"../../../Engine/Plugins/Runtime/OpenXR/Content/Devices/OculusTouch_v2/MI_OculusTouch_v2.uexp" 936
"../../../Engine/Plugins/Runtime/OpenXR/Content/Devices/OculusTouch_v2/Right/right_OculusTouch_v2Controller.ubulk" 937
"../../../Engine/Plugins/Runtime/OpenXR/Content/Devices/OculusTouch_v2/Right/right_OculusTouch_v2Controller.uasset" 938
"../../../Engine/Plugins/Runtime/OpenXR/Content/Devices/OculusTouch_v2/Right/right_OculusTouch_v2Controller.uexp" 939
"../../../Engine/Plugins/Runtime/OpenXR/Content/Devices/OculusTouch_v2/Left/left_OculusTouch_v2Controller.ubulk" 940
"../../../Engine/Plugins/Runtime/OpenXR/Content/Devices/OculusTouch_v2/Left/left_OculusTouch_v2Controller.uasset" 941
"../../../Engine/Plugins/Runtime/OpenXR/Content/Devices/OculusTouch_v2/Left/left_OculusTouch_v2Controller.uexp" 942
"../../../Engine/Plugins/Runtime/OpenXR/Content/Devices/OculusTouch/MRTexture.ubulk" 943
"../../../Engine/Plugins/Runtime/OpenXR/Content/Devices/OculusTouch/MRTexture.uasset" 944
"../../../Engine/Plugins/Runtime/OpenXR/Content/Devices/OculusTouch/MRTexture.uexp" 945
"../../../Engine/Plugins/Runtime/OpenXR/Content/Devices/OculusTouch/BaseTexture.ubulk" 946
"../../../Engine/Plugins/Runtime/OpenXR/Content/Devices/OculusTouch/BaseTexture.uasset" 947
"../../../Engine/Plugins/Runtime/OpenXR/Content/Devices/OculusTouch/BaseTexture.uexp" 948
"../../../Engine/Plugins/Runtime/OpenXR/Content/Devices/OculusTouch/MI_OculusTouch.uasset" 949
"../../../Engine/Plugins/Runtime/OpenXR/Content/Devices/OculusTouch/MI_OculusTouch.uexp" 950
"../../../Engine/Plugins/Runtime/OpenXR/Content/Devices/OculusTouch/Right/right_OculusTouchController.ubulk" 951
"../../../Engine/Plugins/Runtime/OpenXR/Content/Devices/OculusTouch/Right/right_OculusTouchController.uasset" 952
"../../../Engine/Plugins/Runtime/OpenXR/Content/Devices/OculusTouch/Right/right_OculusTouchController.uexp" 953
"../../../Engine/Plugins/Runtime/OpenXR/Content/Devices/OculusTouch/Left/left_OculusTouchController.ubulk" 954
"../../../Engine/Plugins/Runtime/OpenXR/Content/Devices/OculusTouch/Left/left_OculusTouchController.uasset" 955
"../../../Engine/Plugins/Runtime/OpenXR/Content/Devices/OculusTouch/Left/left_OculusTouchController.uexp" 956
"../../../Engine/Plugins/Runtime/OpenXR/Content/Devices/MicrosoftMixedReality/NormalTexture.ubulk" 957
"../../../Engine/Plugins/Runtime/OpenXR/Content/Devices/MicrosoftMixedReality/NormalTexture.uasset" 958
"../../../Engine/Plugins/Runtime/OpenXR/Content/Devices/MicrosoftMixedReality/NormalTexture.uexp" 959
"../../../Engine/Plugins/Runtime/OpenXR/Content/Devices/MicrosoftMixedReality/MRTexture.ubulk" 960
"../../../Engine/Plugins/Runtime/OpenXR/Content/Devices/MicrosoftMixedReality/MRTexture.uasset" 961
"../../../Engine/Plugins/Runtime/OpenXR/Content/Devices/MicrosoftMixedReality/MRTexture.uexp" 962
"../../../Engine/Plugins/Runtime/OpenXR/Content/Devices/MicrosoftMixedReality/EmissiveTexture.ubulk" 963
"../../../Engine/Plugins/Runtime/OpenXR/Content/Devices/MicrosoftMixedReality/EmissiveTexture.uasset" 964
"../../../Engine/Plugins/Runtime/OpenXR/Content/Devices/MicrosoftMixedReality/EmissiveTexture.uexp" 965
"../../../Engine/Plugins/Runtime/OpenXR/Content/Devices/MicrosoftMixedReality/BaseTexture.ubulk" 966
"../../../Engine/Plugins/Runtime/OpenXR/Content/Devices/MicrosoftMixedReality/BaseTexture.uasset" 967
"../../../Engine/Plugins/Runtime/OpenXR/Content/Devices/MicrosoftMixedReality/BaseTexture.uexp" 968
"../../../Engine/Plugins/Runtime/OpenXR/Content/Devices/MicrosoftMixedReality/MI_MicrosoftMixedReality.uasset" 969
"../../../Engine/Plugins/Runtime/OpenXR/Content/Devices/MicrosoftMixedReality/MI_MicrosoftMixedReality.uexp" 970
"../../../Engine/Plugins/Runtime/OpenXR/Content/Devices/MicrosoftMixedReality/Right/right_MicrosoftMixedRealityController.ubulk" 971
"../../../Engine/Plugins/Runtime/OpenXR/Content/Devices/MicrosoftMixedReality/Right/right_MicrosoftMixedRealityController.uasset" 972
"../../../Engine/Plugins/Runtime/OpenXR/Content/Devices/MicrosoftMixedReality/Right/right_MicrosoftMixedRealityController.uexp" 973
"../../../Engine/Plugins/Runtime/OpenXR/Content/Devices/MicrosoftMixedReality/Left/left_MicrosoftMixedRealityController.ubulk" 974
"../../../Engine/Plugins/Runtime/OpenXR/Content/Devices/MicrosoftMixedReality/Left/left_MicrosoftMixedRealityController.uasset" 975
"../../../Engine/Plugins/Runtime/OpenXR/Content/Devices/MicrosoftMixedReality/Left/left_MicrosoftMixedRealityController.uexp" 976
"../../../Engine/Plugins/NNE/NNEDenoiser/Content/NNED_Oidn2-3_HighQuality_Alpha.uasset" 977
"../../../Engine/Plugins/NNE/NNEDenoiser/Content/NNED_Oidn2-3_HighQuality_Alpha.uexp" 978
"../../../Engine/Plugins/NNE/NNEDenoiser/Content/NNED_Oidn2-3_HighQuality.uasset" 979
"../../../Engine/Plugins/NNE/NNEDenoiser/Content/NNED_Oidn2-3_HighQuality.uexp" 980
"../../../Engine/Plugins/NNE/NNEDenoiser/Content/NNED_Oidn2-3_Fast_Alpha.uasset" 981
"../../../Engine/Plugins/NNE/NNEDenoiser/Content/NNED_Oidn2-3_Fast_Alpha.uexp" 982
"../../../Engine/Plugins/NNE/NNEDenoiser/Content/NNED_Oidn2-3_Fast.uasset" 983
"../../../Engine/Plugins/NNE/NNEDenoiser/Content/NNED_Oidn2-3_Fast.uexp" 984
"../../../Engine/Plugins/NNE/NNEDenoiser/Content/NNED_Oidn2-3_Balanced_Alpha.uasset" 985
"../../../Engine/Plugins/NNE/NNEDenoiser/Content/NNED_Oidn2-3_Balanced_Alpha.uexp" 986
"../../../Engine/Plugins/NNE/NNEDenoiser/Content/NNED_Oidn2-3_Balanced.uasset" 987
"../../../Engine/Plugins/NNE/NNEDenoiser/Content/NNED_Oidn2-3_Balanced.uexp" 988
"../../../Engine/Plugins/NNE/NNEDenoiser/Content/NNEDT_Oidn2-3_Balanced_Alpha.uasset" 989
"../../../Engine/Plugins/NNE/NNEDenoiser/Content/NNEDT_Oidn2-3_Balanced_Alpha.uexp" 990
"../../../Engine/Plugins/NNE/NNEDenoiser/Content/NNEDT_Oidn2-3_Balanced.uasset" 991
"../../../Engine/Plugins/NNE/NNEDenoiser/Content/NNEDT_Oidn2-3_Balanced.uexp" 992
"../../../Engine/Plugins/Animation/DeformerGraph/Content/DeformerFunctions/DG_Function_LinearBlendSkin_Morph_Cloth_PositionOnly.uasset" 993
"../../../Engine/Plugins/Animation/DeformerGraph/Content/DeformerFunctions/DG_Function_LinearBlendSkin_Morph_Cloth_PositionOnly.uexp" 994
"../../../Engine/Plugins/Animation/DeformerGraph/Content/DeformerFunctions/DG_Function_ComputeNormalsTangents.uasset" 995
"../../../Engine/Plugins/Animation/DeformerGraph/Content/DeformerFunctions/DG_Function_ComputeNormalsTangents.uexp" 996
"../../../Engine/Plugins/Animation/DeformerGraph/Content/Deformers/DG_LinearBlendSkin_Morph_Cloth_RecomputeNormals.uasset" 997
"../../../Engine/Plugins/Animation/DeformerGraph/Content/Deformers/DG_LinearBlendSkin_Morph_Cloth_RecomputeNormals.uexp" 998
"../../../Engine/Plugins/Animation/DeformerGraph/Content/DeformerFunctions/DG_Function_LinearBlendSkin_Morph_Cloth.uasset" 999
"../../../Engine/Plugins/Animation/DeformerGraph/Content/DeformerFunctions/DG_Function_LinearBlendSkin_Morph_Cloth.uexp" 1000
"../../../Engine/Plugins/Animation/DeformerGraph/Content/Deformers/DG_LinearBlendSkin_Morph_Cloth.uasset" 1001
"../../../Engine/Plugins/Animation/DeformerGraph/Content/Deformers/DG_LinearBlendSkin_Morph_Cloth.uexp" 1002
"../../../Engine/Content/VREditor/TransformGizmo/TranslucentTransformGizmoMaterial_Inst.uasset" 1003
"../../../Engine/Content/VREditor/TransformGizmo/TranslucentTransformGizmoMaterial_Inst.uexp" 1004
"../../../Engine/Content/VREditor/TransformGizmo/TransformGizmoMaterial_Inst.uasset" 1005
"../../../Engine/Content/VREditor/TransformGizmo/TransformGizmoMaterial_Inst.uexp" 1006
"../../../Engine/Content/VREditor/Sounds/UI/Drop_Item_From_ContentBrowser.ubulk" 1007
"../../../Engine/Content/VREditor/Sounds/UI/Drop_Item_From_ContentBrowser.uasset" 1008
"../../../Engine/Content/VREditor/Sounds/UI/Drop_Item_From_ContentBrowser.uexp" 1009
"../../../Engine/Content/VREditor/TransformGizmo/UniformScaleHandle.ubulk" 1010
"../../../Engine/Content/VREditor/TransformGizmo/UniformScaleHandle.uasset" 1011
"../../../Engine/Content/VREditor/TransformGizmo/UniformScaleHandle.uexp" 1012
"../../../Engine/Content/VREditor/TransformGizmo/TranslateArrowHandle.ubulk" 1013
"../../../Engine/Content/VREditor/TransformGizmo/TranslateArrowHandle.uasset" 1014
"../../../Engine/Content/VREditor/TransformGizmo/TranslateArrowHandle.uexp" 1015
"../../../Engine/Content/VREditor/TransformGizmo/TransformGizmoFreeRotation.ubulk" 1016
"../../../Engine/Content/VREditor/TransformGizmo/TransformGizmoFreeRotation.uasset" 1017
"../../../Engine/Content/VREditor/TransformGizmo/TransformGizmoFreeRotation.uexp" 1018
"../../../Engine/Content/VREditor/TransformGizmo/StartRotationHandleIndicator.ubulk" 1019
"../../../Engine/Content/VREditor/TransformGizmo/StartRotationHandleIndicator.uasset" 1020
"../../../Engine/Content/VREditor/TransformGizmo/StartRotationHandleIndicator.uexp" 1021
"../../../Engine/Content/VREditor/TransformGizmo/RotationHandleQuarter.ubulk" 1022
"../../../Engine/Content/VREditor/TransformGizmo/RotationHandleQuarter.uasset" 1023
"../../../Engine/Content/VREditor/TransformGizmo/RotationHandleQuarter.uexp" 1024
"../../../Engine/Content/VREditor/TransformGizmo/RotationHandleIndicator.ubulk" 1025
"../../../Engine/Content/VREditor/TransformGizmo/RotationHandleIndicator.uasset" 1026
"../../../Engine/Content/VREditor/TransformGizmo/RotationHandleIndicator.uexp" 1027
"../../../Engine/Content/VREditor/TransformGizmo/RotationHandleFull.ubulk" 1028
"../../../Engine/Content/VREditor/TransformGizmo/RotationHandleFull.uasset" 1029
"../../../Engine/Content/VREditor/TransformGizmo/RotationHandleFull.uexp" 1030
"../../../Engine/Content/VREditor/TransformGizmo/PlaneTranslationHandle.ubulk" 1031
"../../../Engine/Content/VREditor/TransformGizmo/PlaneTranslationHandle.uasset" 1032
"../../../Engine/Content/VREditor/TransformGizmo/PlaneTranslationHandle.uexp" 1033
"../../../Engine/Content/Functions/Engine_MaterialFunctions02/SplitComponents.uasset" 1034
"../../../Engine/Content/Functions/Engine_MaterialFunctions02/SplitComponents.uexp" 1035
"../../../Engine/Content/VREditor/SnapGrid/SnapGridMaterial.uasset" 1036
"../../../Engine/Content/VREditor/SnapGrid/SnapGridMaterial.uexp" 1037
"../../../Engine/Content/VREditor/SnapGrid/SnapGridPlaneMesh.ubulk" 1038
"../../../Engine/Content/VREditor/SnapGrid/SnapGridPlaneMesh.uasset" 1039
"../../../Engine/Content/VREditor/SnapGrid/SnapGridPlaneMesh.uexp" 1040
"../../../Engine/Content/VREditor/Sounds/UI/Gizmo_Handle_Clicked.ubulk" 1041
"../../../Engine/Content/VREditor/Sounds/UI/Gizmo_Handle_Clicked.uasset" 1042
"../../../Engine/Content/VREditor/Sounds/UI/Gizmo_Handle_Clicked.uexp" 1043
"../../../Engine/Content/VREditor/Sounds/UI/Object_PickUp.ubulk" 1044
"../../../Engine/Content/VREditor/Sounds/UI/Object_PickUp.uasset" 1045
"../../../Engine/Content/VREditor/Sounds/UI/Object_PickUp.uexp" 1046
"../../../Engine/Content/VREditor/Sounds/UI/Object_Snaps_To_Another_Actor.ubulk" 1047
"../../../Engine/Content/VREditor/Sounds/UI/Object_Snaps_To_Another_Actor.uasset" 1048
"../../../Engine/Content/VREditor/Sounds/UI/Object_Snaps_To_Another_Actor.uexp" 1049
"../../../Engine/Content/VREditor/Sounds/UI/Object_Snaps_To_Grid.ubulk" 1050
"../../../Engine/Content/VREditor/Sounds/UI/Object_Snaps_To_Grid.uasset" 1051
"../../../Engine/Content/VREditor/Sounds/UI/Object_Snaps_To_Grid.uexp" 1052
"../../../Engine/Content/VREditor/Sounds/UI/Scaling_Down.ubulk" 1053
"../../../Engine/Content/VREditor/Sounds/UI/Scaling_Down.uasset" 1054
"../../../Engine/Content/VREditor/Sounds/UI/Scaling_Down.uexp" 1055
"../../../Engine/Content/VREditor/Sounds/UI/Scaling_Up.ubulk" 1056
"../../../Engine/Content/VREditor/Sounds/UI/Scaling_Up.uasset" 1057
"../../../Engine/Content/VREditor/Sounds/UI/Scaling_Up.uexp" 1058
"../../../Engine/Content/VREditor/Sounds/UI/Selection_Changes.ubulk" 1059
"../../../Engine/Content/VREditor/Sounds/UI/Selection_Changes.uasset" 1060
"../../../Engine/Content/VREditor/Sounds/UI/Selection_Changes.uexp" 1061
"../../../Engine/Content/EngineResources/LandscapeVisibilityLayerInfo.uasset" 1062
"../../../Engine/Content/EngineResources/LandscapeVisibilityLayerInfo.uexp" 1063
"C:/Users/xingh/Desktop/VR/KurumaIsu/Content/VRTemplate/Input/Actions/IA_Shoot_Right.uasset" 1064
"C:/Users/xingh/Desktop/VR/KurumaIsu/Content/VRTemplate/Input/Actions/IA_Shoot_Right.uexp" 1065
"C:/Users/xingh/Desktop/VR/KurumaIsu/Content/VRTemplate/Input/IMC_Weapon_Right.uasset" 1066
"C:/Users/xingh/Desktop/VR/KurumaIsu/Content/VRTemplate/Input/IMC_Weapon_Right.uexp" 1067
"C:/Users/xingh/Desktop/VR/KurumaIsu/Content/VRTemplate/Input/Actions/IA_Shoot_Left.uasset" 1068
"C:/Users/xingh/Desktop/VR/KurumaIsu/Content/VRTemplate/Input/Actions/IA_Shoot_Left.uexp" 1069
"C:/Users/xingh/Desktop/VR/KurumaIsu/Content/VRTemplate/Input/IMC_Weapon_Left.uasset" 1070
"C:/Users/xingh/Desktop/VR/KurumaIsu/Content/VRTemplate/Input/IMC_Weapon_Left.uexp" 1071
"../../../Engine/Content/Maps/Entry_BuiltData.uasset" 1072
"../../../Engine/Content/Maps/Entry_BuiltData.uexp" 1073
"../../../Engine/Content/Maps/Entry.uexp" 1074
"../../../Engine/Content/Maps/Entry.umap" 1075
"../../../Engine/Content/BasicShapes/Cube.ubulk" 1076
"../../../Engine/Content/BasicShapes/Cube.uasset" 1077
"../../../Engine/Content/BasicShapes/Cube.uexp" 1078
"../../../Engine/Content/EditorBlueprintResources/StandardMacros.uasset" 1079
"../../../Engine/Content/EditorBlueprintResources/StandardMacros.uexp" 1080
"../../../Engine/Content/EngineSky/T_Sky_Stars.ubulk" 1081
"../../../Engine/Content/EngineSky/T_Sky_Stars.uasset" 1082
"../../../Engine/Content/EngineSky/T_Sky_Stars.uexp" 1083
"../../../Engine/Content/EngineSky/T_Sky_Clouds_M.ubulk" 1084
"../../../Engine/Content/EngineSky/T_Sky_Clouds_M.uasset" 1085
"../../../Engine/Content/EngineSky/T_Sky_Clouds_M.uexp" 1086
"../../../Engine/Content/EngineSky/T_Sky_Blue.ubulk" 1087
"../../../Engine/Content/EngineSky/T_Sky_Blue.uasset" 1088
"../../../Engine/Content/EngineSky/T_Sky_Blue.uexp" 1089
"../../../Engine/Content/EngineSky/M_Sky_Panning_Clouds2.uasset" 1090
"../../../Engine/Content/EngineSky/M_Sky_Panning_Clouds2.uexp" 1091
"../../../Engine/Content/EngineSky/SM_SkySphere.ubulk" 1092
"../../../Engine/Content/EngineSky/SM_SkySphere.uasset" 1093
"../../../Engine/Content/EngineSky/SM_SkySphere.uexp" 1094
"../../../Engine/Content/EngineSky/M_SimpleSkyDome.uasset" 1095
"../../../Engine/Content/EngineSky/M_SimpleSkyDome.uexp" 1096
"../../../Engine/Content/EngineSky/VolumetricClouds/VT_PerlinWorley_Balanced.uasset" 1097
"../../../Engine/Content/EngineSky/VolumetricClouds/VT_PerlinWorley_Balanced.uexp" 1098
"../../../Engine/Content/EngineSky/VolumetricClouds/T_Profile_08.ubulk" 1099
"../../../Engine/Content/EngineSky/VolumetricClouds/T_Profile_08.uasset" 1100
"../../../Engine/Content/EngineSky/VolumetricClouds/T_Profile_08.uexp" 1101
"../../../Engine/Content/EngineSky/VolumetricClouds/T_CloudPattern.ubulk" 1102
"../../../Engine/Content/EngineSky/VolumetricClouds/T_CloudPattern.uasset" 1103
"../../../Engine/Content/EngineSky/VolumetricClouds/T_CloudPattern.uexp" 1104
"../../../Engine/Content/EngineSky/VolumetricClouds/T_CloudMask.ubulk" 1105
"../../../Engine/Content/EngineSky/VolumetricClouds/T_CloudMask.uasset" 1106
"../../../Engine/Content/EngineSky/VolumetricClouds/T_CloudMask.uexp" 1107
"../../../Engine/Content/Functions/Engine_MaterialFunctions02/Utility/BreakOutFloat4Components.uasset" 1108
"../../../Engine/Content/Functions/Engine_MaterialFunctions02/Utility/BreakOutFloat4Components.uexp" 1109
"../../../Engine/Content/EngineResources/DefaultVolumeTexture2D.uasset" 1110
"../../../Engine/Content/EngineResources/DefaultVolumeTexture2D.uexp" 1111
"../../../Engine/Content/EngineResources/DefaultVolumeTexture.uasset" 1112
"../../../Engine/Content/EngineResources/DefaultVolumeTexture.uexp" 1113
"../../../Engine/Content/Functions/Engine_MaterialFunctions02/Utility/MakeFloat4.uasset" 1114
"../../../Engine/Content/Functions/Engine_MaterialFunctions02/Utility/MakeFloat4.uexp" 1115
"../../../Engine/Content/EngineSky/VolumetricClouds/VT_Lightning.uasset" 1116
"../../../Engine/Content/EngineSky/VolumetricClouds/VT_Lightning.uexp" 1117
"../../../Engine/Content/Functions/Engine_MaterialFunctions01/Units/Km-to-Cm.uasset" 1118
"../../../Engine/Content/Functions/Engine_MaterialFunctions01/Units/Km-to-Cm.uexp" 1119
"../../../Engine/Content/EngineSky/VolumetricClouds/m_SimpleVolumetricCloud.uasset" 1120
"../../../Engine/Content/EngineSky/VolumetricClouds/m_SimpleVolumetricCloud.uexp" 1121
"../../../Engine/Content/EngineSky/VolumetricClouds/m_SimpleVolumetricCloud_Inst.uasset" 1122
"../../../Engine/Content/EngineSky/VolumetricClouds/m_SimpleVolumetricCloud_Inst.uexp" 1123
"C:/Users/xingh/Desktop/VR/KurumaIsu/Content/TripoModels/Materials/T_Tripo_Default_Black_Linear.uasset" 1124
"C:/Users/xingh/Desktop/VR/KurumaIsu/Content/TripoModels/Materials/T_Tripo_Default_Black_Linear.uexp" 1125
"C:/Users/xingh/Desktop/VR/KurumaIsu/Content/TripoModels/Materials/T_Tripo_Default_Normal.uasset" 1126
"C:/Users/xingh/Desktop/VR/KurumaIsu/Content/TripoModels/Materials/T_Tripo_Default_Normal.uexp" 1127
"C:/Users/xingh/Desktop/VR/KurumaIsu/Content/TripoModels/Materials/T_Tripo_Default_White_Linear.uasset" 1128
"C:/Users/xingh/Desktop/VR/KurumaIsu/Content/TripoModels/Materials/T_Tripo_Default_White_Linear.uexp" 1129
"C:/Users/xingh/Desktop/VR/KurumaIsu/Content/TripoModels/Materials/T_Tripo_Default_White.uasset" 1130
"C:/Users/xingh/Desktop/VR/KurumaIsu/Content/TripoModels/Materials/T_Tripo_Default_White.uexp" 1131
"C:/Users/xingh/Desktop/VR/KurumaIsu/Content/TripoModels/Materials/M_Tripo_PBR_Master.uasset" 1132
"C:/Users/xingh/Desktop/VR/KurumaIsu/Content/TripoModels/Materials/M_Tripo_PBR_Master.uexp" 1133
"C:/Users/xingh/Desktop/VR/KurumaIsu/Content/TripoModels/whiteboard/Textures/whiteboard_basecolor.ubulk" 1134
"C:/Users/xingh/Desktop/VR/KurumaIsu/Content/TripoModels/whiteboard/Textures/whiteboard_basecolor.uasset" 1135
"C:/Users/xingh/Desktop/VR/KurumaIsu/Content/TripoModels/whiteboard/Textures/whiteboard_basecolor.uexp" 1136
"C:/Users/xingh/Desktop/VR/KurumaIsu/Content/TripoModels/whiteboard/whiteboard_Mat.uasset" 1137
"C:/Users/xingh/Desktop/VR/KurumaIsu/Content/TripoModels/whiteboard/whiteboard_Mat.uexp" 1138
"C:/Users/xingh/Desktop/VR/KurumaIsu/Content/TripoModels/whiteboard/whiteboard.ubulk" 1139
"C:/Users/xingh/Desktop/VR/KurumaIsu/Content/TripoModels/whiteboard/whiteboard.uasset" 1140
"C:/Users/xingh/Desktop/VR/KurumaIsu/Content/TripoModels/whiteboard/whiteboard.uexp" 1141
"C:/Users/xingh/Desktop/VR/KurumaIsu/Content/Yoshida/WBP_Quest.uasset" 1142
"C:/Users/xingh/Desktop/VR/KurumaIsu/Content/Yoshida/WBP_Quest.uexp" 1143
"C:/Users/xingh/Desktop/VR/KurumaIsu/Content/Yoshida/BP_WhiteBoard.uasset" 1144
"C:/Users/xingh/Desktop/VR/KurumaIsu/Content/Yoshida/BP_WhiteBoard.uexp" 1145
"C:/Users/xingh/Desktop/VR/KurumaIsu/Content/Yoshida/CURVE_ItemLight.uasset" 1146
"C:/Users/xingh/Desktop/VR/KurumaIsu/Content/Yoshida/CURVE_ItemLight.uexp" 1147
"C:/Users/xingh/Desktop/VR/KurumaIsu/Content/Yoshida/BP_ItemLight4.uasset" 1148
"C:/Users/xingh/Desktop/VR/KurumaIsu/Content/Yoshida/BP_ItemLight4.uexp" 1149
"C:/Users/xingh/Desktop/VR/KurumaIsu/Content/TripoModels/Key4/Textures/Key4_Tex.ubulk" 1150
"C:/Users/xingh/Desktop/VR/KurumaIsu/Content/TripoModels/Key4/Textures/Key4_Tex.uasset" 1151
"C:/Users/xingh/Desktop/VR/KurumaIsu/Content/TripoModels/Key4/Textures/Key4_Tex.uexp" 1152
"C:/Users/xingh/Desktop/VR/KurumaIsu/Content/TripoModels/Key4/Key4_Mat.uasset" 1153
"C:/Users/xingh/Desktop/VR/KurumaIsu/Content/TripoModels/Key4/Key4_Mat.uexp" 1154
"C:/Users/xingh/Desktop/VR/KurumaIsu/Content/TripoModels/Key4/Key4.ubulk" 1155
"C:/Users/xingh/Desktop/VR/KurumaIsu/Content/TripoModels/Key4/Key4.uasset" 1156
"C:/Users/xingh/Desktop/VR/KurumaIsu/Content/TripoModels/Key4/Key4.uexp" 1157
"C:/Users/xingh/Desktop/VR/KurumaIsu/Content/Yoshida/BP_ExitKey4.uasset" 1158
"C:/Users/xingh/Desktop/VR/KurumaIsu/Content/Yoshida/BP_ExitKey4.uexp" 1159
"C:/Users/xingh/Desktop/VR/KurumaIsu/Content/Yoshida/BP_ItemLight3.uasset" 1160
"C:/Users/xingh/Desktop/VR/KurumaIsu/Content/Yoshida/BP_ItemLight3.uexp" 1161
"C:/Users/xingh/Desktop/VR/KurumaIsu/Content/TripoModels/Key3/Textures/Key3_Tex.ubulk" 1162
"C:/Users/xingh/Desktop/VR/KurumaIsu/Content/TripoModels/Key3/Textures/Key3_Tex.uasset" 1163
"C:/Users/xingh/Desktop/VR/KurumaIsu/Content/TripoModels/Key3/Textures/Key3_Tex.uexp" 1164
"C:/Users/xingh/Desktop/VR/KurumaIsu/Content/TripoModels/Key3/Key3_Mat.uasset" 1165
"C:/Users/xingh/Desktop/VR/KurumaIsu/Content/TripoModels/Key3/Key3_Mat.uexp" 1166
"C:/Users/xingh/Desktop/VR/KurumaIsu/Content/TripoModels/Key3/Key3.ubulk" 1167
"C:/Users/xingh/Desktop/VR/KurumaIsu/Content/TripoModels/Key3/Key3.uasset" 1168
"C:/Users/xingh/Desktop/VR/KurumaIsu/Content/TripoModels/Key3/Key3.uexp" 1169
"C:/Users/xingh/Desktop/VR/KurumaIsu/Content/Yoshida/BP_ExitKey3.uasset" 1170
"C:/Users/xingh/Desktop/VR/KurumaIsu/Content/Yoshida/BP_ExitKey3.uexp" 1171
"C:/Users/xingh/Desktop/VR/KurumaIsu/Content/Yoshida/BP_ItemLight2.uasset" 1172
"C:/Users/xingh/Desktop/VR/KurumaIsu/Content/Yoshida/BP_ItemLight2.uexp" 1173
"C:/Users/xingh/Desktop/VR/KurumaIsu/Content/TripoModels/Key2/Textures/Key2_Tex.ubulk" 1174
"C:/Users/xingh/Desktop/VR/KurumaIsu/Content/TripoModels/Key2/Textures/Key2_Tex.uasset" 1175
"C:/Users/xingh/Desktop/VR/KurumaIsu/Content/TripoModels/Key2/Textures/Key2_Tex.uexp" 1176
"C:/Users/xingh/Desktop/VR/KurumaIsu/Content/TripoModels/Key2/Key2_Mat.uasset" 1177
"C:/Users/xingh/Desktop/VR/KurumaIsu/Content/TripoModels/Key2/Key2_Mat.uexp" 1178
"C:/Users/xingh/Desktop/VR/KurumaIsu/Content/TripoModels/Key2/Key2.ubulk" 1179
"C:/Users/xingh/Desktop/VR/KurumaIsu/Content/TripoModels/Key2/Key2.uasset" 1180
"C:/Users/xingh/Desktop/VR/KurumaIsu/Content/TripoModels/Key2/Key2.uexp" 1181
"C:/Users/xingh/Desktop/VR/KurumaIsu/Content/Yoshida/BP_ExitKey2.uasset" 1182
"C:/Users/xingh/Desktop/VR/KurumaIsu/Content/Yoshida/BP_ExitKey2.uexp" 1183
"C:/Users/xingh/Desktop/VR/KurumaIsu/Content/Yoshida/BP_ItemLight1.uasset" 1184
"C:/Users/xingh/Desktop/VR/KurumaIsu/Content/Yoshida/BP_ItemLight1.uexp" 1185
"C:/Users/xingh/Desktop/VR/KurumaIsu/Content/TripoModels/Key1/Textures/Key1_Tex.ubulk" 1186
"C:/Users/xingh/Desktop/VR/KurumaIsu/Content/TripoModels/Key1/Textures/Key1_Tex.uasset" 1187
"C:/Users/xingh/Desktop/VR/KurumaIsu/Content/TripoModels/Key1/Textures/Key1_Tex.uexp" 1188
"C:/Users/xingh/Desktop/VR/KurumaIsu/Content/TripoModels/Key1/Key1_Mat.uasset" 1189
"C:/Users/xingh/Desktop/VR/KurumaIsu/Content/TripoModels/Key1/Key1_Mat.uexp" 1190
"C:/Users/xingh/Desktop/VR/KurumaIsu/Content/TripoModels/Key1/Key1.ubulk" 1191
"C:/Users/xingh/Desktop/VR/KurumaIsu/Content/TripoModels/Key1/Key1.uasset" 1192
"C:/Users/xingh/Desktop/VR/KurumaIsu/Content/TripoModels/Key1/Key1.uexp" 1193
"C:/Users/xingh/Desktop/VR/KurumaIsu/Content/Yoshida/BP_ExitKey1.uasset" 1194
"C:/Users/xingh/Desktop/VR/KurumaIsu/Content/Yoshida/BP_ExitKey1.uexp" 1195
"C:/Users/xingh/Desktop/VR/KurumaIsu/Content/Characters/Nuigurumi/nuigurumi_kaiga_Skeleton.uasset" 1196
"C:/Users/xingh/Desktop/VR/KurumaIsu/Content/Characters/Nuigurumi/nuigurumi_kaiga_Skeleton.uexp" 1197
"C:/Users/xingh/Desktop/VR/KurumaIsu/Content/Characters/Nuigurumi/nuigurumi_mat_V02_Roughness.ubulk" 1198
"C:/Users/xingh/Desktop/VR/KurumaIsu/Content/Characters/Nuigurumi/nuigurumi_mat_V02_Roughness.uasset" 1199
"C:/Users/xingh/Desktop/VR/KurumaIsu/Content/Characters/Nuigurumi/nuigurumi_mat_V02_Roughness.uexp" 1200
"C:/Users/xingh/Desktop/VR/KurumaIsu/Content/Characters/Nuigurumi/nuigurumi_mat_V02_Normal.ubulk" 1201
"C:/Users/xingh/Desktop/VR/KurumaIsu/Content/Characters/Nuigurumi/nuigurumi_mat_V02_Normal.uasset" 1202
"C:/Users/xingh/Desktop/VR/KurumaIsu/Content/Characters/Nuigurumi/nuigurumi_mat_V02_Normal.uexp" 1203
"C:/Users/xingh/Desktop/VR/KurumaIsu/Content/Characters/Nuigurumi/nuigurumi_mat_V02_BaseColor.ubulk" 1204
"C:/Users/xingh/Desktop/VR/KurumaIsu/Content/Characters/Nuigurumi/nuigurumi_mat_V02_BaseColor.uasset" 1205
"C:/Users/xingh/Desktop/VR/KurumaIsu/Content/Characters/Nuigurumi/nuigurumi_mat_V02_BaseColor.uexp" 1206
"C:/Users/xingh/Desktop/VR/KurumaIsu/Content/Characters/Nuigurumi/M_Nuigurumi.uasset" 1207
"C:/Users/xingh/Desktop/VR/KurumaIsu/Content/Characters/Nuigurumi/M_Nuigurumi.uexp" 1208
"C:/Users/xingh/Desktop/VR/KurumaIsu/Content/Characters/Nuigurumi/nuigurumi_kaiga.uasset" 1209
"C:/Users/xingh/Desktop/VR/KurumaIsu/Content/Characters/Nuigurumi/nuigurumi_kaiga.uexp" 1210
"C:/Users/xingh/Desktop/VR/KurumaIsu/Content/Characters/Nuigurumi/Nuigurumi.uasset" 1211
"C:/Users/xingh/Desktop/VR/KurumaIsu/Content/Characters/Nuigurumi/Nuigurumi.uexp" 1212
"../../../Engine/Content/EngineMaterials/DefaultNormal_Uncompressed.ubulk" 1213
"../../../Engine/Content/EngineMaterials/DefaultNormal_Uncompressed.uasset" 1214
"../../../Engine/Content/EngineMaterials/DefaultNormal_Uncompressed.uexp" 1215
"../../../Engine/Content/Functions/Engine_MaterialFunctions02/Math/CreateThirdOrthogonalVector.uasset" 1216
"../../../Engine/Content/Functions/Engine_MaterialFunctions02/Math/CreateThirdOrthogonalVector.uexp" 1217
"../../../Engine/Content/Functions/Engine_MaterialFunctions01/Gradient/LinearGradient.uasset" 1218
"../../../Engine/Content/Functions/Engine_MaterialFunctions01/Gradient/LinearGradient.uexp" 1219
"../../../Engine/Content/Functions/Engine_MaterialFunctions01/ImageAdjustment/CheapContrast.uasset" 1220
"../../../Engine/Content/Functions/Engine_MaterialFunctions01/ImageAdjustment/CheapContrast.uexp" 1221
"../../../Engine/Content/Functions/Engine_MaterialFunctions01/Texturing/WorldAlignedTexture.uasset" 1222
"../../../Engine/Content/Functions/Engine_MaterialFunctions01/Texturing/WorldAlignedTexture.uexp" 1223
"../../../Engine/Content/Functions/Engine_MaterialFunctions02/WorldAlignedNormals_HighQuality.uasset" 1224
"../../../Engine/Content/Functions/Engine_MaterialFunctions02/WorldAlignedNormals_HighQuality.uexp" 1225
"../../../Engine/Content/Functions/Engine_MaterialFunctions01/Texturing/WorldAlignedNormal.uasset" 1226
"../../../Engine/Content/Functions/Engine_MaterialFunctions01/Texturing/WorldAlignedNormal.uexp" 1227
"C:/Users/xingh/Desktop/VR/KurumaIsu/Content/Level/Rooms/Material/RoomTile/Tile6/Concrete044D_4K-PNG_Roughness.ubulk" 1228
"C:/Users/xingh/Desktop/VR/KurumaIsu/Content/Level/Rooms/Material/RoomTile/Tile6/Concrete044D_4K-PNG_Roughness.uasset" 1229
"C:/Users/xingh/Desktop/VR/KurumaIsu/Content/Level/Rooms/Material/RoomTile/Tile6/Concrete044D_4K-PNG_Roughness.uexp" 1230
"C:/Users/xingh/Desktop/VR/KurumaIsu/Content/Level/Rooms/Material/RoomTile/Tile6/Concrete044D_4K-PNG_NormalDX.ubulk" 1231
"C:/Users/xingh/Desktop/VR/KurumaIsu/Content/Level/Rooms/Material/RoomTile/Tile6/Concrete044D_4K-PNG_NormalDX.uasset" 1232
"C:/Users/xingh/Desktop/VR/KurumaIsu/Content/Level/Rooms/Material/RoomTile/Tile6/Concrete044D_4K-PNG_NormalDX.uexp" 1233
"C:/Users/xingh/Desktop/VR/KurumaIsu/Content/Level/Rooms/Material/RoomTile/Tile6/Concrete044D_4K-PNG_Color.ubulk" 1234
"C:/Users/xingh/Desktop/VR/KurumaIsu/Content/Level/Rooms/Material/RoomTile/Tile6/Concrete044D_4K-PNG_Color.uasset" 1235
"C:/Users/xingh/Desktop/VR/KurumaIsu/Content/Level/Rooms/Material/RoomTile/Tile6/Concrete044D_4K-PNG_Color.uexp" 1236
"C:/Users/xingh/Desktop/VR/KurumaIsu/Content/Level/Rooms/Material/RoomTile/Tile6/Concrete044D_4K-PNG_AmbientOcclusion.ubulk" 1237
"C:/Users/xingh/Desktop/VR/KurumaIsu/Content/Level/Rooms/Material/RoomTile/Tile6/Concrete044D_4K-PNG_AmbientOcclusion.uasset" 1238
"C:/Users/xingh/Desktop/VR/KurumaIsu/Content/Level/Rooms/Material/RoomTile/Tile6/Concrete044D_4K-PNG_AmbientOcclusion.uexp" 1239
"C:/Users/xingh/Desktop/VR/KurumaIsu/Content/Level/Rooms/Material/Dirt/moss/Rock057_4K-PNG_Color.ubulk" 1240
"C:/Users/xingh/Desktop/VR/KurumaIsu/Content/Level/Rooms/Material/Dirt/moss/Rock057_4K-PNG_Color.uasset" 1241
"C:/Users/xingh/Desktop/VR/KurumaIsu/Content/Level/Rooms/Material/Dirt/moss/Rock057_4K-PNG_Color.uexp" 1242
"C:/Users/xingh/Desktop/VR/KurumaIsu/Content/Level/Rooms/Material/RoomTile/RoomTile6.uasset" 1243
"C:/Users/xingh/Desktop/VR/KurumaIsu/Content/Level/Rooms/Material/RoomTile/RoomTile6.uexp" 1244
"../../../Engine/Content/Functions/Engine_MaterialFunctions01/Shading/FuzzyShading.uasset" 1245
"../../../Engine/Content/Functions/Engine_MaterialFunctions01/Shading/FuzzyShading.uexp" 1246
"C:/Users/xingh/Desktop/VR/KurumaIsu/Content/Import/TX_Fill_01_RMA.ubulk" 1247
"C:/Users/xingh/Desktop/VR/KurumaIsu/Content/Import/TX_Fill_01_RMA.uasset" 1248
"C:/Users/xingh/Desktop/VR/KurumaIsu/Content/Import/TX_Fill_01_RMA.uexp" 1249
"C:/Users/xingh/Desktop/VR/KurumaIsu/Content/Import/TX_Fill_01_NRM.ubulk" 1250
"C:/Users/xingh/Desktop/VR/KurumaIsu/Content/Import/TX_Fill_01_NRM.uasset" 1251
"C:/Users/xingh/Desktop/VR/KurumaIsu/Content/Import/TX_Fill_01_NRM.uexp" 1252
"C:/Users/xingh/Desktop/VR/KurumaIsu/Content/Import/TX_Fill_01_ALB.ubulk" 1253
"C:/Users/xingh/Desktop/VR/KurumaIsu/Content/Import/TX_Fill_01_ALB.uasset" 1254
"C:/Users/xingh/Desktop/VR/KurumaIsu/Content/Import/TX_Fill_01_ALB.uexp" 1255
"C:/Users/xingh/Desktop/VR/KurumaIsu/Content/Import/MF_Normal_Intensity_01a.uasset" 1256
"C:/Users/xingh/Desktop/VR/KurumaIsu/Content/Import/MF_Normal_Intensity_01a.uexp" 1257
"C:/Users/xingh/Desktop/VR/KurumaIsu/Content/Import/MM_MasterMaterial_01a.uasset" 1258
"C:/Users/xingh/Desktop/VR/KurumaIsu/Content/Import/MM_MasterMaterial_01a.uexp" 1259
"C:/Users/xingh/Desktop/VR/KurumaIsu/Content/Import/TX_Door_NN_06a_RMA.ubulk" 1260
"C:/Users/xingh/Desktop/VR/KurumaIsu/Content/Import/TX_Door_NN_06a_RMA.uasset" 1261
"C:/Users/xingh/Desktop/VR/KurumaIsu/Content/Import/TX_Door_NN_06a_RMA.uexp" 1262
"C:/Users/xingh/Desktop/VR/KurumaIsu/Content/Import/TX_Door_NN_06a_NRM.ubulk" 1263
"C:/Users/xingh/Desktop/VR/KurumaIsu/Content/Import/TX_Door_NN_06a_NRM.uasset" 1264
"C:/Users/xingh/Desktop/VR/KurumaIsu/Content/Import/TX_Door_NN_06a_NRM.uexp" 1265
"C:/Users/xingh/Desktop/VR/KurumaIsu/Content/Import/TX_Door_NN_06a_ALB.ubulk" 1266
"C:/Users/xingh/Desktop/VR/KurumaIsu/Content/Import/TX_Door_NN_06a_ALB.uasset" 1267
"C:/Users/xingh/Desktop/VR/KurumaIsu/Content/Import/TX_Door_NN_06a_ALB.uexp" 1268
"C:/Users/xingh/Desktop/VR/KurumaIsu/Content/Import/MI_Door_NN_06a.uasset" 1269
"C:/Users/xingh/Desktop/VR/KurumaIsu/Content/Import/MI_Door_NN_06a.uexp" 1270
"C:/Users/xingh/Desktop/VR/KurumaIsu/Content/Import/SM_Door_NN_06c.ubulk" 1271
"C:/Users/xingh/Desktop/VR/KurumaIsu/Content/Import/SM_Door_NN_06c.uasset" 1272
"C:/Users/xingh/Desktop/VR/KurumaIsu/Content/Import/SM_Door_NN_06c.uexp" 1273
"C:/Users/xingh/Desktop/VR/KurumaIsu/Content/Yoshida/BP_SlideDoor.uasset" 1274
"C:/Users/xingh/Desktop/VR/KurumaIsu/Content/Yoshida/BP_SlideDoor.uexp" 1275
"../../../Engine/Content/BasicShapes/Plane.ubulk" 1276
"../../../Engine/Content/BasicShapes/Plane.uasset" 1277
"../../../Engine/Content/BasicShapes/Plane.uexp" 1278
"C:/Users/xingh/Desktop/VR/KurumaIsu/Content/Yoshida/CURVE_HorrorLight3.uasset" 1279
"C:/Users/xingh/Desktop/VR/KurumaIsu/Content/Yoshida/CURVE_HorrorLight3.uexp" 1280
"C:/Users/xingh/Desktop/VR/KurumaIsu/Content/Yoshida/CURVE_HorrorLight2.uasset" 1281
"C:/Users/xingh/Desktop/VR/KurumaIsu/Content/Yoshida/CURVE_HorrorLight2.uexp" 1282
"C:/Users/xingh/Desktop/VR/KurumaIsu/Content/Yoshida/CURVE_HorrorLight1.uasset" 1283
"C:/Users/xingh/Desktop/VR/KurumaIsu/Content/Yoshida/CURVE_HorrorLight1.uexp" 1284
"C:/Users/xingh/Desktop/VR/KurumaIsu/Content/Yoshida/BP_HorrorLight.uasset" 1285
"C:/Users/xingh/Desktop/VR/KurumaIsu/Content/Yoshida/BP_HorrorLight.uexp" 1286
"C:/Users/xingh/Desktop/VR/KurumaIsu/Content/Yoshida/CURVE_Elevator.uasset" 1287
"C:/Users/xingh/Desktop/VR/KurumaIsu/Content/Yoshida/CURVE_Elevator.uexp" 1288
"C:/Users/xingh/Desktop/VR/KurumaIsu/Content/TripoModels/upLight/Textures/upLight_1_Tex.ubulk" 1289
"C:/Users/xingh/Desktop/VR/KurumaIsu/Content/TripoModels/upLight/Textures/upLight_1_Tex.uasset" 1290
"C:/Users/xingh/Desktop/VR/KurumaIsu/Content/TripoModels/upLight/Textures/upLight_1_Tex.uexp" 1291
"C:/Users/xingh/Desktop/VR/KurumaIsu/Content/TripoModels/upLight/upLight_1_Mat.uasset" 1292
"C:/Users/xingh/Desktop/VR/KurumaIsu/Content/TripoModels/upLight/upLight_1_Mat.uexp" 1293
"C:/Users/xingh/Desktop/VR/KurumaIsu/Content/TripoModels/upLight/M_upLight.ubulk" 1294
"C:/Users/xingh/Desktop/VR/KurumaIsu/Content/TripoModels/upLight/M_upLight.uasset" 1295
"C:/Users/xingh/Desktop/VR/KurumaIsu/Content/TripoModels/upLight/M_upLight.uexp" 1296
"C:/Users/xingh/Desktop/VR/KurumaIsu/Content/Yoshida/BPI_Elevator.uasset" 1297
"C:/Users/xingh/Desktop/VR/KurumaIsu/Content/Yoshida/BPI_Elevator.uexp" 1298
"C:/Users/xingh/Desktop/VR/KurumaIsu/Content/Level/Rooms/Material/Ev/Floor/DiamondPlate005C_4K-PNG_Roughness.ubulk" 1299
"C:/Users/xingh/Desktop/VR/KurumaIsu/Content/Level/Rooms/Material/Ev/Floor/DiamondPlate005C_4K-PNG_Roughness.uasset" 1300
"C:/Users/xingh/Desktop/VR/KurumaIsu/Content/Level/Rooms/Material/Ev/Floor/DiamondPlate005C_4K-PNG_Roughness.uexp" 1301
"C:/Users/xingh/Desktop/VR/KurumaIsu/Content/Level/Rooms/Material/Ev/Floor/DiamondPlate005C_4K-PNG_NormalDX.ubulk" 1302
"C:/Users/xingh/Desktop/VR/KurumaIsu/Content/Level/Rooms/Material/Ev/Floor/DiamondPlate005C_4K-PNG_NormalDX.uasset" 1303
"C:/Users/xingh/Desktop/VR/KurumaIsu/Content/Level/Rooms/Material/Ev/Floor/DiamondPlate005C_4K-PNG_NormalDX.uexp" 1304
"C:/Users/xingh/Desktop/VR/KurumaIsu/Content/Level/Rooms/Material/Ev/Floor/DiamondPlate005C_4K-PNG_Color.ubulk" 1305
"C:/Users/xingh/Desktop/VR/KurumaIsu/Content/Level/Rooms/Material/Ev/Floor/DiamondPlate005C_4K-PNG_Color.uasset" 1306
"C:/Users/xingh/Desktop/VR/KurumaIsu/Content/Level/Rooms/Material/Ev/Floor/DiamondPlate005C_4K-PNG_Color.uexp" 1307
"C:/Users/xingh/Desktop/VR/KurumaIsu/Content/Level/Rooms/Material/Ev/Floor/DiamondPlate005C_4K-PNG_AmbientOcclusion.ubulk" 1308
"C:/Users/xingh/Desktop/VR/KurumaIsu/Content/Level/Rooms/Material/Ev/Floor/DiamondPlate005C_4K-PNG_AmbientOcclusion.uasset" 1309
"C:/Users/xingh/Desktop/VR/KurumaIsu/Content/Level/Rooms/Material/Ev/Floor/DiamondPlate005C_4K-PNG_AmbientOcclusion.uexp" 1310
"C:/Users/xingh/Desktop/VR/KurumaIsu/Content/Level/Rooms/Material/Dirt/rust/Metal053C_4K-PNG_Color.ubulk" 1311
"C:/Users/xingh/Desktop/VR/KurumaIsu/Content/Level/Rooms/Material/Dirt/rust/Metal053C_4K-PNG_Color.uasset" 1312
"C:/Users/xingh/Desktop/VR/KurumaIsu/Content/Level/Rooms/Material/Dirt/rust/Metal053C_4K-PNG_Color.uexp" 1313
"C:/Users/xingh/Desktop/VR/KurumaIsu/Content/Level/Rooms/Material/Ev/EvFloor.uasset" 1314
"C:/Users/xingh/Desktop/VR/KurumaIsu/Content/Level/Rooms/Material/Ev/EvFloor.uexp" 1315
"C:/Users/xingh/Desktop/VR/KurumaIsu/Content/Level/Rooms/Material/Ev/Door/Metal063_4K-PNG_Roughness.ubulk" 1316
"C:/Users/xingh/Desktop/VR/KurumaIsu/Content/Level/Rooms/Material/Ev/Door/Metal063_4K-PNG_Roughness.uasset" 1317
"C:/Users/xingh/Desktop/VR/KurumaIsu/Content/Level/Rooms/Material/Ev/Door/Metal063_4K-PNG_Roughness.uexp" 1318
"C:/Users/xingh/Desktop/VR/KurumaIsu/Content/Level/Rooms/Material/Ev/Door/Metal063_4K-PNG_NormalDX.ubulk" 1319
"C:/Users/xingh/Desktop/VR/KurumaIsu/Content/Level/Rooms/Material/Ev/Door/Metal063_4K-PNG_NormalDX.uasset" 1320
"C:/Users/xingh/Desktop/VR/KurumaIsu/Content/Level/Rooms/Material/Ev/Door/Metal063_4K-PNG_NormalDX.uexp" 1321
"C:/Users/xingh/Desktop/VR/KurumaIsu/Content/Level/Rooms/Material/Ev/Door/Metal063_4K-PNG_Color.ubulk" 1322
"C:/Users/xingh/Desktop/VR/KurumaIsu/Content/Level/Rooms/Material/Ev/Door/Metal063_4K-PNG_Color.uasset" 1323
"C:/Users/xingh/Desktop/VR/KurumaIsu/Content/Level/Rooms/Material/Ev/Door/Metal063_4K-PNG_Color.uexp" 1324
"C:/Users/xingh/Desktop/VR/KurumaIsu/Content/Level/Rooms/Material/Ev/EvDoor.uasset" 1325
"C:/Users/xingh/Desktop/VR/KurumaIsu/Content/Level/Rooms/Material/Ev/EvDoor.uexp" 1326
"C:/Users/xingh/Desktop/VR/KurumaIsu/Content/Level/Rooms/Material/Ev/Wall/Concrete048_4K-PNG_Roughness.ubulk" 1327
"C:/Users/xingh/Desktop/VR/KurumaIsu/Content/Level/Rooms/Material/Ev/Wall/Concrete048_4K-PNG_Roughness.uasset" 1328
"C:/Users/xingh/Desktop/VR/KurumaIsu/Content/Level/Rooms/Material/Ev/Wall/Concrete048_4K-PNG_Roughness.uexp" 1329
"C:/Users/xingh/Desktop/VR/KurumaIsu/Content/Level/Rooms/Material/Ev/Wall/Concrete048_4K-PNG_NormalDX.ubulk" 1330
"C:/Users/xingh/Desktop/VR/KurumaIsu/Content/Level/Rooms/Material/Ev/Wall/Concrete048_4K-PNG_NormalDX.uasset" 1331
"C:/Users/xingh/Desktop/VR/KurumaIsu/Content/Level/Rooms/Material/Ev/Wall/Concrete048_4K-PNG_NormalDX.uexp" 1332
"C:/Users/xingh/Desktop/VR/KurumaIsu/Content/Level/Rooms/Material/Ev/Wall/Concrete048_4K-PNG_Color.ubulk" 1333
"C:/Users/xingh/Desktop/VR/KurumaIsu/Content/Level/Rooms/Material/Ev/Wall/Concrete048_4K-PNG_Color.uasset" 1334
"C:/Users/xingh/Desktop/VR/KurumaIsu/Content/Level/Rooms/Material/Ev/Wall/Concrete048_4K-PNG_Color.uexp" 1335
"C:/Users/xingh/Desktop/VR/KurumaIsu/Content/Level/Rooms/Material/Ev/Wall/Concrete048_4K-PNG_AmbientOcclusion.ubulk" 1336
"C:/Users/xingh/Desktop/VR/KurumaIsu/Content/Level/Rooms/Material/Ev/Wall/Concrete048_4K-PNG_AmbientOcclusion.uasset" 1337
"C:/Users/xingh/Desktop/VR/KurumaIsu/Content/Level/Rooms/Material/Ev/Wall/Concrete048_4K-PNG_AmbientOcclusion.uexp" 1338
"C:/Users/xingh/Desktop/VR/KurumaIsu/Content/Level/Rooms/Material/Ev/EvWall.uasset" 1339
"C:/Users/xingh/Desktop/VR/KurumaIsu/Content/Level/Rooms/Material/Ev/EvWall.uexp" 1340
"C:/Users/xingh/Desktop/VR/KurumaIsu/Content/Yoshida/BP_Elevator.uasset" 1341
"C:/Users/xingh/Desktop/VR/KurumaIsu/Content/Yoshida/BP_Elevator.uexp" 1342
"../../../Engine/Content/BasicShapes/BasicShapeMaterial.uasset" 1343
"../../../Engine/Content/BasicShapes/BasicShapeMaterial.uexp" 1344
"C:/Users/xingh/Desktop/VR/KurumaIsu/Content/Yoshida/Resource/nc_Attenuation_temp.uasset" 1345
"C:/Users/xingh/Desktop/VR/KurumaIsu/Content/Yoshida/Resource/nc_Attenuation_temp.uexp" 1346
"C:/Users/xingh/Desktop/VR/KurumaIsu/Content/Yoshida/Resource/nc_sound_temp.ubulk" 1347
"C:/Users/xingh/Desktop/VR/KurumaIsu/Content/Yoshida/Resource/nc_sound_temp.uasset" 1348
"C:/Users/xingh/Desktop/VR/KurumaIsu/Content/Yoshida/Resource/nc_sound_temp.uexp" 1349
"C:/Users/xingh/Desktop/VR/KurumaIsu/Content/Yoshida/BP_NurseCall.uasset" 1350
"C:/Users/xingh/Desktop/VR/KurumaIsu/Content/Yoshida/BP_NurseCall.uexp" 1351
"../../../Engine/Content/BasicShapes/Sphere.ubulk" 1352
"../../../Engine/Content/BasicShapes/Sphere.uasset" 1353
"../../../Engine/Content/BasicShapes/Sphere.uexp" 1354
"C:/Users/xingh/Desktop/VR/KurumaIsu/Content/Yoshida/BP_HorrorSoundSensor.uasset" 1355
"C:/Users/xingh/Desktop/VR/KurumaIsu/Content/Yoshida/BP_HorrorSoundSensor.uexp" 1356
"C:/Users/xingh/Desktop/VR/KurumaIsu/Content/Yoshida/Resource/ecg_Attenuation_temp.uasset" 1357
"C:/Users/xingh/Desktop/VR/KurumaIsu/Content/Yoshida/Resource/ecg_Attenuation_temp.uexp" 1358
"C:/Users/xingh/Desktop/VR/KurumaIsu/Content/Yoshida/Resource/ecg_sound_temp.ubulk" 1359
"C:/Users/xingh/Desktop/VR/KurumaIsu/Content/Yoshida/Resource/ecg_sound_temp.uasset" 1360
"C:/Users/xingh/Desktop/VR/KurumaIsu/Content/Yoshida/Resource/ecg_sound_temp.uexp" 1361
"C:/Users/xingh/Desktop/VR/KurumaIsu/Content/Yoshida/BP_ElectroCardiogram.uasset" 1362
"C:/Users/xingh/Desktop/VR/KurumaIsu/Content/Yoshida/BP_ElectroCardiogram.uexp" 1363
"C:/Users/xingh/Desktop/VR/KurumaIsu/Content/TripoModels/photo/Textures/photo_Tex.ubulk" 1364
"C:/Users/xingh/Desktop/VR/KurumaIsu/Content/TripoModels/photo/Textures/photo_Tex.uasset" 1365
"C:/Users/xingh/Desktop/VR/KurumaIsu/Content/TripoModels/photo/Textures/photo_Tex.uexp" 1366
"C:/Users/xingh/Desktop/VR/KurumaIsu/Content/TripoModels/photo/photo_Mat.uasset" 1367
"C:/Users/xingh/Desktop/VR/KurumaIsu/Content/TripoModels/photo/photo_Mat.uexp" 1368
"C:/Users/xingh/Desktop/VR/KurumaIsu/Content/TripoModels/photo/photo.ubulk" 1369
"C:/Users/xingh/Desktop/VR/KurumaIsu/Content/TripoModels/photo/photo.uasset" 1370
"C:/Users/xingh/Desktop/VR/KurumaIsu/Content/TripoModels/photo/photo.uexp" 1371
"C:/Users/xingh/Desktop/VR/KurumaIsu/Content/Yoshida/BP_ItemLight5.uasset" 1372
"C:/Users/xingh/Desktop/VR/KurumaIsu/Content/Yoshida/BP_ItemLight5.uexp" 1373
"C:/Users/xingh/Desktop/VR/KurumaIsu/Content/Yoshida/BP_Photo.uasset" 1374
"C:/Users/xingh/Desktop/VR/KurumaIsu/Content/Yoshida/BP_Photo.uexp" 1375
"C:/Users/xingh/Desktop/VR/KurumaIsu/Content/Yoshida/IA_DebugInput.uasset" 1376
"C:/Users/xingh/Desktop/VR/KurumaIsu/Content/Yoshida/IA_DebugInput.uexp" 1377
"C:/Users/xingh/Desktop/VR/KurumaIsu/Content/Yoshida/BP_MoveInput.uasset" 1378
"C:/Users/xingh/Desktop/VR/KurumaIsu/Content/Yoshida/BP_MoveInput.uexp" 1379
"C:/Users/xingh/Desktop/VR/KurumaIsu/Content/TripoModels/upButton/Textures/upButton_Tex.ubulk" 1380
"C:/Users/xingh/Desktop/VR/KurumaIsu/Content/TripoModels/upButton/Textures/upButton_Tex.uasset" 1381
"C:/Users/xingh/Desktop/VR/KurumaIsu/Content/TripoModels/upButton/Textures/upButton_Tex.uexp" 1382
"C:/Users/xingh/Desktop/VR/KurumaIsu/Content/TripoModels/upButton/upButton_Mat.uasset" 1383
"C:/Users/xingh/Desktop/VR/KurumaIsu/Content/TripoModels/upButton/upButton_Mat.uexp" 1384
"C:/Users/xingh/Desktop/VR/KurumaIsu/Content/TripoModels/upButton/upButton.ubulk" 1385
"C:/Users/xingh/Desktop/VR/KurumaIsu/Content/TripoModels/upButton/upButton.uasset" 1386
"C:/Users/xingh/Desktop/VR/KurumaIsu/Content/TripoModels/upButton/upButton.uexp" 1387
"C:/Users/xingh/Desktop/VR/KurumaIsu/Content/Yoshida/BP_ElevatorButton_UP.uasset" 1388
"C:/Users/xingh/Desktop/VR/KurumaIsu/Content/Yoshida/BP_ElevatorButton_UP.uexp" 1389
"C:/Users/xingh/Desktop/VR/KurumaIsu/Content/TripoModels/downButton/Textures/downButton_basecolor.ubulk" 1390
"C:/Users/xingh/Desktop/VR/KurumaIsu/Content/TripoModels/downButton/Textures/downButton_basecolor.uasset" 1391
"C:/Users/xingh/Desktop/VR/KurumaIsu/Content/TripoModels/downButton/Textures/downButton_basecolor.uexp" 1392
"C:/Users/xingh/Desktop/VR/KurumaIsu/Content/TripoModels/downButton/downButton_Mat.uasset" 1393
"C:/Users/xingh/Desktop/VR/KurumaIsu/Content/TripoModels/downButton/downButton_Mat.uexp" 1394
"C:/Users/xingh/Desktop/VR/KurumaIsu/Content/TripoModels/downButton/downButton.ubulk" 1395
"C:/Users/xingh/Desktop/VR/KurumaIsu/Content/TripoModels/downButton/downButton.uasset" 1396
"C:/Users/xingh/Desktop/VR/KurumaIsu/Content/TripoModels/downButton/downButton.uexp" 1397
"C:/Users/xingh/Desktop/VR/KurumaIsu/Content/Yoshida/BP_ElevatorButton_DOWN.uasset" 1398
"C:/Users/xingh/Desktop/VR/KurumaIsu/Content/Yoshida/BP_ElevatorButton_DOWN.uexp" 1399
"../../../Engine/Content/VREditor/Devices/Generic/GenericHMDMaterial.uasset" 1400
"../../../Engine/Content/VREditor/Devices/Generic/GenericHMDMaterial.uexp" 1401
"../../../Engine/Content/VREditor/Devices/Generic/GenericHMD.ubulk" 1402
"../../../Engine/Content/VREditor/Devices/Generic/GenericHMD.uasset" 1403
"../../../Engine/Content/VREditor/Devices/Generic/GenericHMD.uexp" 1404
"C:/Users/xingh/Desktop/VR/KurumaIsu/Content/Yoshida/IA_RightStick.uasset" 1405
"C:/Users/xingh/Desktop/VR/KurumaIsu/Content/Yoshida/IA_RightStick.uexp" 1406
"C:/Users/xingh/Desktop/VR/KurumaIsu/Content/Yoshida/IA_LeftStick.uasset" 1407
"C:/Users/xingh/Desktop/VR/KurumaIsu/Content/Yoshida/IA_LeftStick.uexp" 1408
"C:/Users/xingh/Desktop/VR/KurumaIsu/Content/Yoshida/IA_LeftButtonA.uasset" 1409
"C:/Users/xingh/Desktop/VR/KurumaIsu/Content/Yoshida/IA_LeftButtonA.uexp" 1410
"C:/Users/xingh/Desktop/VR/KurumaIsu/Content/VRTemplate/Haptics/GrabHapticEffect.uasset" 1411
"C:/Users/xingh/Desktop/VR/KurumaIsu/Content/VRTemplate/Haptics/GrabHapticEffect.uexp" 1412
"C:/Users/xingh/Desktop/VR/KurumaIsu/Content/VRTemplate/Blueprints/GrabType.uasset" 1413
"C:/Users/xingh/Desktop/VR/KurumaIsu/Content/VRTemplate/Blueprints/GrabType.uexp" 1414
"C:/Users/xingh/Desktop/VR/KurumaIsu/Content/VRTemplate/Blueprints/GrabComponent.uasset" 1415
"C:/Users/xingh/Desktop/VR/KurumaIsu/Content/VRTemplate/Blueprints/GrabComponent.uexp" 1416
"C:/Users/xingh/Desktop/VR/KurumaIsu/Content/VRTemplate/VFX/NPC_VRTemplate.uasset" 1417
"C:/Users/xingh/Desktop/VR/KurumaIsu/Content/VRTemplate/VFX/NPC_VRTemplate.uexp" 1418
"C:/Users/xingh/Desktop/VR/KurumaIsu/Content/VRTemplate/Materials/DefaultRibbonMaterial_NoGradient.uasset" 1419
"C:/Users/xingh/Desktop/VR/KurumaIsu/Content/VRTemplate/Materials/DefaultRibbonMaterial_NoGradient.uexp" 1420
"C:/Users/xingh/Desktop/VR/KurumaIsu/Content/VRTemplate/VFX/NS_TeleportTrace.uasset" 1421
"C:/Users/xingh/Desktop/VR/KurumaIsu/Content/VRTemplate/VFX/NS_TeleportTrace.uexp" 1422
"C:/Users/xingh/Desktop/VR/KurumaIsu/Content/Yoshida/IA_RightButtonA.uasset" 1423
"C:/Users/xingh/Desktop/VR/KurumaIsu/Content/Yoshida/IA_RightButtonA.uexp" 1424
"C:/Users/xingh/Desktop/VR/KurumaIsu/Content/VRTemplate/Input/Actions/IA_Grab_Left.uasset" 1425
"C:/Users/xingh/Desktop/VR/KurumaIsu/Content/VRTemplate/Input/Actions/IA_Grab_Left.uexp" 1426
"C:/Users/xingh/Desktop/VR/KurumaIsu/Content/VRTemplate/Input/Actions/IA_Grab_Right.uasset" 1427
"C:/Users/xingh/Desktop/VR/KurumaIsu/Content/VRTemplate/Input/Actions/IA_Grab_Right.uexp" 1428
"C:/Users/xingh/Desktop/VR/KurumaIsu/Content/VRTemplate/Input/Actions/IA_Menu_Toggle_Left.uasset" 1429
"C:/Users/xingh/Desktop/VR/KurumaIsu/Content/VRTemplate/Input/Actions/IA_Menu_Toggle_Left.uexp" 1430
"C:/Users/xingh/Desktop/VR/KurumaIsu/Content/VRTemplate/Input/Actions/IA_Menu_Toggle_Right.uasset" 1431
"C:/Users/xingh/Desktop/VR/KurumaIsu/Content/VRTemplate/Input/Actions/IA_Menu_Toggle_Right.uexp" 1432
"C:/Users/xingh/Desktop/VR/KurumaIsu/Content/VRTemplate/Input/B_InputModifier_XAxisPositiveOnly.uasset" 1433
"C:/Users/xingh/Desktop/VR/KurumaIsu/Content/VRTemplate/Input/B_InputModifier_XAxisPositiveOnly.uexp" 1434
"C:/Users/xingh/Desktop/VR/KurumaIsu/Content/VRTemplate/Input/Actions/IA_Move.uasset" 1435
"C:/Users/xingh/Desktop/VR/KurumaIsu/Content/VRTemplate/Input/Actions/IA_Move.uexp" 1436
"C:/Users/xingh/Desktop/VR/KurumaIsu/Content/VRTemplate/Input/Actions/IA_Smooth_Move.uasset" 1437
"C:/Users/xingh/Desktop/VR/KurumaIsu/Content/VRTemplate/Input/Actions/IA_Smooth_Move.uexp" 1438
"C:/Users/xingh/Desktop/VR/KurumaIsu/Content/VRTemplate/Input/Actions/IA_Smooth_Turn.uasset" 1439
"C:/Users/xingh/Desktop/VR/KurumaIsu/Content/VRTemplate/Input/Actions/IA_Smooth_Turn.uexp" 1440
"C:/Users/xingh/Desktop/VR/KurumaIsu/Content/VRTemplate/Input/Actions/IA_Turn.uasset" 1441
"C:/Users/xingh/Desktop/VR/KurumaIsu/Content/VRTemplate/Input/Actions/IA_Turn.uexp" 1442
"C:/Users/xingh/Desktop/VR/KurumaIsu/Content/VRTemplate/Input/IMC_Default.uasset" 1443
"C:/Users/xingh/Desktop/VR/KurumaIsu/Content/VRTemplate/Input/IMC_Default.uexp" 1444
"C:/Users/xingh/Desktop/VR/KurumaIsu/Content/VRTemplate/Input/Actions/Hands/IA_Hand_Grasp_Left.uasset" 1445
"C:/Users/xingh/Desktop/VR/KurumaIsu/Content/VRTemplate/Input/Actions/Hands/IA_Hand_Grasp_Left.uexp" 1446
"C:/Users/xingh/Desktop/VR/KurumaIsu/Content/VRTemplate/Input/Actions/Hands/IA_Hand_Grasp_Right.uasset" 1447
"C:/Users/xingh/Desktop/VR/KurumaIsu/Content/VRTemplate/Input/Actions/Hands/IA_Hand_Grasp_Right.uexp" 1448
"C:/Users/xingh/Desktop/VR/KurumaIsu/Content/VRTemplate/Input/Actions/Hands/IA_Hand_IndexCurl_Left.uasset" 1449
"C:/Users/xingh/Desktop/VR/KurumaIsu/Content/VRTemplate/Input/Actions/Hands/IA_Hand_IndexCurl_Left.uexp" 1450
"C:/Users/xingh/Desktop/VR/KurumaIsu/Content/VRTemplate/Input/Actions/Hands/IA_Hand_IndexCurl_Right.uasset" 1451
"C:/Users/xingh/Desktop/VR/KurumaIsu/Content/VRTemplate/Input/Actions/Hands/IA_Hand_IndexCurl_Right.uexp" 1452
"C:/Users/xingh/Desktop/VR/KurumaIsu/Content/VRTemplate/Input/Actions/Hands/IA_Hand_Point_Left.uasset" 1453
"C:/Users/xingh/Desktop/VR/KurumaIsu/Content/VRTemplate/Input/Actions/Hands/IA_Hand_Point_Left.uexp" 1454
"C:/Users/xingh/Desktop/VR/KurumaIsu/Content/VRTemplate/Input/Actions/Hands/IA_Hand_Point_Right.uasset" 1455
"C:/Users/xingh/Desktop/VR/KurumaIsu/Content/VRTemplate/Input/Actions/Hands/IA_Hand_Point_Right.uexp" 1456
"C:/Users/xingh/Desktop/VR/KurumaIsu/Content/VRTemplate/Input/Actions/Hands/IA_Hand_ThumbUp_Left.uasset" 1457
"C:/Users/xingh/Desktop/VR/KurumaIsu/Content/VRTemplate/Input/Actions/Hands/IA_Hand_ThumbUp_Left.uexp" 1458
"C:/Users/xingh/Desktop/VR/KurumaIsu/Content/VRTemplate/Input/Actions/Hands/IA_Hand_ThumbUp_Right.uasset" 1459
"C:/Users/xingh/Desktop/VR/KurumaIsu/Content/VRTemplate/Input/Actions/Hands/IA_Hand_ThumbUp_Right.uexp" 1460
"C:/Users/xingh/Desktop/VR/KurumaIsu/Content/VRTemplate/Input/IMC_Hands.uasset" 1461
"C:/Users/xingh/Desktop/VR/KurumaIsu/Content/VRTemplate/Input/IMC_Hands.uexp" 1462
"C:/Users/xingh/Desktop/VR/KurumaIsu/Content/VRTemplate/Input/Actions/Debug/IA_Hand_Debug_Move_Left.uasset" 1463
"C:/Users/xingh/Desktop/VR/KurumaIsu/Content/VRTemplate/Input/Actions/Debug/IA_Hand_Debug_Move_Left.uexp" 1464
"C:/Users/xingh/Desktop/VR/KurumaIsu/Content/VRTemplate/Input/Actions/Debug/IA_Hand_Debug_Move_Right.uasset" 1465
"C:/Users/xingh/Desktop/VR/KurumaIsu/Content/VRTemplate/Input/Actions/Debug/IA_Hand_Debug_Move_Right.uexp" 1466
"C:/Users/xingh/Desktop/VR/KurumaIsu/Content/VRTemplate/Input/IMC_Hands_Debug.uasset" 1467
"C:/Users/xingh/Desktop/VR/KurumaIsu/Content/VRTemplate/Input/IMC_Hands_Debug.uexp" 1468
"../../../Engine/Content/BasicShapes/Cylinder.ubulk" 1469
"../../../Engine/Content/BasicShapes/Cylinder.uasset" 1470
"../../../Engine/Content/BasicShapes/Cylinder.uexp" 1471
"../../../Engine/Content/Functions/Engine_MaterialFunctions02/Utility/DepthFromWorldPosition.uasset" 1472
"../../../Engine/Content/Functions/Engine_MaterialFunctions02/Utility/DepthFromWorldPosition.uexp" 1473
"C:/Users/xingh/Desktop/VR/KurumaIsu/Content/VRTemplate/Materials/Functions/MF_OccludedPixels.uasset" 1474
"C:/Users/xingh/Desktop/VR/KurumaIsu/Content/VRTemplate/Materials/Functions/MF_OccludedPixels.uexp" 1475
"C:/Users/xingh/Desktop/VR/KurumaIsu/Content/VRTemplate/Materials/M_TeleportNoise.uasset" 1476
"C:/Users/xingh/Desktop/VR/KurumaIsu/Content/VRTemplate/Materials/M_TeleportNoise.uexp" 1477
"C:/Users/xingh/Desktop/VR/KurumaIsu/Content/VRTemplate/Materials/M_TeleportCylinder.uasset" 1478
"C:/Users/xingh/Desktop/VR/KurumaIsu/Content/VRTemplate/Materials/M_TeleportCylinder.uexp" 1479
"C:/Users/xingh/Desktop/VR/KurumaIsu/Content/VRTemplate/VFX/NS_TeleportRing.uasset" 1480
"C:/Users/xingh/Desktop/VR/KurumaIsu/Content/VRTemplate/VFX/NS_TeleportRing.uexp" 1481
"C:/Users/xingh/Desktop/VR/KurumaIsu/Content/VRTemplate/VFX/NS_PlayAreaBounds.uasset" 1482
"C:/Users/xingh/Desktop/VR/KurumaIsu/Content/VRTemplate/VFX/NS_PlayAreaBounds.uexp" 1483
"C:/Users/xingh/Desktop/VR/KurumaIsu/Content/VRTemplate/Blueprints/VRTeleportVisualizer.uasset" 1484
"C:/Users/xingh/Desktop/VR/KurumaIsu/Content/VRTemplate/Blueprints/VRTeleportVisualizer.uexp" 1485
"C:/Users/xingh/Desktop/VR/KurumaIsu/Content/Characters/MannequinsXR/Meshes/SK_MannequinsXR.uasset" 1486
"C:/Users/xingh/Desktop/VR/KurumaIsu/Content/Characters/MannequinsXR/Meshes/SK_MannequinsXR.uexp" 1487
"C:/Users/xingh/Desktop/VR/KurumaIsu/Content/Characters/MannequinsXR/Animations/MDT_MannequinsXR.uasset" 1488
"C:/Users/xingh/Desktop/VR/KurumaIsu/Content/Characters/MannequinsXR/Animations/MDT_MannequinsXR.uexp" 1489
"../../../Engine/Content/Animation/DefaultRecorderBoneCompression.uasset" 1490
"../../../Engine/Content/Animation/DefaultRecorderBoneCompression.uexp" 1491
"../../../Engine/Content/Animation/DefaultAnimCurveCompressionSettings.uasset" 1492
"../../../Engine/Content/Animation/DefaultAnimCurveCompressionSettings.uexp" 1493
"C:/Users/xingh/Desktop/VR/KurumaIsu/Content/Characters/MannequinsXR/Animations/A_MannequinsXR_ThumbUp_Right.uasset" 1494
"C:/Users/xingh/Desktop/VR/KurumaIsu/Content/Characters/MannequinsXR/Animations/A_MannequinsXR_ThumbUp_Right.uexp" 1495
"C:/Users/xingh/Desktop/VR/KurumaIsu/Content/Characters/MannequinsXR/Animations/A_MannequinsXR_Point_Right.uasset" 1496
"C:/Users/xingh/Desktop/VR/KurumaIsu/Content/Characters/MannequinsXR/Animations/A_MannequinsXR_Point_Right.uexp" 1497
"C:/Users/xingh/Desktop/VR/KurumaIsu/Content/Characters/MannequinsXR/Animations/A_MannequinsXR_IndexCurl_Right.uasset" 1498
"C:/Users/xingh/Desktop/VR/KurumaIsu/Content/Characters/MannequinsXR/Animations/A_MannequinsXR_IndexCurl_Right.uexp" 1499
"C:/Users/xingh/Desktop/VR/KurumaIsu/Content/Characters/MannequinsXR/Animations/A_MannequinsXR_Idle_Right.uasset" 1500
"C:/Users/xingh/Desktop/VR/KurumaIsu/Content/Characters/MannequinsXR/Animations/A_MannequinsXR_Idle_Right.uexp" 1501
"C:/Users/xingh/Desktop/VR/KurumaIsu/Content/Characters/MannequinsXR/Animations/A_MannequinsXR_Grasp_Right.uasset" 1502
"C:/Users/xingh/Desktop/VR/KurumaIsu/Content/Characters/MannequinsXR/Animations/A_MannequinsXR_Grasp_Right.uexp" 1503
"C:/Users/xingh/Desktop/VR/KurumaIsu/Content/Characters/MannequinsXR/Meshes/ABP_MannequinsXR.uasset" 1504
"C:/Users/xingh/Desktop/VR/KurumaIsu/Content/Characters/MannequinsXR/Meshes/ABP_MannequinsXR.uexp" 1505
"C:/Users/xingh/Desktop/VR/KurumaIsu/Content/Characters/MannequinsXR/Textures/Manny/T_Manny_02_Tan.ubulk" 1506
"C:/Users/xingh/Desktop/VR/KurumaIsu/Content/Characters/MannequinsXR/Textures/Manny/T_Manny_02_Tan.uasset" 1507
"C:/Users/xingh/Desktop/VR/KurumaIsu/Content/Characters/MannequinsXR/Textures/Manny/T_Manny_02_Tan.uexp" 1508
"C:/Users/xingh/Desktop/VR/KurumaIsu/Content/Characters/MannequinsXR/Textures/Manny/T_Manny_02_N.ubulk" 1509
"C:/Users/xingh/Desktop/VR/KurumaIsu/Content/Characters/MannequinsXR/Textures/Manny/T_Manny_02_N.uasset" 1510
"C:/Users/xingh/Desktop/VR/KurumaIsu/Content/Characters/MannequinsXR/Textures/Manny/T_Manny_02_N.uexp" 1511
"C:/Users/xingh/Desktop/VR/KurumaIsu/Content/Characters/MannequinsXR/Textures/Manny/T_Manny_02_MSR_MSK.ubulk" 1512
"C:/Users/xingh/Desktop/VR/KurumaIsu/Content/Characters/MannequinsXR/Textures/Manny/T_Manny_02_MSR_MSK.uasset" 1513
"C:/Users/xingh/Desktop/VR/KurumaIsu/Content/Characters/MannequinsXR/Textures/Manny/T_Manny_02_MSR_MSK.uexp" 1514
"C:/Users/xingh/Desktop/VR/KurumaIsu/Content/Characters/MannequinsXR/Textures/Manny/T_Manny_02_D.ubulk" 1515
"C:/Users/xingh/Desktop/VR/KurumaIsu/Content/Characters/MannequinsXR/Textures/Manny/T_Manny_02_D.uasset" 1516
"C:/Users/xingh/Desktop/VR/KurumaIsu/Content/Characters/MannequinsXR/Textures/Manny/T_Manny_02_D.uexp" 1517
"C:/Users/xingh/Desktop/VR/KurumaIsu/Content/Characters/MannequinsXR/Textures/Manny/T_Manny_02_CCRCCPlastic_MSK.ubulk" 1518
"C:/Users/xingh/Desktop/VR/KurumaIsu/Content/Characters/MannequinsXR/Textures/Manny/T_Manny_02_CCRCCPlastic_MSK.uasset" 1519
"C:/Users/xingh/Desktop/VR/KurumaIsu/Content/Characters/MannequinsXR/Textures/Manny/T_Manny_02_CCRCCPlastic_MSK.uexp" 1520
"C:/Users/xingh/Desktop/VR/KurumaIsu/Content/Characters/MannequinsXR/Textures/Manny/T_Manny_02_BN.ubulk" 1521
"C:/Users/xingh/Desktop/VR/KurumaIsu/Content/Characters/MannequinsXR/Textures/Manny/T_Manny_02_BN.uasset" 1522
"C:/Users/xingh/Desktop/VR/KurumaIsu/Content/Characters/MannequinsXR/Textures/Manny/T_Manny_02_BN.uexp" 1523
"C:/Users/xingh/Desktop/VR/KurumaIsu/Content/Characters/MannequinsXR/Textures/Manny/T_Manny_02_ASAOPMASK_MSK.ubulk" 1524
"C:/Users/xingh/Desktop/VR/KurumaIsu/Content/Characters/MannequinsXR/Textures/Manny/T_Manny_02_ASAOPMASK_MSK.uasset" 1525
"C:/Users/xingh/Desktop/VR/KurumaIsu/Content/Characters/MannequinsXR/Textures/Manny/T_Manny_02_ASAOPMASK_MSK.uexp" 1526
"C:/Users/xingh/Desktop/VR/KurumaIsu/Content/Characters/MannequinsXR/Textures/Manny/T_Manny_01_Tan.ubulk" 1527
"C:/Users/xingh/Desktop/VR/KurumaIsu/Content/Characters/MannequinsXR/Textures/Manny/T_Manny_01_Tan.uasset" 1528
"C:/Users/xingh/Desktop/VR/KurumaIsu/Content/Characters/MannequinsXR/Textures/Manny/T_Manny_01_Tan.uexp" 1529
"C:/Users/xingh/Desktop/VR/KurumaIsu/Content/Characters/MannequinsXR/Textures/Manny/T_Manny_01_N.ubulk" 1530
"C:/Users/xingh/Desktop/VR/KurumaIsu/Content/Characters/MannequinsXR/Textures/Manny/T_Manny_01_N.uasset" 1531
"C:/Users/xingh/Desktop/VR/KurumaIsu/Content/Characters/MannequinsXR/Textures/Manny/T_Manny_01_N.uexp" 1532
"C:/Users/xingh/Desktop/VR/KurumaIsu/Content/Characters/MannequinsXR/Textures/Manny/T_Manny_01_MSR_MSK.ubulk" 1533
"C:/Users/xingh/Desktop/VR/KurumaIsu/Content/Characters/MannequinsXR/Textures/Manny/T_Manny_01_MSR_MSK.uasset" 1534
"C:/Users/xingh/Desktop/VR/KurumaIsu/Content/Characters/MannequinsXR/Textures/Manny/T_Manny_01_MSR_MSK.uexp" 1535
"C:/Users/xingh/Desktop/VR/KurumaIsu/Content/Characters/MannequinsXR/Textures/Manny/T_Manny_01_D.ubulk" 1536
"C:/Users/xingh/Desktop/VR/KurumaIsu/Content/Characters/MannequinsXR/Textures/Manny/T_Manny_01_D.uasset" 1537
"C:/Users/xingh/Desktop/VR/KurumaIsu/Content/Characters/MannequinsXR/Textures/Manny/T_Manny_01_D.uexp" 1538
"C:/Users/xingh/Desktop/VR/KurumaIsu/Content/Characters/MannequinsXR/Textures/Manny/T_Manny_01_CCRCCPlastic_MSK.ubulk" 1539
"C:/Users/xingh/Desktop/VR/KurumaIsu/Content/Characters/MannequinsXR/Textures/Manny/T_Manny_01_CCRCCPlastic_MSK.uasset" 1540
"C:/Users/xingh/Desktop/VR/KurumaIsu/Content/Characters/MannequinsXR/Textures/Manny/T_Manny_01_CCRCCPlastic_MSK.uexp" 1541
"C:/Users/xingh/Desktop/VR/KurumaIsu/Content/Characters/MannequinsXR/Textures/Manny/T_Manny_01_BN.ubulk" 1542
"C:/Users/xingh/Desktop/VR/KurumaIsu/Content/Characters/MannequinsXR/Textures/Manny/T_Manny_01_BN.uasset" 1543
"C:/Users/xingh/Desktop/VR/KurumaIsu/Content/Characters/MannequinsXR/Textures/Manny/T_Manny_01_BN.uexp" 1544
"C:/Users/xingh/Desktop/VR/KurumaIsu/Content/Characters/MannequinsXR/Textures/Manny/T_Manny_01_ASAOPMASK_MSK.ubulk" 1545
"C:/Users/xingh/Desktop/VR/KurumaIsu/Content/Characters/MannequinsXR/Textures/Manny/T_Manny_01_ASAOPMASK_MSK.uasset" 1546
"C:/Users/xingh/Desktop/VR/KurumaIsu/Content/Characters/MannequinsXR/Textures/Manny/T_Manny_01_ASAOPMASK_MSK.uexp" 1547
"C:/Users/xingh/Desktop/VR/KurumaIsu/Content/Characters/MannequinsXR/Materials/Functions/ChromaticCurve.uasset" 1548
"C:/Users/xingh/Desktop/VR/KurumaIsu/Content/Characters/MannequinsXR/Materials/Functions/ChromaticCurve.uexp" 1549
"C:/Users/xingh/Desktop/VR/KurumaIsu/Content/Characters/MannequinsXR/Materials/Functions/CA_Mannequin.uasset" 1550
"C:/Users/xingh/Desktop/VR/KurumaIsu/Content/Characters/MannequinsXR/Materials/Functions/CA_Mannequin.uexp" 1551
"C:/Users/xingh/Desktop/VR/KurumaIsu/Content/Characters/MannequinsXR/Materials/Functions/MF_Diffraction.uasset" 1552
"C:/Users/xingh/Desktop/VR/KurumaIsu/Content/Characters/MannequinsXR/Materials/Functions/MF_Diffraction.uexp" 1553
"C:/Users/xingh/Desktop/VR/KurumaIsu/Content/Characters/MannequinsXR/Textures/Shared/T_UE_Logo_M.uasset" 1554
"C:/Users/xingh/Desktop/VR/KurumaIsu/Content/Characters/MannequinsXR/Textures/Shared/T_UE_Logo_M.uexp" 1555
"C:/Users/xingh/Desktop/VR/KurumaIsu/Content/Characters/MannequinsXR/Materials/Functions/MF_logo3layers.uasset" 1556
"C:/Users/xingh/Desktop/VR/KurumaIsu/Content/Characters/MannequinsXR/Materials/Functions/MF_logo3layers.uexp" 1557
"C:/Users/xingh/Desktop/VR/KurumaIsu/Content/Characters/MannequinsXR/Materials/Functions/ML_BaseColorFallOff.uasset" 1558
"C:/Users/xingh/Desktop/VR/KurumaIsu/Content/Characters/MannequinsXR/Materials/Functions/ML_BaseColorFallOff.uexp" 1559
"C:/Users/xingh/Desktop/VR/KurumaIsu/Content/Characters/MannequinsXR/Materials/M_Mannequin.uasset" 1560
"C:/Users/xingh/Desktop/VR/KurumaIsu/Content/Characters/MannequinsXR/Materials/M_Mannequin.uexp" 1561
"C:/Users/xingh/Desktop/VR/KurumaIsu/Content/Characters/MannequinsXR/Materials/Instances/Manny/MI_Manny_01.uasset" 1562
"C:/Users/xingh/Desktop/VR/KurumaIsu/Content/Characters/MannequinsXR/Materials/Instances/Manny/MI_Manny_01.uexp" 1563
"C:/Users/xingh/Desktop/VR/KurumaIsu/Content/Characters/MannequinsXR/Materials/Instances/Manny/MI_Manny_02.uasset" 1564
"C:/Users/xingh/Desktop/VR/KurumaIsu/Content/Characters/MannequinsXR/Materials/Instances/Manny/MI_Manny_02.uexp" 1565
"C:/Users/xingh/Desktop/VR/KurumaIsu/Content/Characters/MannequinsXR/Meshes/SKM_MannyXR_left.uasset" 1566
"C:/Users/xingh/Desktop/VR/KurumaIsu/Content/Characters/MannequinsXR/Meshes/SKM_MannyXR_left.uexp" 1567
"C:/Users/xingh/Desktop/VR/KurumaIsu/Content/Characters/MannequinsXR/B_MannequinsXR.uasset" 1568
"C:/Users/xingh/Desktop/VR/KurumaIsu/Content/Characters/MannequinsXR/B_MannequinsXR.uexp" 1569
"C:/Users/xingh/Desktop/VR/KurumaIsu/Content/Characters/MannequinsXR/Meshes/SKM_MannyXR_right.uasset" 1570
"C:/Users/xingh/Desktop/VR/KurumaIsu/Content/Characters/MannequinsXR/Meshes/SKM_MannyXR_right.uexp" 1571
"C:/Users/xingh/Desktop/VR/KurumaIsu/Content/VRTemplate/VFX/NS_MenuLaser.uasset" 1572
"C:/Users/xingh/Desktop/VR/KurumaIsu/Content/VRTemplate/VFX/NS_MenuLaser.uexp" 1573
"C:/Users/xingh/Desktop/VR/KurumaIsu/Content/VRTemplate/Materials/M_VRCursor.uasset" 1574
"C:/Users/xingh/Desktop/VR/KurumaIsu/Content/VRTemplate/Materials/M_VRCursor.uexp" 1575
"C:/Users/xingh/Desktop/VR/KurumaIsu/Content/VRTemplate/Input/Actions/IA_Menu_Cursor_Left.uasset" 1576
"C:/Users/xingh/Desktop/VR/KurumaIsu/Content/VRTemplate/Input/Actions/IA_Menu_Cursor_Left.uexp" 1577
"C:/Users/xingh/Desktop/VR/KurumaIsu/Content/VRTemplate/Input/Actions/IA_Menu_Cursor_Right.uasset" 1578
"C:/Users/xingh/Desktop/VR/KurumaIsu/Content/VRTemplate/Input/Actions/IA_Menu_Cursor_Right.uexp" 1579
"C:/Users/xingh/Desktop/VR/KurumaIsu/Content/VRTemplate/Input/Actions/IA_Menu_Interact_Left.uasset" 1580
"C:/Users/xingh/Desktop/VR/KurumaIsu/Content/VRTemplate/Input/Actions/IA_Menu_Interact_Left.uexp" 1581
"C:/Users/xingh/Desktop/VR/KurumaIsu/Content/VRTemplate/Input/Actions/IA_Menu_Interact_Right.uasset" 1582
"C:/Users/xingh/Desktop/VR/KurumaIsu/Content/VRTemplate/Input/Actions/IA_Menu_Interact_Right.uexp" 1583
"C:/Users/xingh/Desktop/VR/KurumaIsu/Content/VRTemplate/Input/IMC_Menu.uasset" 1584
"C:/Users/xingh/Desktop/VR/KurumaIsu/Content/VRTemplate/Input/IMC_Menu.uexp" 1585
"C:/Users/xingh/Desktop/VR/KurumaIsu/Content/VRTemplate/Blueprints/WidgetMenu.uasset" 1586
"C:/Users/xingh/Desktop/VR/KurumaIsu/Content/VRTemplate/Blueprints/WidgetMenu.uexp" 1587
"C:/Users/xingh/Desktop/VR/KurumaIsu/Content/VRTemplate/Blueprints/Menu.uasset" 1588
"C:/Users/xingh/Desktop/VR/KurumaIsu/Content/VRTemplate/Blueprints/Menu.uexp" 1589
"C:/Users/xingh/Desktop/VR/KurumaIsu/Content/Characters/Kurumaisu/low_02_KI_Roughness.ubulk" 1590
"C:/Users/xingh/Desktop/VR/KurumaIsu/Content/Characters/Kurumaisu/low_02_KI_Roughness.uasset" 1591
"C:/Users/xingh/Desktop/VR/KurumaIsu/Content/Characters/Kurumaisu/low_02_KI_Roughness.uexp" 1592
"C:/Users/xingh/Desktop/VR/KurumaIsu/Content/Characters/Kurumaisu/low_02_KI_Normal.ubulk" 1593
"C:/Users/xingh/Desktop/VR/KurumaIsu/Content/Characters/Kurumaisu/low_02_KI_Normal.uasset" 1594
"C:/Users/xingh/Desktop/VR/KurumaIsu/Content/Characters/Kurumaisu/low_02_KI_Normal.uexp" 1595
"C:/Users/xingh/Desktop/VR/KurumaIsu/Content/Characters/Kurumaisu/KuIsu_MetallicSmoothness.ubulk" 1596
"C:/Users/xingh/Desktop/VR/KurumaIsu/Content/Characters/Kurumaisu/KuIsu_MetallicSmoothness.uasset" 1597
"C:/Users/xingh/Desktop/VR/KurumaIsu/Content/Characters/Kurumaisu/KuIsu_MetallicSmoothness.uexp" 1598
"C:/Users/xingh/Desktop/VR/KurumaIsu/Content/Characters/Kurumaisu/KuIsu_AlbedoTransparency.ubulk" 1599
"C:/Users/xingh/Desktop/VR/KurumaIsu/Content/Characters/Kurumaisu/KuIsu_AlbedoTransparency.uasset" 1600
"C:/Users/xingh/Desktop/VR/KurumaIsu/Content/Characters/Kurumaisu/KuIsu_AlbedoTransparency.uexp" 1601
"C:/Users/xingh/Desktop/VR/KurumaIsu/Content/Characters/Kurumaisu/kurumai.uasset" 1602
"C:/Users/xingh/Desktop/VR/KurumaIsu/Content/Characters/Kurumaisu/kurumai.uexp" 1603
"C:/Users/xingh/Desktop/VR/KurumaIsu/Content/Characters/Kurumaisu/kurumaisu_model.ubulk" 1604
"C:/Users/xingh/Desktop/VR/KurumaIsu/Content/Characters/Kurumaisu/kurumaisu_model.uasset" 1605
"C:/Users/xingh/Desktop/VR/KurumaIsu/Content/Characters/Kurumaisu/kurumaisu_model.uexp" 1606
"C:/Users/xingh/Desktop/VR/KurumaIsu/Content/Characters/Blueprints/WheelChairPawn.uasset" 1607
"C:/Users/xingh/Desktop/VR/KurumaIsu/Content/Characters/Blueprints/WheelChairPawn.uexp" 1608
"C:/Users/xingh/Desktop/VR/KurumaIsu/Content/TripoModels/rusty_double_metal_door_3d_model/Textures/rusty_double_metal_door_3d_model_basecolor.uexp" 1609
"C:/Users/xingh/Desktop/VR/KurumaIsu/Content/TripoModels/rusty_double_metal_door_3d_model/Textures/rusty_double_metal_door_3d_model_basecolor.ubulk" 1610
"C:/Users/xingh/Desktop/VR/KurumaIsu/Content/TripoModels/rusty_double_metal_door_3d_model/Textures/rusty_double_metal_door_3d_model_basecolor.uasset" 1611
"C:/Users/xingh/Desktop/VR/KurumaIsu/Content/TripoModels/rusty_double_metal_door_3d_model/Textures/rusty_double_metal_door_3d_model_basecolor.uptnl" 1612
"C:/Users/xingh/Desktop/VR/KurumaIsu/Content/TripoModels/rusty_double_metal_door_3d_model/rusty_double_metal_door_3d_model_Mat.uasset" 1613
"C:/Users/xingh/Desktop/VR/KurumaIsu/Content/TripoModels/rusty_double_metal_door_3d_model/rusty_double_metal_door_3d_model_Mat.uexp" 1614
"C:/Users/xingh/Desktop/VR/KurumaIsu/Content/TripoModels/rusty_double_metal_door_3d_model/rusty_double_metal_door_3d_model.ubulk" 1615
"C:/Users/xingh/Desktop/VR/KurumaIsu/Content/TripoModels/rusty_double_metal_door_3d_model/rusty_double_metal_door_3d_model.uasset" 1616
"C:/Users/xingh/Desktop/VR/KurumaIsu/Content/TripoModels/rusty_double_metal_door_3d_model/rusty_double_metal_door_3d_model.uexp" 1617
"C:/Users/xingh/Desktop/VR/KurumaIsu/Content/Sound/BGM/horror_01_drone_glitch_01.ubulk" 1618
"C:/Users/xingh/Desktop/VR/KurumaIsu/Content/Sound/BGM/horror_01_drone_glitch_01.uasset" 1619
"C:/Users/xingh/Desktop/VR/KurumaIsu/Content/Sound/BGM/horror_01_drone_glitch_01.uexp" 1620
"C:/Users/xingh/Desktop/VR/KurumaIsu/Content/Level/MainGame_BuiltData.ubulk" 1621
"C:/Users/xingh/Desktop/VR/KurumaIsu/Content/Level/MainGame_BuiltData.uasset" 1622
"C:/Users/xingh/Desktop/VR/KurumaIsu/Content/Level/MainGame_BuiltData.uexp" 1623
"C:/Users/xingh/Desktop/VR/KurumaIsu/Content/Level/Rooms/Material/Dirt/mold/Wallpaper002C_4K-PNG_Color.ubulk" 1624
"C:/Users/xingh/Desktop/VR/KurumaIsu/Content/Level/Rooms/Material/Dirt/mold/Wallpaper002C_4K-PNG_Color.uasset" 1625
"C:/Users/xingh/Desktop/VR/KurumaIsu/Content/Level/Rooms/Material/Dirt/mold/Wallpaper002C_4K-PNG_Color.uexp" 1626
"C:/Users/xingh/Desktop/VR/KurumaIsu/Content/Level/Rooms/Material/RoomTile/Tile4/Tiles136A_4K-PNG_Roughness.ubulk" 1627
"C:/Users/xingh/Desktop/VR/KurumaIsu/Content/Level/Rooms/Material/RoomTile/Tile4/Tiles136A_4K-PNG_Roughness.uasset" 1628
"C:/Users/xingh/Desktop/VR/KurumaIsu/Content/Level/Rooms/Material/RoomTile/Tile4/Tiles136A_4K-PNG_Roughness.uexp" 1629
"C:/Users/xingh/Desktop/VR/KurumaIsu/Content/Level/Rooms/Material/RoomTile/Tile4/Tiles136A_4K-PNG_NormalDX.ubulk" 1630
"C:/Users/xingh/Desktop/VR/KurumaIsu/Content/Level/Rooms/Material/RoomTile/Tile4/Tiles136A_4K-PNG_NormalDX.uasset" 1631
"C:/Users/xingh/Desktop/VR/KurumaIsu/Content/Level/Rooms/Material/RoomTile/Tile4/Tiles136A_4K-PNG_NormalDX.uexp" 1632
"C:/Users/xingh/Desktop/VR/KurumaIsu/Content/Level/Rooms/Material/RoomTile/Tile4/Tiles136A_4K-PNG_Color.ubulk" 1633
"C:/Users/xingh/Desktop/VR/KurumaIsu/Content/Level/Rooms/Material/RoomTile/Tile4/Tiles136A_4K-PNG_Color.uasset" 1634
"C:/Users/xingh/Desktop/VR/KurumaIsu/Content/Level/Rooms/Material/RoomTile/Tile4/Tiles136A_4K-PNG_Color.uexp" 1635
"C:/Users/xingh/Desktop/VR/KurumaIsu/Content/Level/Rooms/Material/RoomTile/Tile4/Tiles136A_4K-PNG_AmbientOcclusion.ubulk" 1636
"C:/Users/xingh/Desktop/VR/KurumaIsu/Content/Level/Rooms/Material/RoomTile/Tile4/Tiles136A_4K-PNG_AmbientOcclusion.uasset" 1637
"C:/Users/xingh/Desktop/VR/KurumaIsu/Content/Level/Rooms/Material/RoomTile/Tile4/Tiles136A_4K-PNG_AmbientOcclusion.uexp" 1638
"C:/Users/xingh/Desktop/VR/KurumaIsu/Content/Level/Rooms/Material/RoomTile/RoomTile4.uasset" 1639
"C:/Users/xingh/Desktop/VR/KurumaIsu/Content/Level/Rooms/Material/RoomTile/RoomTile4.uexp" 1640
"C:/Users/xingh/Desktop/VR/KurumaIsu/Content/Level/MainGame.uexp" 1641
"C:/Users/xingh/Desktop/VR/KurumaIsu/Content/Level/MainGame.umap" 1642
"C:/Users/xingh/Desktop/VR/KurumaIsu/Content/Level/Rooms/Material/RoomTile/Tile1/Tiles094_4K-PNG_Roughness.ubulk" 1643
"C:/Users/xingh/Desktop/VR/KurumaIsu/Content/Level/Rooms/Material/RoomTile/Tile1/Tiles094_4K-PNG_Roughness.uasset" 1644
"C:/Users/xingh/Desktop/VR/KurumaIsu/Content/Level/Rooms/Material/RoomTile/Tile1/Tiles094_4K-PNG_Roughness.uexp" 1645
"C:/Users/xingh/Desktop/VR/KurumaIsu/Content/Level/Rooms/Material/RoomTile/Tile1/Tiles094_4K-PNG_AmbientOcclusion.ubulk" 1646
"C:/Users/xingh/Desktop/VR/KurumaIsu/Content/Level/Rooms/Material/RoomTile/Tile1/Tiles094_4K-PNG_AmbientOcclusion.uasset" 1647
"C:/Users/xingh/Desktop/VR/KurumaIsu/Content/Level/Rooms/Material/RoomTile/Tile1/Tiles094_4K-PNG_AmbientOcclusion.uexp" 1648
"C:/Users/xingh/Desktop/VR/KurumaIsu/Content/Level/Rooms/Material/RoomTile/Tile1/Tiles094_4K-PNG_Color.ubulk" 1649
"C:/Users/xingh/Desktop/VR/KurumaIsu/Content/Level/Rooms/Material/RoomTile/Tile1/Tiles094_4K-PNG_Color.uasset" 1650
"C:/Users/xingh/Desktop/VR/KurumaIsu/Content/Level/Rooms/Material/RoomTile/Tile1/Tiles094_4K-PNG_Color.uexp" 1651
"C:/Users/xingh/Desktop/VR/KurumaIsu/Content/Level/Rooms/Material/RoomTile/Tile1/Tiles094_4K-PNG_NormalDX.ubulk" 1652
"C:/Users/xingh/Desktop/VR/KurumaIsu/Content/Level/Rooms/Material/RoomTile/Tile1/Tiles094_4K-PNG_NormalDX.uasset" 1653
"C:/Users/xingh/Desktop/VR/KurumaIsu/Content/Level/Rooms/Material/RoomTile/Tile1/Tiles094_4K-PNG_NormalDX.uexp" 1654
"C:/Users/xingh/Desktop/VR/KurumaIsu/Content/Level/Rooms/Material/RoomTile/RoomTile1.uasset" 1655
"C:/Users/xingh/Desktop/VR/KurumaIsu/Content/Level/Rooms/Material/RoomTile/RoomTile1.uexp" 1656
"C:/Users/xingh/Desktop/VR/KurumaIsu/Content/Level/Rooms/Material/RoomTile/Tile5/Concrete042B_4K-PNG_Roughness.ubulk" 1657
"C:/Users/xingh/Desktop/VR/KurumaIsu/Content/Level/Rooms/Material/RoomTile/Tile5/Concrete042B_4K-PNG_Roughness.uasset" 1658
"C:/Users/xingh/Desktop/VR/KurumaIsu/Content/Level/Rooms/Material/RoomTile/Tile5/Concrete042B_4K-PNG_Roughness.uexp" 1659
"C:/Users/xingh/Desktop/VR/KurumaIsu/Content/Level/Rooms/Material/RoomTile/Tile5/Concrete042B_4K-PNG_NormalDX.ubulk" 1660
"C:/Users/xingh/Desktop/VR/KurumaIsu/Content/Level/Rooms/Material/RoomTile/Tile5/Concrete042B_4K-PNG_NormalDX.uasset" 1661
"C:/Users/xingh/Desktop/VR/KurumaIsu/Content/Level/Rooms/Material/RoomTile/Tile5/Concrete042B_4K-PNG_NormalDX.uexp" 1662
"C:/Users/xingh/Desktop/VR/KurumaIsu/Content/Level/Rooms/Material/RoomTile/Tile5/Concrete042B_4K-PNG_Color.ubulk" 1663
"C:/Users/xingh/Desktop/VR/KurumaIsu/Content/Level/Rooms/Material/RoomTile/Tile5/Concrete042B_4K-PNG_Color.uasset" 1664
"C:/Users/xingh/Desktop/VR/KurumaIsu/Content/Level/Rooms/Material/RoomTile/Tile5/Concrete042B_4K-PNG_Color.uexp" 1665
"C:/Users/xingh/Desktop/VR/KurumaIsu/Content/Level/Rooms/Material/RoomTile/Tile5/Concrete042B_4K-PNG_AmbientOcclusion.ubulk" 1666
"C:/Users/xingh/Desktop/VR/KurumaIsu/Content/Level/Rooms/Material/RoomTile/Tile5/Concrete042B_4K-PNG_AmbientOcclusion.uasset" 1667
"C:/Users/xingh/Desktop/VR/KurumaIsu/Content/Level/Rooms/Material/RoomTile/Tile5/Concrete042B_4K-PNG_AmbientOcclusion.uexp" 1668
"C:/Users/xingh/Desktop/VR/KurumaIsu/Content/Level/Rooms/Material/Dirt/ground/Ground045_4K-PNG_Color.ubulk" 1669
"C:/Users/xingh/Desktop/VR/KurumaIsu/Content/Level/Rooms/Material/Dirt/ground/Ground045_4K-PNG_Color.uasset" 1670
"C:/Users/xingh/Desktop/VR/KurumaIsu/Content/Level/Rooms/Material/Dirt/ground/Ground045_4K-PNG_Color.uexp" 1671
"C:/Users/xingh/Desktop/VR/KurumaIsu/Content/Level/Rooms/Material/RoomTile/RoomTile5.uasset" 1672
"C:/Users/xingh/Desktop/VR/KurumaIsu/Content/Level/Rooms/Material/RoomTile/RoomTile5.uexp" 1673
"C:/Users/xingh/Desktop/VR/KurumaIsu/Content/Level/Rooms/WCWomen.uexp" 1674
"C:/Users/xingh/Desktop/VR/KurumaIsu/Content/Level/Rooms/WCWomen.umap" 1675
"C:/Users/xingh/Desktop/VR/KurumaIsu/Content/Level/Rooms/WCMen.uexp" 1676
"C:/Users/xingh/Desktop/VR/KurumaIsu/Content/Level/Rooms/WCMen.umap" 1677
"C:/Users/xingh/Desktop/VR/KurumaIsu/Content/Yoshida/BP_upLight.uasset" 1678
"C:/Users/xingh/Desktop/VR/KurumaIsu/Content/Yoshida/BP_upLight.uexp" 1679
"C:/Users/xingh/Desktop/VR/KurumaIsu/Content/Level/Rooms/UpLight4F.uexp" 1680
"C:/Users/xingh/Desktop/VR/KurumaIsu/Content/Level/Rooms/UpLight4F.umap" 1681
"C:/Users/xingh/Desktop/VR/KurumaIsu/Content/Level/Rooms/UpLight.uexp" 1682
"C:/Users/xingh/Desktop/VR/KurumaIsu/Content/Level/Rooms/UpLight.umap" 1683
"C:/Users/xingh/Desktop/VR/KurumaIsu/Content/TripoModels/bed/Textures/bed_basecolor.uexp" 1684
"C:/Users/xingh/Desktop/VR/KurumaIsu/Content/TripoModels/bed/Textures/bed_basecolor.ubulk" 1685
"C:/Users/xingh/Desktop/VR/KurumaIsu/Content/TripoModels/bed/Textures/bed_basecolor.uasset" 1686
"C:/Users/xingh/Desktop/VR/KurumaIsu/Content/TripoModels/bed/Textures/bed_basecolor.uptnl" 1687
"C:/Users/xingh/Desktop/VR/KurumaIsu/Content/TripoModels/bed/bed_Mat.uasset" 1688
"C:/Users/xingh/Desktop/VR/KurumaIsu/Content/TripoModels/bed/bed_Mat.uexp" 1689
"C:/Users/xingh/Desktop/VR/KurumaIsu/Content/TripoModels/bed/bed.ubulk" 1690
"C:/Users/xingh/Desktop/VR/KurumaIsu/Content/TripoModels/bed/bed.uasset" 1691
"C:/Users/xingh/Desktop/VR/KurumaIsu/Content/TripoModels/bed/bed.uexp" 1692
"C:/Users/xingh/Desktop/VR/KurumaIsu/Content/Level/Rooms/StartDefaultRoom.uexp" 1693
"C:/Users/xingh/Desktop/VR/KurumaIsu/Content/Level/Rooms/StartDefaultRoom.umap" 1694
"C:/Users/xingh/Desktop/VR/KurumaIsu/Content/Level/Rooms/StaffRoom.uexp" 1695
"C:/Users/xingh/Desktop/VR/KurumaIsu/Content/Level/Rooms/StaffRoom.umap" 1696
"C:/Users/xingh/Desktop/VR/KurumaIsu/Content/Level/Rooms/RoomUpLight.uexp" 1697
"C:/Users/xingh/Desktop/VR/KurumaIsu/Content/Level/Rooms/RoomUpLight.umap" 1698
"C:/Users/xingh/Desktop/VR/KurumaIsu/Content/Level/Rooms/DefaultRoom.uexp" 1699
"C:/Users/xingh/Desktop/VR/KurumaIsu/Content/Level/Rooms/DefaultRoom.umap" 1700
"C:/Users/xingh/Desktop/VR/KurumaIsu/Content/Yoshida/BP_HorrorSpotLight.uasset" 1701
"C:/Users/xingh/Desktop/VR/KurumaIsu/Content/Yoshida/BP_HorrorSpotLight.uexp" 1702
"C:/Users/xingh/Desktop/VR/KurumaIsu/Content/Level/Rooms/Material/RoomTile/Tile7/cracked_concrete_wall_rough_4k.ubulk" 1703
"C:/Users/xingh/Desktop/VR/KurumaIsu/Content/Level/Rooms/Material/RoomTile/Tile7/cracked_concrete_wall_rough_4k.uasset" 1704
"C:/Users/xingh/Desktop/VR/KurumaIsu/Content/Level/Rooms/Material/RoomTile/Tile7/cracked_concrete_wall_rough_4k.uexp" 1705
"C:/Users/xingh/Desktop/VR/KurumaIsu/Content/Level/Rooms/Material/RoomTile/Tile7/cracked_concrete_wall_nor_dx_4k.ubulk" 1706
"C:/Users/xingh/Desktop/VR/KurumaIsu/Content/Level/Rooms/Material/RoomTile/Tile7/cracked_concrete_wall_nor_dx_4k.uasset" 1707
"C:/Users/xingh/Desktop/VR/KurumaIsu/Content/Level/Rooms/Material/RoomTile/Tile7/cracked_concrete_wall_nor_dx_4k.uexp" 1708
"C:/Users/xingh/Desktop/VR/KurumaIsu/Content/Level/Rooms/Material/RoomTile/Tile7/cracked_concrete_wall_diff_4k.ubulk" 1709
"C:/Users/xingh/Desktop/VR/KurumaIsu/Content/Level/Rooms/Material/RoomTile/Tile7/cracked_concrete_wall_diff_4k.uasset" 1710
"C:/Users/xingh/Desktop/VR/KurumaIsu/Content/Level/Rooms/Material/RoomTile/Tile7/cracked_concrete_wall_diff_4k.uexp" 1711
"C:/Users/xingh/Desktop/VR/KurumaIsu/Content/Level/Rooms/Material/RoomTile/Tile7/cracked_concrete_wall_ao_4k.ubulk" 1712
"C:/Users/xingh/Desktop/VR/KurumaIsu/Content/Level/Rooms/Material/RoomTile/Tile7/cracked_concrete_wall_ao_4k.uasset" 1713
"C:/Users/xingh/Desktop/VR/KurumaIsu/Content/Level/Rooms/Material/RoomTile/Tile7/cracked_concrete_wall_ao_4k.uexp" 1714
"C:/Users/xingh/Desktop/VR/KurumaIsu/Content/Level/Rooms/Material/RoomTile/RoomTile7.uasset" 1715
"C:/Users/xingh/Desktop/VR/KurumaIsu/Content/Level/Rooms/Material/RoomTile/RoomTile7.uexp" 1716
"C:/Users/xingh/Desktop/VR/KurumaIsu/Content/Level/Rooms/4F_Room5.uexp" 1717
"C:/Users/xingh/Desktop/VR/KurumaIsu/Content/Level/Rooms/4F_Room5.umap" 1718
"C:/Users/xingh/Desktop/VR/KurumaIsu/Content/Level/Rooms/4F_Room4.uexp" 1719
"C:/Users/xingh/Desktop/VR/KurumaIsu/Content/Level/Rooms/4F_Room4.umap" 1720
"C:/Users/xingh/Desktop/VR/KurumaIsu/Content/Level/Rooms/4F_Room3.uexp" 1721
"C:/Users/xingh/Desktop/VR/KurumaIsu/Content/Level/Rooms/4F_Room3.umap" 1722
"C:/Users/xingh/Desktop/VR/KurumaIsu/Content/Level/Rooms/4F_Room2.uexp" 1723
"C:/Users/xingh/Desktop/VR/KurumaIsu/Content/Level/Rooms/4F_Room2.umap" 1724
"C:/Users/xingh/Desktop/VR/KurumaIsu/Content/Level/Rooms/4F_Room1.uexp" 1725
"C:/Users/xingh/Desktop/VR/KurumaIsu/Content/Level/Rooms/4F_Room1.umap" 1726
"C:/Users/xingh/Desktop/VR/KurumaIsu/Content/Level/Rooms/4F_GoalRoom.uexp" 1727
"C:/Users/xingh/Desktop/VR/KurumaIsu/Content/Level/Rooms/4F_GoalRoom.umap" 1728
"C:/Users/xingh/Desktop/VR/KurumaIsu/Content/TripoModels/rack/Textures/rack_Tex.ubulk" 1729
"C:/Users/xingh/Desktop/VR/KurumaIsu/Content/TripoModels/rack/Textures/rack_Tex.uasset" 1730
"C:/Users/xingh/Desktop/VR/KurumaIsu/Content/TripoModels/rack/Textures/rack_Tex.uexp" 1731
"C:/Users/xingh/Desktop/VR/KurumaIsu/Content/TripoModels/rack/rack_Mat.uasset" 1732
"C:/Users/xingh/Desktop/VR/KurumaIsu/Content/TripoModels/rack/rack_Mat.uexp" 1733
"C:/Users/xingh/Desktop/VR/KurumaIsu/Content/TripoModels/rack/rack.ubulk" 1734
"C:/Users/xingh/Desktop/VR/KurumaIsu/Content/TripoModels/rack/rack.uasset" 1735
"C:/Users/xingh/Desktop/VR/KurumaIsu/Content/TripoModels/rack/rack.uexp" 1736
"C:/Users/xingh/Desktop/VR/KurumaIsu/Content/Ryuji/Image/wadachi_2_VR.uasset" 1737
"C:/Users/xingh/Desktop/VR/KurumaIsu/Content/Ryuji/Image/wadachi_2_VR.uexp" 1738
"C:/Users/xingh/Desktop/VR/KurumaIsu/Content/Ryuji/Image/wadachi_2_VR_Mat.uasset" 1739
"C:/Users/xingh/Desktop/VR/KurumaIsu/Content/Ryuji/Image/wadachi_2_VR_Mat.uexp" 1740
"C:/Users/xingh/Desktop/VR/KurumaIsu/Content/Ryuji/Image/nui.uasset" 1741
"C:/Users/xingh/Desktop/VR/KurumaIsu/Content/Ryuji/Image/nui.uexp" 1742
"C:/Users/xingh/Desktop/VR/KurumaIsu/Content/Ryuji/Image/nui_Mat.uasset" 1743
"C:/Users/xingh/Desktop/VR/KurumaIsu/Content/Ryuji/Image/nui_Mat.uexp" 1744
"C:/Users/xingh/Desktop/VR/KurumaIsu/Content/Ryuji/Image/kurumaisu_Mat.uasset" 1745
"C:/Users/xingh/Desktop/VR/KurumaIsu/Content/Ryuji/Image/kurumaisu_Mat.uexp" 1746
"C:/Users/xingh/Desktop/VR/KurumaIsu/Content/Ryuji/Image/key.uasset" 1747
"C:/Users/xingh/Desktop/VR/KurumaIsu/Content/Ryuji/Image/key.uexp" 1748
"C:/Users/xingh/Desktop/VR/KurumaIsu/Content/Ryuji/Image/key_Mat.uasset" 1749
"C:/Users/xingh/Desktop/VR/KurumaIsu/Content/Ryuji/Image/key_Mat.uexp" 1750
"C:/Users/xingh/Desktop/VR/KurumaIsu/Content/Ryuji/WBP/WBP_Fade.uasset" 1751
"C:/Users/xingh/Desktop/VR/KurumaIsu/Content/Ryuji/WBP/WBP_Fade.uexp" 1752
"C:/Users/xingh/Desktop/VR/KurumaIsu/Content/Ryuji/BP/BP_LevelTransition.uasset" 1753
"C:/Users/xingh/Desktop/VR/KurumaIsu/Content/Ryuji/BP/BP_LevelTransition.uexp" 1754
"C:/Users/xingh/Desktop/VR/KurumaIsu/Content/Level/GameFlow/Title_BuiltData.ubulk" 1755
"C:/Users/xingh/Desktop/VR/KurumaIsu/Content/Level/GameFlow/Title_BuiltData.uasset" 1756
"C:/Users/xingh/Desktop/VR/KurumaIsu/Content/Level/GameFlow/Title_BuiltData.uexp" 1757
"C:/Users/xingh/Desktop/VR/KurumaIsu/Content/Level/GameFlow/Title.uexp" 1758
"C:/Users/xingh/Desktop/VR/KurumaIsu/Content/Level/GameFlow/Title.umap" 1759
"C:/Users/xingh/Desktop/VR/KurumaIsu/Content/TripoModels/longchair/Textures/longchair_basecolor.uexp" 1760
"C:/Users/xingh/Desktop/VR/KurumaIsu/Content/TripoModels/longchair/Textures/longchair_basecolor.ubulk" 1761
"C:/Users/xingh/Desktop/VR/KurumaIsu/Content/TripoModels/longchair/Textures/longchair_basecolor.uasset" 1762
"C:/Users/xingh/Desktop/VR/KurumaIsu/Content/TripoModels/longchair/Textures/longchair_basecolor.uptnl" 1763
"C:/Users/xingh/Desktop/VR/KurumaIsu/Content/TripoModels/longchair/longchair_Mat.uasset" 1764
"C:/Users/xingh/Desktop/VR/KurumaIsu/Content/TripoModels/longchair/longchair_Mat.uexp" 1765
"C:/Users/xingh/Desktop/VR/KurumaIsu/Content/TripoModels/longchair/longchair.ubulk" 1766
"C:/Users/xingh/Desktop/VR/KurumaIsu/Content/TripoModels/longchair/longchair.uasset" 1767
"C:/Users/xingh/Desktop/VR/KurumaIsu/Content/TripoModels/longchair/longchair.uexp" 1768
"C:/Users/xingh/Desktop/VR/KurumaIsu/Content/TripoModels/rusty_hospital_sign_3d_model/Textures/rusty_hospital_sign_3d_model_basecolor.uexp" 1769
"C:/Users/xingh/Desktop/VR/KurumaIsu/Content/TripoModels/rusty_hospital_sign_3d_model/Textures/rusty_hospital_sign_3d_model_basecolor.ubulk" 1770
"C:/Users/xingh/Desktop/VR/KurumaIsu/Content/TripoModels/rusty_hospital_sign_3d_model/Textures/rusty_hospital_sign_3d_model_basecolor.uasset" 1771
"C:/Users/xingh/Desktop/VR/KurumaIsu/Content/TripoModels/rusty_hospital_sign_3d_model/Textures/rusty_hospital_sign_3d_model_basecolor.uptnl" 1772
"C:/Users/xingh/Desktop/VR/KurumaIsu/Content/TripoModels/rusty_hospital_sign_3d_model/rusty_hospital_sign_3d_model_Mat.uasset" 1773
"C:/Users/xingh/Desktop/VR/KurumaIsu/Content/TripoModels/rusty_hospital_sign_3d_model/rusty_hospital_sign_3d_model_Mat.uexp" 1774
"C:/Users/xingh/Desktop/VR/KurumaIsu/Content/TripoModels/rusty_hospital_sign_3d_model/rusty_hospital_sign_3d_model.ubulk" 1775
"C:/Users/xingh/Desktop/VR/KurumaIsu/Content/TripoModels/rusty_hospital_sign_3d_model/rusty_hospital_sign_3d_model.uasset" 1776
"C:/Users/xingh/Desktop/VR/KurumaIsu/Content/TripoModels/rusty_hospital_sign_3d_model/rusty_hospital_sign_3d_model.uexp" 1777
"C:/Users/xingh/Desktop/VR/KurumaIsu/Content/TripoModels/rusty_hospital_gurney_3d_model/Textures/rusty_hospital_gurney_3d_model_basecolor.uexp" 1778
"C:/Users/xingh/Desktop/VR/KurumaIsu/Content/TripoModels/rusty_hospital_gurney_3d_model/Textures/rusty_hospital_gurney_3d_model_basecolor.ubulk" 1779
"C:/Users/xingh/Desktop/VR/KurumaIsu/Content/TripoModels/rusty_hospital_gurney_3d_model/Textures/rusty_hospital_gurney_3d_model_basecolor.uasset" 1780
"C:/Users/xingh/Desktop/VR/KurumaIsu/Content/TripoModels/rusty_hospital_gurney_3d_model/Textures/rusty_hospital_gurney_3d_model_basecolor.uptnl" 1781
"C:/Users/xingh/Desktop/VR/KurumaIsu/Content/TripoModels/rusty_hospital_gurney_3d_model/rusty_hospital_gurney_3d_model_Mat.uasset" 1782
"C:/Users/xingh/Desktop/VR/KurumaIsu/Content/TripoModels/rusty_hospital_gurney_3d_model/rusty_hospital_gurney_3d_model_Mat.uexp" 1783
"C:/Users/xingh/Desktop/VR/KurumaIsu/Content/TripoModels/rusty_hospital_gurney_3d_model/rusty_hospital_gurney_3d_model.ubulk" 1784
"C:/Users/xingh/Desktop/VR/KurumaIsu/Content/TripoModels/rusty_hospital_gurney_3d_model/rusty_hospital_gurney_3d_model.uasset" 1785
"C:/Users/xingh/Desktop/VR/KurumaIsu/Content/TripoModels/rusty_hospital_gurney_3d_model/rusty_hospital_gurney_3d_model.uexp" 1786
"C:/Users/xingh/Desktop/VR/KurumaIsu/Content/TripoModels/rusty_cracked_window_3d_model/Textures/rusty_cracked_window_3d_model_basecolor.uexp" 1787
"C:/Users/xingh/Desktop/VR/KurumaIsu/Content/TripoModels/rusty_cracked_window_3d_model/Textures/rusty_cracked_window_3d_model_basecolor.ubulk" 1788
"C:/Users/xingh/Desktop/VR/KurumaIsu/Content/TripoModels/rusty_cracked_window_3d_model/Textures/rusty_cracked_window_3d_model_basecolor.uasset" 1789
"C:/Users/xingh/Desktop/VR/KurumaIsu/Content/TripoModels/rusty_cracked_window_3d_model/Textures/rusty_cracked_window_3d_model_basecolor.uptnl" 1790
"C:/Users/xingh/Desktop/VR/KurumaIsu/Content/TripoModels/rusty_cracked_window_3d_model/rusty_cracked_window_3d_model_Mat.uasset" 1791
"C:/Users/xingh/Desktop/VR/KurumaIsu/Content/TripoModels/rusty_cracked_window_3d_model/rusty_cracked_window_3d_model_Mat.uexp" 1792
"C:/Users/xingh/Desktop/VR/KurumaIsu/Content/TripoModels/rusty_cracked_window_3d_model/rusty_cracked_window_3d_model.ubulk" 1793
"C:/Users/xingh/Desktop/VR/KurumaIsu/Content/TripoModels/rusty_cracked_window_3d_model/rusty_cracked_window_3d_model.uasset" 1794
"C:/Users/xingh/Desktop/VR/KurumaIsu/Content/TripoModels/rusty_cracked_window_3d_model/rusty_cracked_window_3d_model.uexp" 1795
"C:/Users/xingh/Desktop/VR/KurumaIsu/Content/TripoModels/modern_curved_reception_desk_3d_model/Textures/modern_curved_reception_desk_3d_model_basecolor.uexp" 1796
"C:/Users/xingh/Desktop/VR/KurumaIsu/Content/TripoModels/modern_curved_reception_desk_3d_model/Textures/modern_curved_reception_desk_3d_model_basecolor.ubulk" 1797
"C:/Users/xingh/Desktop/VR/KurumaIsu/Content/TripoModels/modern_curved_reception_desk_3d_model/Textures/modern_curved_reception_desk_3d_model_basecolor.uasset" 1798
"C:/Users/xingh/Desktop/VR/KurumaIsu/Content/TripoModels/modern_curved_reception_desk_3d_model/Textures/modern_curved_reception_desk_3d_model_basecolor.uptnl" 1799
"C:/Users/xingh/Desktop/VR/KurumaIsu/Content/TripoModels/modern_curved_reception_desk_3d_model/modern_curved_reception_desk_3d_model_Mat.uasset" 1800
"C:/Users/xingh/Desktop/VR/KurumaIsu/Content/TripoModels/modern_curved_reception_desk_3d_model/modern_curved_reception_desk_3d_model_Mat.uexp" 1801
"C:/Users/xingh/Desktop/VR/KurumaIsu/Content/TripoModels/modern_curved_reception_desk_3d_model/modern_curved_reception_desk_3d_model.ubulk" 1802
"C:/Users/xingh/Desktop/VR/KurumaIsu/Content/TripoModels/modern_curved_reception_desk_3d_model/modern_curved_reception_desk_3d_model.uasset" 1803
"C:/Users/xingh/Desktop/VR/KurumaIsu/Content/TripoModels/modern_curved_reception_desk_3d_model/modern_curved_reception_desk_3d_model.uexp" 1804
"C:/Users/xingh/Desktop/VR/KurumaIsu/Content/Ryuji/Image/ThanksForPlaying.uasset" 1805
"C:/Users/xingh/Desktop/VR/KurumaIsu/Content/Ryuji/Image/ThanksForPlaying.uexp" 1806
"C:/Users/xingh/Desktop/VR/KurumaIsu/Content/Ryuji/Image/ThanksForPlaying_Mat.uasset" 1807
"C:/Users/xingh/Desktop/VR/KurumaIsu/Content/Ryuji/Image/ThanksForPlaying_Mat.uexp" 1808
"C:/Users/xingh/Desktop/VR/KurumaIsu/Content/Level/GameFlow/Ending.uexp" 1809
"C:/Users/xingh/Desktop/VR/KurumaIsu/Content/Level/GameFlow/Ending.umap" 1810
"C:/Users/xingh/Desktop/VR/KurumaIsu/Content/VRTemplate/Blueprints/WheelChairGameMode.uasset" 1811
"C:/Users/xingh/Desktop/VR/KurumaIsu/Content/VRTemplate/Blueprints/WheelChairGameMode.uexp" 1812
"C:/Users/xingh/Desktop/VR/KurumaIsu/Content/Level/Floor/Stage1F.uexp" 1813
"C:/Users/xingh/Desktop/VR/KurumaIsu/Content/Level/Floor/Stage1F.umap" 1814
"C:/Users/xingh/Desktop/VR/KurumaIsu/Content/Level/Floor/Stage10F_BuiltData.ubulk" 1815
"C:/Users/xingh/Desktop/VR/KurumaIsu/Content/Level/Floor/Stage10F_BuiltData.uasset" 1816
"C:/Users/xingh/Desktop/VR/KurumaIsu/Content/Level/Floor/Stage10F_BuiltData.uexp" 1817
"C:/Users/xingh/Desktop/VR/KurumaIsu/Content/Level/Floor/Stage10F.uexp" 1818
"C:/Users/xingh/Desktop/VR/KurumaIsu/Content/Level/Floor/Stage10F.umap" 1819
"C:/Users/xingh/Desktop/VR/KurumaIsu/Content/TripoModels/Monster/Textures/Monster_roughness.ubulk" 1820
"C:/Users/xingh/Desktop/VR/KurumaIsu/Content/TripoModels/Monster/Textures/Monster_roughness.uasset" 1821
"C:/Users/xingh/Desktop/VR/KurumaIsu/Content/TripoModels/Monster/Textures/Monster_roughness.uexp" 1822
"C:/Users/xingh/Desktop/VR/KurumaIsu/Content/TripoModels/Monster/Textures/Monster_normal.ubulk" 1823
"C:/Users/xingh/Desktop/VR/KurumaIsu/Content/TripoModels/Monster/Textures/Monster_normal.uasset" 1824
"C:/Users/xingh/Desktop/VR/KurumaIsu/Content/TripoModels/Monster/Textures/Monster_normal.uexp" 1825
"C:/Users/xingh/Desktop/VR/KurumaIsu/Content/TripoModels/Monster/Textures/Monster_metallic.ubulk" 1826
"C:/Users/xingh/Desktop/VR/KurumaIsu/Content/TripoModels/Monster/Textures/Monster_metallic.uasset" 1827
"C:/Users/xingh/Desktop/VR/KurumaIsu/Content/TripoModels/Monster/Textures/Monster_metallic.uexp" 1828
"C:/Users/xingh/Desktop/VR/KurumaIsu/Content/TripoModels/Monster/Textures/Monster_basecolor.ubulk" 1829
"C:/Users/xingh/Desktop/VR/KurumaIsu/Content/TripoModels/Monster/Textures/Monster_basecolor.uasset" 1830
"C:/Users/xingh/Desktop/VR/KurumaIsu/Content/TripoModels/Monster/Textures/Monster_basecolor.uexp" 1831
"C:/Users/xingh/Desktop/VR/KurumaIsu/Content/TripoModels/Monster/Monster_Mat.uasset" 1832
"C:/Users/xingh/Desktop/VR/KurumaIsu/Content/TripoModels/Monster/Monster_Mat.uexp" 1833
"C:/Users/xingh/Desktop/VR/KurumaIsu/Content/TripoModels/Monster/Monster.ubulk" 1834
"C:/Users/xingh/Desktop/VR/KurumaIsu/Content/TripoModels/Monster/Monster.uasset" 1835
"C:/Users/xingh/Desktop/VR/KurumaIsu/Content/TripoModels/Monster/Monster.uexp" 1836
"C:/Users/xingh/Desktop/VR/KurumaIsu/Content/Sound/SFX/MonsterCaptured_02.ubulk" 1837
"C:/Users/xingh/Desktop/VR/KurumaIsu/Content/Sound/SFX/MonsterCaptured_02.uasset" 1838
"C:/Users/xingh/Desktop/VR/KurumaIsu/Content/Sound/SFX/MonsterCaptured_02.uexp" 1839
"C:/Users/xingh/Desktop/VR/KurumaIsu/Content/Sound/SFX/MonsterCaptured_01.ubulk" 1840
"C:/Users/xingh/Desktop/VR/KurumaIsu/Content/Sound/SFX/MonsterCaptured_01.uasset" 1841
"C:/Users/xingh/Desktop/VR/KurumaIsu/Content/Sound/SFX/MonsterCaptured_01.uexp" 1842
"C:/Users/xingh/Desktop/VR/KurumaIsu/Content/Characters/Monster/BBMonster.uasset" 1843
"C:/Users/xingh/Desktop/VR/KurumaIsu/Content/Characters/Monster/BBMonster.uexp" 1844
"C:/Users/xingh/Desktop/VR/KurumaIsu/Content/Characters/Monster/BTMonster.uasset" 1845
"C:/Users/xingh/Desktop/VR/KurumaIsu/Content/Characters/Monster/BTMonster.uexp" 1846
"C:/Users/xingh/Desktop/VR/KurumaIsu/Content/Characters/Monster/BPMonsterAIController.uasset" 1847
"C:/Users/xingh/Desktop/VR/KurumaIsu/Content/Characters/Monster/BPMonsterAIController.uexp" 1848
"C:/Users/xingh/Desktop/VR/KurumaIsu/Content/Characters/Monster/BPMonster.uasset" 1849
"C:/Users/xingh/Desktop/VR/KurumaIsu/Content/Characters/Monster/BPMonster.uexp" 1850
"C:/Users/xingh/Desktop/VR/KurumaIsu/Content/Characters/Monster/BP_MonsterActiveTrigger.uasset" 1851
"C:/Users/xingh/Desktop/VR/KurumaIsu/Content/Characters/Monster/BP_MonsterActiveTrigger.uexp" 1852
"C:/Users/xingh/Desktop/VR/KurumaIsu/Content/Yoshida/BP_ItemSpawnPoint.uasset" 1853
"C:/Users/xingh/Desktop/VR/KurumaIsu/Content/Yoshida/BP_ItemSpawnPoint.uexp" 1854
"C:/Users/xingh/Desktop/VR/KurumaIsu/Content/Yoshida/BP_ItemGenerater.uasset" 1855
"C:/Users/xingh/Desktop/VR/KurumaIsu/Content/Yoshida/BP_ItemGenerater.uexp" 1856
"C:/Users/xingh/Desktop/VR/KurumaIsu/Content/Characters/Monster/BP_MonsterDeactiveTrigger.uasset" 1857
"C:/Users/xingh/Desktop/VR/KurumaIsu/Content/Characters/Monster/BP_MonsterDeactiveTrigger.uexp" 1858
"C:/Users/xingh/Desktop/VR/KurumaIsu/Content/Level/Floor/LV_Stage4F.uexp" 1859
"C:/Users/xingh/Desktop/VR/KurumaIsu/Content/Level/Floor/LV_Stage4F.umap" 1860
