"C:/Users/xingh/Desktop/VR/KurumaIsu/DemoProjectVR.uproject" 1
"../../../../../../Users/xingh/Desktop/VR/KurumaIsu/Binaries/Win64/UnrealEditor.modules" 2
"../../../Engine/Plugins/AudioGameplayVolume/AudioGameplayVolume.uplugin" 3
"../../../Engine/Plugins/AudioInsights/AudioInsights.uplugin" 4
"../../../Engine/Plugins/AudioGameplay/AudioGameplay.uplugin" 5
"../../../Engine/Plugins/Bridge/Bridge.uplugin" 6
"../../../Engine/Plugins/ChaosCloth/ChaosCloth.uplugin" 7
"../../../Engine/Plugins/ChaosClothAsset/ChaosClothAsset.uplugin" 8
"../../../Engine/Plugins/ChaosVD/ChaosVD.uplugin" 9
"../../../Engine/Plugins/BlueprintFileUtils/BlueprintFileUtils.uplugin" 10
"../../../Engine/Plugins/ChaosInsights/ChaosInsights.uplugin" 11
"../../../Engine/Plugins/EnhancedInput/EnhancedInput.uplugin" 12
"../../../Engine/Plugins/CmdLinkServer/CmdLinkServer.uplugin" 13
"../../../Engine/Plugins/Chooser/Chooser.uplugin" 14
"../../../Engine/Plugins/FastBuildController/FastBuildController.uplugin" 15
"../../../Engine/Plugins/MassInsights/MassInsights.uplugin" 16
"../../../Engine/Plugins/JsonBlueprintUtilities/JsonBlueprintUtilities.uplugin" 17
"../../../Engine/Plugins/PCG/PCG.uplugin" 18
"../../../Engine/Plugins/RenderGraphInsights/RenderGraphInsights.uplugin" 19
"../../../Engine/Plugins/MemoryUsageQueries/MemoryUsageQueries.uplugin" 20
"../../../Engine/Plugins/DiscoveryBeaconReceiver/DiscoveryBeaconReceiver.uplugin" 21
"../../../Engine/Plugins/IoStoreInsights/IoStoreInsights.uplugin" 22
"../../../Engine/Plugins/UbaController/UbaController.uplugin" 23
"../../../Engine/Plugins/Fab/Fab.uplugin" 24
"../../../Engine/Plugins/VisualStudioTools/VisualStudioTools.uplugin" 25
"../../../Engine/Plugins/MeshPainting/MeshPainting.uplugin" 26
"../../../Engine/Plugins/WorldMetrics/WorldMetrics.uplugin" 27
"../../../Engine/Plugins/Developer/BlankPlugin/BlankPlugin.uplugin" 28
"../../../Engine/Plugins/Developer/AnimationSharing/AnimationSharing.uplugin" 29
"../../../Engine/Plugins/Developer/CodeLiteSourceCodeAccess/CodeLiteSourceCodeAccess.uplugin" 30
"../../../Engine/Plugins/XGEController/XGEController.uplugin" 31
"../../../Engine/Plugins/TextureGraph/TextureGraph.uplugin" 32
"../../../Engine/Plugins/Developer/CLionSourceCodeAccess/CLionSourceCodeAccess.uplugin" 33
"../../../Engine/Plugins/ChaosClothAssetEditor/ChaosClothAssetEditor.uplugin" 34
"../../../Engine/Plugins/Developer/NamingTokens/NamingTokens.uplugin" 35
"../../../Engine/Plugins/Developer/GitSourceControl/GitSourceControl.uplugin" 36
"../../../Engine/Plugins/Developer/PerforceSourceControl/PerforceSourceControl.uplugin" 37
"../../../Engine/Plugins/Developer/OneSkyLocalizationService/OneSkyLocalizationService.uplugin" 38
"../../../Engine/Plugins/TraceUtilities/TraceUtilities.uplugin" 39
"../../../Engine/Plugins/Developer/DumpGPUServices/DumpGPUServices.uplugin" 40
"../../../Engine/Plugins/Developer/PixWinPlugin/PixWinPlugin.uplugin" 41
"../../../Engine/Plugins/Developer/DirectoryPlaceholder/DirectoryPlaceholder.uplugin" 42
"../../../Engine/Plugins/Developer/PlasticSourceControl/PlasticSourceControl.uplugin" 43
"../../../Engine/Plugins/Mutable/Mutable.uplugin" 44
"../../../Engine/Plugins/Developer/SubversionSourceControl/SubversionSourceControl.uplugin" 45
"../../../Engine/Plugins/ScriptPlugin/ScriptPlugin.uplugin" 46
"../../../Engine/Plugins/Developer/KDevelopSourceCodeAccess/KDevelopSourceCodeAccess.uplugin" 47
"../../../Engine/Plugins/Developer/ProjectLauncher/ProjectLauncher.uplugin" 48
"../../../Engine/Plugins/Developer/FieldNotificationTrace/FieldNotificationTrace.uplugin" 49
"../../../Engine/Plugins/Developer/XcodeGPUDebuggerPlugin/XcodeGPUDebuggerPlugin.uplugin" 50
"../../../Engine/Plugins/Experimental/ActorPalette/ActorPalette.uplugin" 51
"../../../Engine/Plugins/Experimental/AbilitySystemGameFeatureActions/AbilitySystemGameFeatureActions.uplugin" 52
"../../../Engine/Plugins/Experimental/AdvancedRenamer/AdvancedRenamer.uplugin" 53
"../../../Engine/Plugins/Experimental/AnimNextAnimGraph/AnimNextAnimGraph.uplugin" 54
"../../../Engine/Plugins/Developer/PropertyAccessNode/PropertyAccessNode.uplugin" 55
"../../../Engine/Plugins/Developer/TraceSourceFiltering/TraceSourceFilters.uplugin" 56
"../../../Engine/Plugins/Experimental/AnimNext/AnimNext.uplugin" 57
"../../../Engine/Plugins/Developer/RenderDocPlugin/RenderDocPlugin.uplugin" 58
"../../../Engine/Plugins/Experimental/AnimNextPoseSearch/AnimNextPoseSearch.uplugin" 59
"../../../Engine/Plugins/Experimental/AnimNextWarping/AnimNextWarping.uplugin" 60
"../../../Engine/Plugins/Developer/TextureFormatOodle/TextureFormatOodle.uplugin" 61
"../../../Engine/Plugins/Experimental/AsyncMessageSystem/AsyncMessageSystem.uplugin" 62
"../../../Engine/Plugins/Experimental/AnimToTexture/AnimToTexture.uplugin" 63
"../../../Engine/Plugins/Experimental/AnimNextStateTree/AnimNextStateTree.uplugin" 64
"../../../Engine/Plugins/Developer/N10XSourceCodeAccess/N10XSourceCodeAccess.uplugin" 65
"../../../Engine/Plugins/Developer/RiderSourceCodeAccess/RiderSourceCodeAccess.uplugin" 66
"../../../Engine/Plugins/Experimental/AutomationUtils/AutomationUtils.uplugin" 67
"../../../Engine/Plugins/Developer/VisualStudioCodeSourceCodeAccess/VisualStudioCodeSourceCodeAccess.uplugin" 68
"../../../Engine/Plugins/Developer/XCodeSourceCodeAccess/XCodeSourceCodeAccess.uplugin" 69
"../../../Engine/Plugins/Experimental/AvalancheSequenceNavigator/AvalancheSequenceNavigator.uplugin" 70
"../../../Engine/Plugins/Experimental/AvalancheDataLink/AvalancheDataLink.uplugin" 71
"../../../Engine/Plugins/Experimental/AvalancheDisplayCluster/AvalancheDisplayCluster.uplugin" 72
"../../../Engine/Plugins/Experimental/AvalancheSceneState/AvalancheSceneState.uplugin" 73
"../../../Engine/Plugins/Experimental/BlueprintSnapNodes/BlueprintSnapNodes.uplugin" 74
"../../../Engine/Plugins/Developer/PluginUtils/PluginUtils.uplugin" 75
"../../../Engine/Plugins/Experimental/ChaosCachingUSD/ChaosCachingUSD.uplugin" 76
"../../../Engine/Plugins/Experimental/BlueprintStats/BlueprintStats.uplugin" 77
"../../../Engine/Plugins/Experimental/ChaosClothEditor/ChaosClothEditor.uplugin" 78
"../../../Engine/Plugins/Experimental/ChaosFlesh/ChaosFlesh.uplugin" 79
"../../../Engine/Plugins/Experimental/AnimNextChooser/AnimNextChooser.uplugin" 80
"../../../Engine/Plugins/Experimental/AnimNextControlRig/AnimNextControlRig.uplugin" 81
"../../../Engine/Plugins/Experimental/AsyncMessageSystemTests/AsyncMessageSystemTests.uplugin" 82
"../../../Engine/Plugins/Experimental/CharacterAI/CharacterAI.uplugin" 83
"../../../Engine/Plugins/Experimental/ChaosVehiclesPlugin/ChaosVehiclesPlugin.uplugin" 84
"../../../Engine/Plugins/Experimental/CelestialVault/CelestialVault.uplugin" 85
"../../../Engine/Plugins/Experimental/Buoyancy/Buoyancy.uplugin" 86
"../../../Engine/Plugins/Developer/NullSourceCodeAccess/NullSourceCodeAccess.uplugin" 87
"../../../Engine/Plugins/Experimental/CineCameraRigs/CineCameraRigs.uplugin" 88
"../../../Engine/Plugins/Experimental/ChaosCaching/ChaosCaching.uplugin" 89
"../../../Engine/Plugins/Developer/VisualStudioSourceCodeAccess/VisualStudioSourceCodeAccess.uplugin" 90
"../../../Engine/Plugins/Experimental/CineCameraSceneCapture/CineCameraSceneCapture.uplugin" 91
"../../../Engine/Plugins/LightWeightInstancesEditor/LightWeightInstancesEditor.uplugin" 92
"../../../Engine/Plugins/Experimental/CommonConversation/CommonConversation.uplugin" 93
"../../../Engine/Plugins/Experimental/ChaosEditor/ChaosEditor.uplugin" 94
"../../../Engine/Plugins/Experimental/CodeEditor/CodeEditor.uplugin" 95
"../../../Engine/Plugins/Experimental/Dataflow/Dataflow.uplugin" 96
"../../../Engine/Plugins/Experimental/ControlFlows/ControlFlows.uplugin" 97
"../../../Engine/Plugins/Experimental/ColorCorrectRegions/ColorCorrectRegions.uplugin" 98
"../../../Engine/Plugins/Experimental/DaySequence/DaySequence.uplugin" 99
"../../../Engine/Plugins/Experimental/EditorDataStorage/EditorDataStorage.uplugin" 100
"../../../Engine/Plugins/Experimental/ChaosNiagara/ChaosNiagara.uplugin" 101
"../../../Engine/Plugins/Experimental/BackChannel/BackChannel.uplugin" 102
"../../../Engine/Plugins/Experimental/ChaosMover/ChaosMover.uplugin" 103
"../../../Engine/Plugins/Experimental/DataLink/DataLink.uplugin" 104
"../../../Engine/Plugins/Experimental/ChaosOutfitAsset/ChaosOutfitAsset.uplugin" 105
"../../../Engine/Plugins/Experimental/EditorTelemetry/EditorTelemetry.uplugin" 106
"../../../Engine/Plugins/Experimental/FieldSystemPlugin/FieldSystemPlugin.uplugin" 107
"../../../Engine/Plugins/Experimental/EditorPerformance/EditorPerformance.uplugin" 108
"../../../Engine/Plugins/Experimental/ChaosUserDataPT/ChaosUserDataPT.uplugin" 109
"../../../Engine/Plugins/Experimental/CodeView/CodeView.uplugin" 110
"../../../Engine/Plugins/Experimental/FloatingProperties/FloatingProperties.uplugin" 111
"../../../Engine/Plugins/Experimental/ChaosModularVehicleExamples/ChaosModularVehicleExamples.uplugin" 112
"../../../Engine/Plugins/Experimental/Fracture/Fracture.uplugin" 113
"../../../Engine/Plugins/Developer/UObjectPlugin/UObjectPlugin.uplugin" 114
"../../../Engine/Plugins/Experimental/DataLinkOAuth/DataLinkOAuth.uplugin" 115
"../../../Engine/Plugins/Experimental/GeometryDataflow/GeometryDataflow.uplugin" 116
"../../../Engine/Plugins/Experimental/ChaosModularVehicle/ChaosModularVehicle.uplugin" 117
"../../../Engine/Plugins/Experimental/EditorDataStorageFeatures/EditorDataStorageFeatures.uplugin" 118
"../../../Engine/Plugins/Experimental/DynamicMaterialMediaStreamBridge/DynamicMaterialMediaStreamBridge.uplugin" 119
"../../../Engine/Plugins/Experimental/ChaosSolverPlugin/ChaosSolverPlugin.uplugin" 120
"../../../Engine/Plugins/Experimental/GizmoEdMode/GizmoEdMode.uplugin" 121
"../../../Engine/Plugins/Experimental/GizmoFramework/GizmoFramework.uplugin" 122
"../../../Engine/Plugins/Experimental/EvaluationNotifies/EvaluationNotifies.uplugin" 123
"../../../Engine/Plugins/Experimental/HairCardGenerator/HairCardGenerator.uplugin" 124
"../../../Engine/Plugins/Experimental/HairModelingToolset/HairModelingToolset.uplugin" 125
"../../../Engine/Plugins/Experimental/HairStrandsMutable/HairStrandsMutable.uplugin" 126
"../../../Engine/Plugins/Experimental/FullBodyIK/FullBodyIK.uplugin" 127
"../../../Engine/Plugins/Experimental/GeometryCacheAbcFile/GeometryCacheAbcFile.uplugin" 128
"../../../Engine/Plugins/Experimental/GameplayGraph/GameplayGraph.uplugin" 129
"../../../Engine/Plugins/Experimental/GameInputWindows/GameInputWindows.uplugin" 130
"../../../Engine/Plugins/Experimental/GameplayTargetingSystem/TargetingSystem.uplugin" 131
"../../../Engine/Plugins/Experimental/Iris/Iris.uplugin" 132
"../../../Engine/Plugins/Experimental/InstanceDataObjectFixupTool/InstanceDataObjectFixupTool.uplugin" 133
"../../../Engine/Plugins/Experimental/Gauntlet/Gauntlet.uplugin" 134
"../../../Engine/Plugins/Experimental/ImageWidgets/ImageWidgets.uplugin" 135
"../../../Engine/Plugins/Experimental/GeometryCacheLevelSequenceBaker/GeometryCacheLevelSequenceBaker.uplugin" 136
"../../../Engine/Plugins/Experimental/FastGeoStreaming/FastGeoStreaming.uplugin" 137
"../../../Engine/Plugins/Experimental/ImpostorBaker/ImpostorBaker.uplugin" 138
"../../../Engine/Plugins/Experimental/LiveLinkControlRig/LiveLinkControlRig.uplugin" 139
"../../../Engine/Plugins/Experimental/DefaultInstallBundleManager/DefaultInstallBundleManager.uplugin" 140
"../../../Engine/Plugins/Experimental/LearningAgents/LearningAgents.uplugin" 141
"../../../Engine/Plugins/Experimental/InteractionInterface/InteractionInterface.uplugin" 142
"../../../Engine/Plugins/Experimental/LiveLinkOpenVR/LiveLinkOpenVR.uplugin" 143
"../../../Engine/Plugins/Experimental/CinematicPrestreaming/CinematicPrestreaming.uplugin" 144
"../../../Engine/Plugins/Experimental/ImagePlate/ImagePlate.uplugin" 145
"../../../Engine/Plugins/Experimental/GameplayBehaviors/GameplayBehaviors.uplugin" 146
"../../../Engine/Plugins/Experimental/MetasoundExperimental/MetasoundExperimental.uplugin" 147
"../../../Engine/Plugins/Experimental/Landmass/Landmass.uplugin" 148
"../../../Engine/Plugins/Experimental/MLflow/MLflow.uplugin" 149
"../../../Engine/Plugins/Experimental/InlineMaterialInstance/InlineMaterialInstance.uplugin" 150
"../../../Engine/Plugins/Experimental/JWT/JWT.uplugin" 151
"../../../Engine/Plugins/Experimental/MoverAnimNext/MoverAnimNext.uplugin" 152
"../../../Engine/Plugins/Experimental/MoverIntegrations/MoverIntegrations.uplugin" 153
"../../../Engine/Plugins/Experimental/MeshModelingToolsetExp/MeshModelingToolsetExp.uplugin" 154
"../../../Engine/Plugins/Experimental/LandscapePatch/LandscapePatch.uplugin" 155
"../../../Engine/Plugins/Experimental/MediaStream/MediaStream.uplugin" 156
"../../../Engine/Plugins/Experimental/Mover/Mover.uplugin" 157
"../../../Engine/Plugins/Experimental/MotorSimOutputMotoSynth/MotorSimOutputMotoSynth.uplugin" 158
"../../../Engine/Plugins/Experimental/MotoSynth/MotoSynth.uplugin" 159
"../../../Engine/Plugins/Experimental/MoverExamples/MoverExamples.uplugin" 160
"../../../Engine/Plugins/Experimental/NFORDenoise/NFORDenoise.uplugin" 161
"../../../Engine/Plugins/Experimental/LowLevelNetTrace/LowLevelNetTrace.uplugin" 162
"../../../Engine/Plugins/Experimental/MediaViewer/MediaViewer.uplugin" 163
"../../../Engine/Plugins/Experimental/NaniteDisplacedMesh/NaniteDisplacedMesh.uplugin" 164
"../../../Engine/Plugins/Experimental/NNERuntimeCoreML/NNERuntimeCoreML.uplugin" 165
"../../../Engine/Plugins/Experimental/MeshResizing/MeshResizing.uplugin" 166
"../../../Engine/Plugins/Experimental/OpenImageDenoise/OpenImageDenoise.uplugin" 167
"../../../Engine/Plugins/Experimental/NNERuntimeIREE/NNERuntimeIREE.uplugin" 168
"../../../Engine/Plugins/Developer/TraceDataFiltering/TraceDataFilters.uplugin" 169
"../../../Engine/Plugins/Experimental/PCGBiomeCore/PCGBiomeCore.uplugin" 170
"../../../Engine/Plugins/Experimental/GeometryCollectionPlugin/GeometryCollectionPlugin.uplugin" 171
"../../../Engine/Plugins/Experimental/OptiXDenoise/OptiXDenoise.uplugin" 172
"../../../Engine/Plugins/Experimental/LocalizableMessage/LocalizableMessage.uplugin" 173
"../../../Engine/Plugins/Experimental/PlainProps/PlainProps.uplugin" 174
"../../../Engine/Plugins/Experimental/PixelStreamingPlayer/PixelStreamingPlayer.uplugin" 175
"../../../Engine/Plugins/Experimental/PhysicsControl/PhysicsControl.uplugin" 176
"../../../Engine/Plugins/Experimental/GeometryFlow/GeometryFlow.uplugin" 177
"../../../Engine/Plugins/Experimental/PlatformCrypto/PlatformCrypto.uplugin" 178
"../../../Engine/Plugins/Experimental/PlainPropsUObject/PlainPropsUObject.uplugin" 179
"../../../Engine/Plugins/Experimental/PanoramicCapture/PanoramicCapture.uplugin" 180
"../../../Engine/Plugins/Experimental/PSDImporterMaterialDesignerBridge/PSDImporterMaterialDesignerBridge.uplugin" 181
"../../../Engine/Plugins/Experimental/PSDImporter/PSDImporter.uplugin" 182
"../../../Engine/Plugins/Experimental/GPULightmass/GPULightmass.uplugin" 183
"../../../Engine/Plugins/Experimental/PluginTemplateTool/PluginTemplateTool.uplugin" 184
"../../../Engine/Plugins/Experimental/MoverTests/MoverTests.uplugin" 185
"../../../Engine/Plugins/Experimental/PostProcessMaterialChainGraph/PostProcessMaterialChainGraph.uplugin" 186
"../../../Engine/Plugins/Experimental/MutablePopulation/MutablePopulation.uplugin" 187
"../../../Engine/Plugins/Experimental/MutableClothing/MutableClothing.uplugin" 188
"../../../Engine/Plugins/Experimental/QuicMessaging/QuicMessaging.uplugin" 189
"../../../Engine/Plugins/Experimental/NeuralRendering/NeuralRendering.uplugin" 190
"../../../Engine/Plugins/Experimental/PluginAudit/PluginAudit.uplugin" 191
"../../../Engine/Plugins/Experimental/PluginReferenceViewer/PluginReferenceViewer.uplugin" 192
"../../../Engine/Plugins/Experimental/LevelSequenceNavigatorBridge/LevelSequenceNavigatorBridge.uplugin" 193
"../../../Engine/Plugins/Experimental/PythonFoundationPackages/PythonFoundationPackages.uplugin" 194
"../../../Engine/Plugins/Experimental/NNERuntimeBasicCpu/NNERuntimeBasicCpu.uplugin" 195
"../../../Engine/Plugins/Experimental/PCGBiomeSample/PCGBiomeSample.uplugin" 196
"../../../Engine/Plugins/Experimental/ScreenReader/ScreenReader.uplugin" 197
"../../../Engine/Plugins/Experimental/SimpleHMD/SimpleHMD.uplugin" 198
"../../../Engine/Plugins/Experimental/RawInput/RawInput.uplugin" 199
"../../../Engine/Plugins/Experimental/PlanarCutPlugin/PlanarCut.uplugin" 200
"../../../Engine/Plugins/Experimental/SequenceNavigator/SequenceNavigator.uplugin" 201
"../../../Engine/Plugins/Experimental/SlateIM/SlateIM.uplugin" 202
"../../../Engine/Plugins/Experimental/SerializationUtils/SerializationUtils.uplugin" 203
"../../../Engine/Plugins/Experimental/RazerChromaDevices/RazerChromaDevices.uplugin" 204
"../../../Engine/Plugins/Experimental/MovieSceneAnimMixer/MovieSceneAnimMixer.uplugin" 205
"../../../Engine/Plugins/Experimental/RenderGrid/RenderGrid.uplugin" 206
"../../../Engine/Plugins/Experimental/PythonScriptPlugin/PythonScriptPlugin.uplugin" 207
"../../../Engine/Plugins/Experimental/StructUtils/StructUtils.uplugin" 208
"../../../Engine/Plugins/Experimental/Shotgrid/Shotgrid.uplugin" 209
"../../../Engine/Plugins/Experimental/StateGraph/StateGraph.uplugin" 210
"../../../Engine/Plugins/Experimental/MovieScenePoseSearchTracks/MovieScenePoseSearchTracks.uplugin" 211
"../../../Engine/Plugins/Experimental/NNERuntimeRDG/NNERuntimeRDG.uplugin" 212
"../../../Engine/Plugins/Experimental/SurfaceEffects/SurfaceEffects.uplugin" 213
"../../../Engine/Plugins/Experimental/SkeletalReduction/SkeletalReduction.uplugin" 214
"../../../Engine/Plugins/Experimental/SubmitToolEditor/SubmitToolEditor.uplugin" 215
"../../../Engine/Plugins/Experimental/SVGImporter/SVGImporter.uplugin" 216
"../../../Engine/Plugins/Experimental/RigLogicAnimNext/RigLogicAnimNext.uplugin" 217
"../../../Engine/Plugins/Experimental/SlateModelViewViewModel/SlateModelViewViewModel.uplugin" 218
"../../../Engine/Plugins/Experimental/TetMeshing/TetMeshing.uplugin" 219
"../../../Engine/Plugins/Experimental/Tensorboard/Tensorboard.uplugin" 220
"../../../Engine/Plugins/Experimental/Text3D/Text3D.uplugin" 221
"../../../Engine/Plugins/Experimental/TextToSpeech/TextToSpeech.uplugin" 222
"../../../Engine/Plugins/Experimental/SubtitlesAndClosedCaptions/SubtitlesAndClosedCaptions.uplugin" 223
"../../../Engine/Plugins/Experimental/RigLogicMutable/RigLogicMutable.uplugin" 224
"../../../Engine/Plugins/Experimental/TextureMediaPlayer/TextureMediaPlayer.uplugin" 225
"../../../Engine/Plugins/Experimental/UIFramework/UIFramework.uplugin" 226
"../../../Engine/Plugins/Experimental/VirtualHeightfieldMesh/VirtualHeightfieldMesh.uplugin" 227
"../../../Engine/Plugins/Experimental/Volumetrics/Volumetrics.uplugin" 228
"../../../Engine/Plugins/Experimental/UserToolBoxBasicCommand/UserToolBoxBasicCommand.uplugin" 229
"../../../Engine/Plugins/Experimental/UserToolBoxCore/UserToolBoxCore.uplugin" 230
"../../../Engine/Plugins/Experimental/WaterExtras/WaterExtras.uplugin" 231
"../../../Engine/Plugins/Experimental/WebSocketMessaging/WebSocketMessaging.uplugin" 232
"../../../Engine/Plugins/Experimental/RuntimeTelemetry/RuntimeTelemetry.uplugin" 233
"../../../Engine/Plugins/Experimental/Water/Water.uplugin" 234
"../../../Engine/Plugins/Messaging/TcpMessaging/TcpMessaging.uplugin" 235
"../../../Engine/Plugins/Experimental/TechAudioTools/TechAudioTools.uplugin" 236
"../../../Engine/Plugins/Experimental/Workspace/Workspace.uplugin" 237
"../../../Engine/Plugins/Experimental/SpatialReadiness/SpatialReadiness.uplugin" 238
"../../../Engine/Plugins/Experimental/WidgetEditorToolPalette/WidgetEditorToolPalette.uplugin" 239
"../../../Engine/Plugins/Experimental/SecuritySandbox/SecuritySandbox.uplugin" 240
"../../../Engine/Plugins/Experimental/RemoteSession/RemoteSession.uplugin" 241
"../../../Engine/Plugins/MovieScene/LevelSequenceEditor/LevelSequenceEditor.uplugin" 242
"../../../Engine/Plugins/NNE/NNEDenoiser/NNEDenoiser.uplugin" 243
"../../../Engine/Plugins/Experimental/ToolPresets/ToolPresets.uplugin" 244
"../../../Engine/Plugins/Experimental/TargetDeviceServicesScripting/TargetDeviceServicesScripting.uplugin" 245
"../../../Engine/Plugins/Experimental/LiveLinkFaceImporter/LiveLinkFaceImporter.uplugin" 246
"../../../Engine/Plugins/Experimental/WebSocketNetworking/WebSocketNetworking.uplugin" 247
"../../../Engine/Plugins/Experimental/XRCreativeFramework/XRCreativeFramework.uplugin" 248
"../../../Engine/Plugins/PCGInterops/PCGGeometryScriptInterop/PCGGeometryScriptInterop.uplugin" 249
"../../../Engine/Plugins/Protocols/MQTT/MQTT.uplugin" 250
"../../../Engine/Plugins/PCGInterops/PCGExternalDataInterop/PCGExternalDataInterop.uplugin" 251
"../../../Engine/Plugins/MovieScene/MoviePipelineMaskRenderPass/MoviePipelineMaskRenderPass.uplugin" 252
"../../../Engine/Plugins/MovieScene/ActorSequence/ActorSequence.uplugin" 253
"../../../Engine/Plugins/Messaging/UdpMessaging/UdpMessaging.uplugin" 254
"../../../Engine/Plugins/Tests/InterchangeTests/InterchangeTests.uplugin" 255
"../../../Engine/Plugins/MovieScene/CustomizableSequencerTracks/CustomizableSequencerTracks.uplugin" 256
"../../../Engine/Plugins/Experimental/SceneState/SceneState.uplugin" 257
"../../../Engine/Plugins/Messaging/MessagingDebugger/MessagingDebugger.uplugin" 258
"../../../Engine/Plugins/Tests/PythonAutomationTest/PythonAutomationTest.uplugin" 259
"../../../Engine/Plugins/Tests/TestFramework/TestFramework.uplugin" 260
"../../../Engine/Plugins/MovieScene/MovieRenderPipeline/MovieRenderPipeline.uplugin" 261
"../../../Engine/Plugins/Tests/TestSamples/TestSamples.uplugin" 262
"../../../Engine/Plugins/Experimental/VirtualProductionUtilities/VirtualProductionUtilities.uplugin" 263
"../../../Engine/Plugins/MovieScene/SequencerScripting/SequencerScripting.uplugin" 264
"../../../Engine/Plugins/Tests/FbxAutomationTestBuilder/FbxAutomationTestBuilder.uplugin" 265
"../../../Engine/Plugins/MovieScene/TemplateSequence/TemplateSequence.uplugin" 266
"../../../Engine/Plugins/Tests/AutomationDriverTests/AutomationDriverTests.uplugin" 267
"../../../Engine/Plugins/Tests/CQTest/CQTest.uplugin" 268
"../../../Engine/Plugins/VirtualProduction/ActorModifierCore/ActorModifierCore.uplugin" 269
"../../../Engine/Plugins/MovieScene/ReplayTracks/ReplayTracks.uplugin" 270
"../../../Engine/Plugins/Tests/EditorTests/EditorTests.uplugin" 271
"../../../Engine/Plugins/Tests/RHITests/RHITests.uplugin" 272
"../../../Engine/Plugins/VirtualProduction/CameraCalibrationML/CameraCalibrationML.uplugin" 273
"../../../Engine/Plugins/VirtualProduction/ClonerEffector/ClonerEffector.uplugin" 274
"../../../Engine/Plugins/Tests/CQTestEnhancedInput/CQTestEnhancedInput.uplugin" 275
"../../../Engine/Plugins/Tests/FunctionalTestingEditor/FunctionalTestingEditor.uplugin" 276
"../../../Engine/Plugins/Tests/RuntimeTests/RuntimeTests.uplugin" 277
"../../../Engine/Plugins/Experimental/SlateScreenReader/SlateScreenReader.uplugin" 278
"../../../Engine/Plugins/VirtualProduction/DynamicMaterial/DynamicMaterial.uplugin" 279
"../../../Engine/Plugins/VirtualProduction/DataCharts/DataCharts.uplugin" 280
"../../../Engine/Plugins/Experimental/WaveFunctionCollapse/WaveFunctionCollapse.uplugin" 281
"../../../Engine/Plugins/VirtualProduction/ICVFX/ICVFX.uplugin" 282
"../../../Engine/Plugins/VirtualProduction/ICVFXTesting/ICVFXTesting.uplugin" 283
"../../../Engine/Plugins/VirtualProduction/LiveLinkLens/LiveLinkLens.uplugin" 284
"../../../Engine/Plugins/VirtualProduction/CaptureData/CaptureData.uplugin" 285
"../../../Engine/Plugins/Tests/WidgetAutomationTests/WidgetAutomationTests.uplugin" 286
"../../../Engine/Plugins/NNE/NNERuntimeORT/NNERuntimeORT.uplugin" 287
"../../../Engine/Plugins/VirtualProduction/LiveLinkInputDevice/LiveLinkInputDevice.uplugin" 288
"../../../Engine/Plugins/VirtualProduction/CinematicAssemblyTools/CinematicAssemblyTools.uplugin" 289
"../../../Engine/Plugins/VirtualProduction/CameraCalibrationCore/CameraCalibrationCore.uplugin" 290
"../../../Engine/Plugins/VirtualProduction/LiveLinkPrestonMDR/LiveLinkPrestonMDR.uplugin" 291
"../../../Engine/Plugins/VirtualProduction/ActorModifier/ActorModifier.uplugin" 292
"../../../Engine/Plugins/VirtualProduction/CompositePlane/CompositePlane.uplugin" 293
"../../../Engine/Plugins/VirtualProduction/LiveLinkCamera/LiveLinkCamera.uplugin" 294
"../../../Engine/Plugins/VirtualProduction/LiveLinkXR/LiveLinkXR.uplugin" 295
"../../../Engine/Plugins/MovieScene/MovieSceneTextTrack/MovieSceneTextTrack.uplugin" 296
"../../../Engine/Plugins/VirtualProduction/OperatorStack/OperatorStack.uplugin" 297
"../../../Engine/Plugins/VirtualProduction/LiveLinkVRPN/LiveLinkVRPN.uplugin" 298
"../../../Engine/Plugins/Experimental/RemoteControlComponents/RemoteControlComponents.uplugin" 299
"../../../Engine/Plugins/VirtualProduction/MultiUserTakes/MultiUserTakes.uplugin" 300
"../../../Engine/Plugins/VirtualProduction/EpicStageApp/EpicStageApp.uplugin" 301
"../../../Engine/Plugins/VirtualProduction/LiveLinkMasterLockit/LiveLinkMasterLockit.uplugin" 302
"../../../Engine/Plugins/VirtualProduction/PropertyAnimatorCore/PropertyAnimatorCore.uplugin" 303
"../../../Engine/Plugins/VirtualProduction/LiveLinkOpenTrackIO/LiveLinkOpenTrackIO.uplugin" 304
"../../../Engine/Plugins/VirtualProduction/PerformanceCaptureWorkflow/PerformanceCaptureWorkflow.uplugin" 305
"../../../Engine/Plugins/VirtualProduction/CustomDetailsView/CustomDetailsView.uplugin" 306
"../../../Engine/Plugins/VirtualProduction/RemoteControlProtocolOSC/RemoteControlProtocolOSC.uplugin" 307
"../../../Engine/Plugins/VirtualProduction/SequencerPlaylists/SequencerPlaylists.uplugin" 308
"../../../Engine/Plugins/VirtualProduction/PropertyAnimator/PropertyAnimator.uplugin" 309
"../../../Engine/Plugins/VirtualProduction/StageMonitoring/StageMonitoring.uplugin" 310
"../../../Engine/Plugins/VirtualProduction/TextureShare/TextureShare.uplugin" 311
"../../../Engine/Plugins/VirtualProduction/VirtualCamera/VirtualCamera.uplugin" 312
"../../../Engine/Plugins/VirtualProduction/StormSync/StormSync.uplugin" 313
"../../../Engine/Plugins/VirtualProduction/Avalanche/Avalanche.uplugin" 314
"../../../Engine/Plugins/VirtualProduction/RemoteControlWebInterface/RemoteControlWebInterface.uplugin" 315
"../../../Engine/Plugins/Importers/USDImporter/USDImporter.uplugin" 316
"../../../Engine/Plugins/VirtualProduction/GeometryMask/GeometryMask.uplugin" 317
"../../../Engine/Plugins/Experimental/WaterAdvanced/WaterAdvanced.uplugin" 318
"../../../Engine/Plugins/Importers/USDImporterMDL/USDImporterMDL.uplugin" 319
"../../../Engine/Plugins/VirtualProduction/LensComponent/LensComponent.uplugin" 320
"../../../Engine/Plugins/Importers/USDMultiUser/USDMultiUser.uplugin" 321
"../../../Engine/Plugins/Marketplace/BLEUtili9c2562052820V6/BleGoodies.uplugin" 322
"../../../Engine/Plugins/MetaHuman/MetaHumanCalibrationProcessing/MetaHumanCalibrationProcessing.uplugin" 323
"../../../Engine/Plugins/MetaHuman/MetaHumanCharacter/MetaHumanCharacter.uplugin" 324
"../../../Engine/Plugins/VirtualProduction/Takes/Takes.uplugin" 325
"../../../Engine/Plugins/MetaHuman/MetaHumanAnimator/MetaHuman.uplugin" 326
"../../../Engine/Plugins/VirtualProduction/TimedDataMonitor/TimedDataMonitor.uplugin" 327
"../../../Engine/Plugins/VirtualProduction/RemoteControlInterception/RemoteControlInterception.uplugin" 328
"../../../Engine/Plugins/Importers/AlembicHairImporter/AlembicHairImporter.uplugin" 329
"../../../Engine/Plugins/VirtualProduction/CameraCalibration/CameraCalibration.uplugin" 330
"../../../Engine/Plugins/Performance/PerformanceMonitor/PerformanceMonitor.uplugin" 331
"../../../Engine/Plugins/Runtime/ADM/ADM.uplugin" 332
"../../../Engine/Plugins/NetcodeUnitTest/NUTUnrealEngine/NUTUnrealEngine.uplugin" 333
"../../../Engine/Plugins/MetaHuman/MetaHumanCoreTechLib/MetaHumanCoreTech.uplugin" 334
"../../../Engine/Plugins/Runtime/AndroidBackgroundService/AndroidBackgroundService.uplugin" 335
"../../../Engine/Plugins/Runtime/AndroidPermission/AndroidPermission.uplugin" 336
"../../../Engine/Plugins/MetaHuman/MetaHumanLiveLink/MetaHumanLiveLink.uplugin" 337
"../../../Engine/Plugins/Runtime/AndroidFileServer/AndroidFileServer.uplugin" 338
"../../../Engine/Plugins/VirtualProduction/VirtualScouting/VirtualScouting.uplugin" 339
"../../../Engine/Plugins/Runtime/ArchVisCharacter/ArchVisCharacter.uplugin" 340
"../../../Engine/Plugins/Runtime/AudioMotorSim/AudioMotorSim.uplugin" 341
"../../../Engine/Plugins/Runtime/AudioWidgets/AudioWidgets.uplugin" 342
"../../../Engine/Plugins/VirtualProduction/RemoteControl/RemoteControl.uplugin" 343
"../../../Engine/Plugins/VirtualProduction/LevelSnapshots/LevelSnapshots.uplugin" 344
"../../../Engine/Plugins/VirtualProduction/Switchboard/Switchboard.uplugin" 345
"../../../Engine/Plugins/Runtime/AudioSynesthesia/AudioSynesthesia.uplugin" 346
"../../../Engine/Plugins/VirtualProduction/RemoteControlProtocolDMX/RemoteControlProtocolDMX.uplugin" 347
"../../../Engine/Plugins/Runtime/ApexDestruction/ApexDestruction.uplugin" 348
"../../../Engine/Plugins/VirtualProduction/LiveLinkFreeD/LiveLinkFreeD.uplugin" 349
"../../../Engine/Plugins/NetcodeUnitTest/NetcodeUnitTest/NetcodeUnitTest.uplugin" 350
"../../../Engine/Plugins/Runtime/AudioModulation/AudioModulation.uplugin" 351
"../../../Engine/Plugins/VirtualProduction/StormSyncAvalancheBridge/StormSyncAvalancheBridge.uplugin" 352
"../../../Engine/Plugins/Runtime/CableComponent/CableComponent.uplugin" 353
"../../../Engine/Plugins/Runtime/ComputeFramework/ComputeFramework.uplugin" 354
"../../../Engine/Plugins/Runtime/CommonUI/CommonUI.uplugin" 355
"../../../Engine/Plugins/Runtime/CustomMeshComponent/CustomMeshComponent.uplugin" 356
"../../../Engine/Plugins/Performance/AutomatedPerfTesting/AutomatedPerfTesting.uplugin" 357
"../../../Engine/Plugins/VirtualProduction/RemoteControlProtocolMIDI/RemoteControlProtocolMIDI.uplugin" 358
"../../../Engine/Plugins/Runtime/GameplayBehaviorSmartObjects/GameplayBehaviorSmartObjects.uplugin" 359
"../../../Engine/Plugins/Runtime/GameplayAbilities/GameplayAbilities.uplugin" 360
"../../../Engine/Plugins/Runtime/AndroidDeviceProfileSelector/AndroidDeviceProfileSelector.uplugin" 361
"../../../Engine/Plugins/Runtime/AnimationBudgetAllocator/AnimationBudgetAllocator.uplugin" 362
"../../../Engine/Plugins/Runtime/AssetTags/AssetTags.uplugin" 363
"../../../Engine/Plugins/Runtime/GeometryCache/GeometryCache.uplugin" 364
"../../../Engine/Plugins/Runtime/DataRegistry/DataRegistry.uplugin" 365
"../../../Engine/Plugins/Runtime/GoogleCloudMessaging/GoogleCloudMessaging.uplugin" 366
"../../../Engine/Plugins/Runtime/GeometryProcessing/GeometryProcessing.uplugin" 367
"../../../Engine/Plugins/Runtime/GeometryScripting/GeometryScripting.uplugin" 368
"../../../Engine/Plugins/Runtime/ExampleDeviceProfileSelector/ExampleDeviceProfileSelector.uplugin" 369
"../../../Engine/Plugins/Runtime/GameplayInteractions/GameplayInteractions.uplugin" 370
"../../../Engine/Plugins/Runtime/GameplayStateTree/GameplayStateTree.uplugin" 371
"../../../Engine/Plugins/Runtime/AudioCapture/AudioCapture.uplugin" 372
"../../../Engine/Plugins/Runtime/HTTPChunkInstaller/HTTPChunkInstaller.uplugin" 373
"../../../Engine/Plugins/Runtime/InstancedActors/InstancedActors.uplugin" 374
"../../../Engine/Plugins/Runtime/HPMotionController/HPMotionController.uplugin" 375
"../../../Engine/Plugins/Runtime/GameInput/GameInput.uplugin" 376
"../../../Engine/Plugins/VirtualProduction/VirtualCameraCore/VirtualCameraCore.uplugin" 377
"../../../Engine/Plugins/Runtime/HDRIBackdrop/HDRIBackdrop.uplugin" 378
"../../../Engine/Plugins/Runtime/AndroidMoviePlayer/AndroidMoviePlayer.uplugin" 379
"../../../Engine/Plugins/Runtime/HairStrands/HairStrands.uplugin" 380
"../../../Engine/Plugins/Runtime/ChunkDownloader/ChunkDownloader.uplugin" 381
"../../../Engine/Plugins/Runtime/LocationServicesBPLibrary/LocationServicesBPLibrary.uplugin" 382
"../../../Engine/Plugins/Runtime/LinuxDeviceProfileSelector/LinuxDeviceProfileSelector.uplugin" 383
"../../../Engine/Plugins/Importers/AlembicImporter/AlembicImporter.uplugin" 384
"../../../Engine/Plugins/Runtime/ActorLayerUtilities/ActorLayerUtilities.uplugin" 385
"../../../Engine/Plugins/MetaHuman/MetaHumanSDK/MetaHumanSDK.uplugin" 386
"../../../Engine/Plugins/Runtime/MicrosoftSpatialAudio/MicroSoftSpatialSound.uplugin" 387
"../../../Engine/Plugins/Runtime/MIDIDevice/MIDIDevice.uplugin" 388
"../../../Engine/Plugins/Runtime/MixedRealityCaptureFramework/MixedRealityCaptureFramework.uplugin" 389
"../../../Engine/Plugins/Runtime/GameFeatures/GameFeatures.uplugin" 390
"../../../Engine/Plugins/Runtime/LevelStreamingPersistence/LevelStreamingPersistence.uplugin" 391
"../../../Engine/Plugins/Runtime/LiveLinkOvernDisplay/LiveLinkOverNDisplay.uplugin" 392
"../../../Engine/Plugins/Runtime/Firebase/Firebase.uplugin" 393
"../../../Engine/Plugins/Runtime/GeoReferencing/GeoReferencing.uplugin" 394
"../../../Engine/Plugins/Runtime/ModularGameplay/ModularGameplay.uplugin" 395
"../../../Engine/Plugins/Runtime/GooglePAD/GooglePAD.uplugin" 396
"../../../Engine/Plugins/Runtime/MassGameplay/MassGameplay.uplugin" 397
"../../../Engine/Plugins/Runtime/NetworkPredictionExtras/NetworkPredictionExtras.uplugin" 398
"../../../Engine/Plugins/Runtime/AppleMoviePlayer/AppleMoviePlayer.uplugin" 399
"../../../Engine/Plugins/Runtime/NavCorridor/NavCorridor.uplugin" 400
"../../../Engine/Plugins/Runtime/ModelViewViewModel/ModelViewViewModel.uplugin" 401
"../../../Engine/Plugins/Runtime/MobilePatchingUtils/MobilePatchingUtils.uplugin" 402
"../../../Engine/Plugins/Runtime/InputDebugging/InputDebugging.uplugin" 403
"../../../Engine/Plugins/Runtime/nDisplay/nDisplay.uplugin" 404
"../../../Engine/Plugins/Runtime/Harmonix/Harmonix.uplugin" 405
"../../../Engine/Plugins/Runtime/NetworkPredictionInsights/NetworkPredictionInsights.uplugin" 406
"../../../Engine/Plugins/Runtime/NetworkPrediction/NetworkPrediction.uplugin" 407
"../../../Engine/Plugins/Runtime/OpenXRViveTracker/OpenXRViveTracker.uplugin" 408
"../../../Engine/Plugins/Runtime/MobileFSR/MobileFSR.uplugin" 409
"../../../Engine/Plugins/Runtime/OpenXRHandTracking/OpenXRHandTracking.uplugin" 410
"../../../Engine/Plugins/Runtime/AppleImageUtils/AppleImageUtils.uplugin" 411
"../../../Engine/Plugins/Runtime/Metasound/Metasound.uplugin" 412
"../../../Engine/Plugins/Runtime/OpenXR/OpenXR.uplugin" 413
"../../../Engine/Plugins/Runtime/MultiServerReplication/MultiServerReplication.uplugin" 414
"../../../Engine/Plugins/Runtime/PropertyAccess/PropertyAccessEditor.uplugin" 415
"../../../Engine/Plugins/Runtime/RenderTrace/RenderTrace.uplugin" 416
"../../../Engine/Plugins/Runtime/OpenXRMsftHandInteraction/OpenXRMsftHandInteraction.uplugin" 417
"../../../Engine/Plugins/Runtime/IOSDeviceProfileSelector/IOSDeviceProfileSelector.uplugin" 418
"../../../Engine/Plugins/Runtime/OpenCV/OpenCV.uplugin" 419
"../../../Engine/Plugins/Runtime/ReplicationSystemTestPlugin/ReplicationSystemTestPlugin.uplugin" 420
"../../../Engine/Plugins/Runtime/SkeletalMerging/SkeletalMerging.uplugin" 421
"../../../Engine/Plugins/Runtime/MsQuic/MsQuic.uplugin" 422
"../../../Engine/Plugins/Runtime/Soundscape/Soundscape.uplugin" 423
"../../../Engine/Plugins/Runtime/ReplicationGraph/ReplicationGraph.uplugin" 424
"../../../Engine/Plugins/Runtime/MeshModelingToolset/MeshModelingToolset.uplugin" 425
"../../../Engine/Plugins/Runtime/SmartObjects/SmartObjects.uplugin" 426
"../../../Engine/Plugins/Runtime/RigVM/RigVM.uplugin" 427
"../../../Engine/Plugins/Runtime/PreLoadScreenMoviePlayer/PreLoadScreenMoviePlayer.uplugin" 428
"../../../Engine/Plugins/Runtime/ScriptableToolsFramework/ScriptableToolsFramework.uplugin" 429
"../../../Engine/Plugins/Runtime/IOSReplayKit/IOSReplayKit.uplugin" 430
"../../../Engine/Plugins/Runtime/SoundUtilities/SoundUtilities.uplugin" 431
"../../../Engine/Plugins/Runtime/ResonanceAudio/ResonanceAudio.uplugin" 432
"../../../Engine/Plugins/Runtime/SignificanceManager/SignificanceManager.uplugin" 433
"../../../Engine/Plugins/Runtime/Synthesis/Synthesis.uplugin" 434
"../../../Engine/Plugins/Runtime/nDisplayModularFeatures/nDisplayModularFeatures.uplugin" 435
"../../../Engine/Plugins/Runtime/SoundCueTemplates/SoundCueTemplates.uplugin" 436
"../../../Engine/Plugins/Runtime/USDCore/USDCore.uplugin" 437
"../../../Engine/Plugins/Runtime/WarpUtils/WarpUtils.uplugin" 438
"../../../Engine/Plugins/Runtime/OptionalMobileFeaturesBPLibrary/OptionalMobileFeaturesBPLibrary.uplugin" 439
"../../../Engine/Plugins/Runtime/PropertyBindingUtils/PropertyBindingUtils.uplugin" 440
"../../../Engine/Plugins/Runtime/WebBrowserWidget/WebBrowserWidget.uplugin" 441
"../../../Engine/Plugins/Runtime/WindowsDeviceProfileSelector/WindowsDeviceProfileSelector.uplugin" 442
"../../../Engine/Plugins/Runtime/WindowsMoviePlayer/WindowsMoviePlayer.uplugin" 443
"../../../Engine/Plugins/Runtime/WorldConditions/WorldConditions.uplugin" 444
"../../../Engine/Plugins/Runtime/ProceduralMeshComponent/ProceduralMeshComponent.uplugin" 445
"../../../Engine/Plugins/Runtime/SunPosition/SunPosition.uplugin" 446
"../../../Engine/Plugins/Runtime/Spatialization/Spatialization.uplugin" 447
"../../../Engine/Plugins/Runtime/OSC/OSC.uplugin" 448
"../../../Engine/Plugins/Runtime/SoundFields/SoundFields.uplugin" 449
"../../../Engine/Plugins/2D/Paper2D/Paper2D.uplugin" 450
"../../../Engine/Plugins/Web/HttpBlueprint/HttpBlueprint.uplugin" 451
"../../../Engine/Plugins/AI/MassAI/MassAI.uplugin" 452
"../../../Engine/Plugins/Runtime/MassEntity/MassEntity.uplugin" 453
"../../../Engine/Plugins/Runtime/LocationServicesAndroidImpl/LocationServicesAndroidImpl.uplugin" 454
"../../../Engine/Plugins/Runtime/ZoneGraph/ZoneGraph.uplugin" 455
"../../../Engine/Plugins/AI/MassCrowd/MassCrowd.uplugin" 456
"../../../Engine/Plugins/Runtime/WebBrowserNativeProxy/WebBrowserNativeProxy.uplugin" 457
"../../../Engine/Plugins/Animation/AnimationData/AnimationData.uplugin" 458
"../../../Engine/Plugins/Slate/SlateScripting/SlateScripting.uplugin" 459
"../../../Engine/Plugins/Animation/AnimatorKit/AnimatorKit.uplugin" 460
"../../../Engine/Plugins/Runtime/MusicEnvironment/MusicEnvironment.uplugin" 461
"../../../Engine/Plugins/Animation/ACLPlugin/ACLPlugin.uplugin" 462
"../../../Engine/Plugins/Animation/AnimationLocomotionLibrary/AnimationLocomotionLibrary.uplugin" 463
"../../../Engine/Plugins/Animation/AnimationWarping/AnimationWarping.uplugin" 464
"../../../Engine/Plugins/Runtime/StateTree/StateTree.uplugin" 465
"../../../Engine/Plugins/Animation/ControlRig/ControlRig.uplugin" 466
"../../../Engine/Plugins/Portal/LauncherChunkInstaller/LauncherChunkInstaller.uplugin" 467
"../../../Engine/Plugins/Runtime/ZoneGraphAnnotations/ZoneGraphAnnotations.uplugin" 468
"../../../Engine/Plugins/Animation/DeformerGraph/DeformerGraph.uplugin" 469
"../../../Engine/Plugins/Runtime/WaveTable/WaveTable.uplugin" 470
"../../../Engine/Plugins/AI/HTNPlanner/HTNPlanner.uplugin" 471
"../../../Engine/Plugins/Animation/ControlRigModules/ControlRigModules.uplugin" 472
"../../../Engine/Plugins/Animation/LiveLink/LiveLink.uplugin" 473
"../../../Engine/Plugins/Runtime/OpenXREyeTracker/OpenXREyeTracker.uplugin" 474
"../../../Engine/Plugins/Animation/GeneSplicer/GeneSplicer.uplugin" 475
"../../../Engine/Plugins/Runtime/XRBase/XRBase.uplugin" 476
"../../../Engine/Plugins/Animation/LiveLinkCurveDebugUI/LiveLinkCurveDebugUI.uplugin" 477
"../../../Engine/Plugins/Animation/ControlRigSpline/ControlRigSpline.uplugin" 478
"../../../Engine/Plugins/AI/AISupport/AISupport.uplugin" 479
"../../../Engine/Plugins/Animation/IKRig/IKRig.uplugin" 480
"../../../Engine/Plugins/Runtime/SoundMod/SoundMod.uplugin" 481
"../../../Engine/Plugins/Animation/SkeletalMeshModelingTools/SkeletalMeshModelingTools.uplugin" 482
"../../../Engine/Plugins/Slate/SlateInsights/SlateInsights.uplugin" 483
"../../../Engine/Plugins/Animation/MotionWarping/MotionWarping.uplugin" 484
"../../../Engine/Plugins/Compositing/Composure/Composure.uplugin" 485
"../../../Engine/Plugins/Animation/LiveLinkHub/LiveLinkHub.uplugin" 486
"../../../Engine/Plugins/Animation/LiveLinkExampleDevice/LiveLinkExampleDevice.uplugin" 487
"../../../Engine/Plugins/Editor/AssetManagerEditor/AssetManagerEditor.uplugin" 488
"../../../Engine/Plugins/Animation/LiveLinkDevice/LiveLinkDevice.uplugin" 489
"../../../Engine/Plugins/AI/MLAdapter/MLAdapter.uplugin" 490
"../../../Engine/Plugins/Runtime/LocationServicesIOSImpl/LocationServicesIOSImpl.uplugin" 491
"../../../Engine/Plugins/Animation/AnimationModifierLibrary/AnimationModifierLibrary.uplugin" 492
"../../../Engine/Plugins/Runtime/WebMMoviePlayer/WebMMoviePlayer.uplugin" 493
"../../../Engine/Plugins/AI/EnvironmentQueryEditor/EnvironmentQueryEditor.uplugin" 494
"../../../Engine/Plugins/Compositing/OpenCVLensDistortion/OpenCVLensDistortion.uplugin" 495
"../../../Engine/Plugins/Editor/ChangelistReview/ChangelistReview.uplugin" 496
"../../../Engine/Plugins/Editor/BlueprintHeaderView/BlueprintHeaderView.uplugin" 497
"../../../Engine/Plugins/Animation/PerformanceCaptureCore/PerformanceCaptureCore.uplugin" 498
"../../../Engine/Plugins/Editor/EngineAssetDefinitions/EngineAssetDefinitions.uplugin" 499
"../../../Engine/Plugins/Animation/BlendStack/BlendStack.uplugin" 500
"../../../Engine/Plugins/Cameras/CameraShakePreviewer/CameraShakePreviewer.uplugin" 501
"../../../Engine/Plugins/Editor/AssetSearch/AssetSearch.uplugin" 502
"../../../Engine/Plugins/Animation/GameplayInsights/GameplayInsights.uplugin" 503
"../../../Engine/Plugins/Cameras/GameplayCameras/GameplayCameras.uplugin" 504
"../../../Engine/Plugins/Editor/DataValidation/DataValidation.uplugin" 505
"../../../Engine/Plugins/Editor/ConsoleVariablesEditor/ConsoleVariables.uplugin" 506
"../../../Engine/Plugins/Editor/AssetRegistryExport/AssetRegistryExport.uplugin" 507
"../../../Engine/Plugins/Cameras/EngineCameras/EngineCameras.uplugin" 508
"../../../Engine/Plugins/Editor/FacialAnimation/FacialAnimation.uplugin" 509
"../../../Engine/Plugins/Editor/CurveEditorTools/CurveEditorTools.uplugin" 510
"../../../Engine/Plugins/Animation/TweeningUtils/TweeningUtils.uplugin" 511
"../../../Engine/Plugins/Compression/OodleNetwork/OodleNetwork.uplugin" 512
"../../../Engine/Plugins/Editor/LiveUpdateForSlate/LiveUpdateForSlate.uplugin" 513
"../../../Engine/Plugins/Editor/CryptoKeys/CryptoKeys.uplugin" 514
"../../../Engine/Plugins/Editor/BlueprintMaterialTextureNodes/BlueprintMaterialTextureNodes.uplugin" 515
"../../../Engine/Plugins/Editor/EditorDebugTools/EditorDebugTools.uplugin" 516
"../../../Engine/Plugins/Animation/PoseSearch/PoseSearch.uplugin" 517
"../../../Engine/Plugins/Animation/BlendSpaceMotionAnalysis/BlendSpaceMotionAnalysis.uplugin" 518
"../../../Engine/Plugins/Compositing/OpenColorIO/OpenColorIO.uplugin" 519
"../../../Engine/Plugins/Editor/ModelViewViewModelPreview/ModelViewViewModelPreview.uplugin" 520
"../../../Engine/Plugins/Animation/DNACalib/DNACalib.uplugin" 521
"../../../Engine/Plugins/Editor/GameplayTagsEditor/GameplayTagsEditor.uplugin" 522
"../../../Engine/Plugins/Editor/ModelingToolsEditorMode/ModelingToolsEditorMode.uplugin" 523
"../../../Engine/Plugins/Editor/SampleToolsEditorMode/SampleToolsEditorMode.uplugin" 524
"../../../Engine/Plugins/Editor/MakeCookedEditorAsDLC/MakeCookedEditorAsDLC.uplugin" 525
"../../../Engine/Plugins/Editor/MeshLODToolset/MeshLODToolset.uplugin" 526
"../../../Engine/Plugins/Editor/PluginBrowser/PluginBrowser.uplugin" 527
"../../../Engine/Plugins/Editor/StylusInput/StylusInput.uplugin" 528
"../../../Engine/Plugins/Editor/EditorScriptingUtilities/EditorScriptingUtilities.uplugin" 529
"../../../Engine/Plugins/Editor/MaterialAnalyzer/MaterialAnalyzer.uplugin" 530
"../../../Engine/Plugins/Editor/UMGWidgetPreview/UMGWidgetPreview.uplugin" 531
"../../../Engine/Plugins/Animation/RigLogic/RigLogic.uplugin" 532
"../../../Engine/Plugins/Editor/UVEditor/UVEditor.uplugin" 533
"../../../Engine/Plugins/Editor/GuidedTutorials/GuidedTutorials.uplugin" 534
"../../../Engine/Plugins/Editor/StaticMeshEditorModeling/StaticMeshEditorModeling.uplugin" 535
"../../../Engine/Plugins/Editor/DisplayClusterLaunch/DisplayClusterLaunch.uplugin" 536
"../../../Engine/Plugins/Editor/ScriptableToolsEditorMode/ScriptableToolsEditorMode.uplugin" 537
"../../../Engine/Plugins/Editor/GeometryMode/GeometryMode.uplugin" 538
"../../../Engine/Plugins/Compositing/LensDistortion/LensDistortion.uplugin" 539
"../../../Engine/Plugins/Editor/WaveformEditor/WaveformEditor.uplugin" 540
"../../../Engine/Plugins/Enterprise/DatasmithCADImporter/DatasmithCADImporter.uplugin" 541
"../../../Engine/Plugins/Editor/AssetReferenceRestrictions/AssetReferenceRestrictions.uplugin" 542
"../../../Engine/Plugins/Editor/SequencerAnimTools/SequencerAnimTools.uplugin" 543
"../../../Engine/Plugins/Enterprise/DataprepEditor/DataprepEditor.uplugin" 544
"../../../Engine/Plugins/Enterprise/AxFImporter/AxFImporter.uplugin" 545
"../../../Engine/Plugins/Enterprise/VariantManager/VariantManager.uplugin" 546
"../../../Engine/Plugins/Enterprise/DatasmithContent/DatasmithContent.uplugin" 547
"../../../Engine/Plugins/Enterprise/VariantManagerContent/VariantManagerContent.uplugin" 548
"../../../Engine/Plugins/FX/ExampleCustomDataInterface/ExampleCustomDataInterface.uplugin" 549
"../../../Engine/Plugins/FX/Cascade/Cascade.uplugin" 550
"../../../Engine/Plugins/FX/CascadeToNiagaraConverter/CascadeToNiagaraConverter.uplugin" 551
"../../../Engine/Plugins/Enterprise/MDLImporter/MDLImporter.uplugin" 552
"../../../Engine/Plugins/FX/NiagaraSimCaching/NiagaraSimCaching.uplugin" 553
"../../../Engine/Plugins/Editor/MobileLauncherProfileWizard/MobileLauncherProfileWizard.uplugin" 554
"../../../Engine/Plugins/Interchange/Runtime/Interchange.uplugin" 555
"../../../Engine/Plugins/FX/NiagaraMRQ/NiagaraMRQ.uplugin" 556
"../../../Engine/Plugins/Interchange/Editor/InterchangeEditor.uplugin" 557
"../../../Engine/Plugins/Media/AndroidMedia/AndroidMedia.uplugin" 558
"../../../Engine/Plugins/Enterprise/DatasmithImporter/DatasmithImporter.uplugin" 559
"../../../Engine/Plugins/Media/BinkMedia/BinkMedia.uplugin" 560
"../../../Engine/Plugins/Media/D3D12VideoDecodersElectra/D3D12VideoDecodersElectra.uplugin" 561
"../../../Engine/Plugins/Editor/WorldPartitionHLODUtilities/WorldPartitionHLODUtilities.uplugin" 562
"../../../Engine/Plugins/Media/AvidDNxMedia/AvidDNxMedia.uplugin" 563
"../../../Engine/Plugins/Media/BlackmagicMedia/BlackmagicMedia.uplugin" 564
"../../../Engine/Plugins/Editor/EditorSysConfigAssistant/EditorSysConfigAssistant.uplugin" 565
"../../../Engine/Plugins/Media/AppleProResDecoderElectra/AppleProResDecoderElectra.uplugin" 566
"../../../Engine/Plugins/Media/AudioCaptureTimecodeProvider/AudioCaptureTimecodeProvider.uplugin" 567
"../../../Engine/Plugins/Enterprise/DatasmithFBXImporter/DatasmithFBXImporter.uplugin" 568
"../../../Engine/Plugins/Interchange/Assets/InterchangeAssets.uplugin" 569
"../../../Engine/Plugins/Editor/MacGraphicsSwitching/MacGraphicsSwitching.uplugin" 570
"../../../Engine/Plugins/Media/AvidDNxHDDecoderElectra/AvidDNxHDDecoderElectra.uplugin" 571
"../../../Engine/Plugins/Editor/ColorGrading/ColorGrading.uplugin" 572
"../../../Engine/Plugins/Editor/SpeedTreeImporter/SpeedTreeImporter.uplugin" 573
"../../../Engine/Plugins/Media/AppleProResMedia/AppleProResMedia.uplugin" 574
"../../../Engine/Plugins/Media/AvfMedia/AvfMedia.uplugin" 575
"../../../Engine/Plugins/Media/HAPDecoderElectra/HAPDecoderElectra.uplugin" 576
"../../../Engine/Plugins/Media/FlacDecoderElectra/FlacDecoderElectra.uplugin" 577
"../../../Engine/Plugins/Editor/ProxyLODPlugin/ProxyLODPlugin.uplugin" 578
"../../../Engine/Plugins/Media/HAPMedia/HAPMedia.uplugin" 579
"../../../Engine/Plugins/Media/HardwareEncoders/HardwareEncoders.uplugin" 580
"../../../Engine/Plugins/FX/Niagara/Niagara.uplugin" 581
"../../../Engine/Plugins/Media/AjaMedia/AjaMedia.uplugin" 582
"../../../Engine/Plugins/Media/MediaPlate/MediaPlate.uplugin" 583
"../../../Engine/Plugins/Media/ElectraPlayer/ElectraPlayer.uplugin" 584
"../../../Engine/Plugins/Enterprise/DatasmithC4DImporter/DatasmithC4DImporter.uplugin" 585
"../../../Engine/Plugins/Media/MediaCompositing/MediaCompositing.uplugin" 586
"../../../Engine/Plugins/Media/ImgMedia/ImgMedia.uplugin" 587
"../../../Engine/Plugins/Media/AndroidCamera/AndroidCamera.uplugin" 588
"../../../Engine/Plugins/Media/LinearTimecode/LinearTimecode.uplugin" 589
"../../../Engine/Plugins/Media/WmfMedia/WmfMedia.uplugin" 590
"../../../Engine/Plugins/Media/MediaIOFramework/MediaIOFramework.uplugin" 591
"../../../Engine/Plugins/Media/TimecodeSynchronizer/TimecodeSynchronizer.uplugin" 592
"../../../Engine/Plugins/Media/ElectraCDM/ElectraCDM.uplugin" 593
"../../../Engine/Plugins/Media/PixelStreaming2/PixelStreaming2.uplugin" 594
"../../../Engine/Plugins/Media/MediaPlayerEditor/MediaPlayerEditor.uplugin" 595
"../../../Engine/Plugins/Online/EOSOverlayInputProvider/EOSOverlayInputProvider.uplugin" 596
"../../../Engine/Plugins/Media/ElectraSubtitles/ElectraSubtitles.uplugin" 597
"../../../Engine/Plugins/Media/MfMedia/MfMedia.uplugin" 598
"../../../Engine/Plugins/Enterprise/GLTFExporter/GLTFExporter.uplugin" 599
"../../../Engine/Plugins/Media/VPxDecoderElectra/VPxDecoderElectra.uplugin" 600
"../../../Engine/Plugins/Media/MediaFrameworkUtilities/MediaFrameworkUtilities.uplugin" 601
"../../../Engine/Plugins/Online/OnlineServices/OnlineServices.uplugin" 602
"../../../Engine/Plugins/Online/EOSShared/EOSShared.uplugin" 603
"../../../Engine/Plugins/Online/OnlineFramework/OnlineFramework.uplugin" 604
"../../../Engine/Plugins/Online/OnlineSubsystem/OnlineSubsystem.uplugin" 605
"../../../Engine/Plugins/Online/OnlineSubsystemApple/OnlineSubsystemApple.uplugin" 606
"../../../Engine/Plugins/Media/PixelStreaming/PixelStreaming.uplugin" 607
"../../../Engine/Plugins/Media/NDIMedia/NDIMedia.uplugin" 608
"../../../Engine/Plugins/Media/WebMMedia/WebMMedia.uplugin" 609
"../../../Engine/Plugins/Online/OnlineServicesOSSAdapter/OnlineServicesOSSAdapter.uplugin" 610
"../../../Engine/Plugins/Media/ElectraCodecs/ElectraCodecs.uplugin" 611
"../../../Engine/Plugins/Media/OpusDecoderElectra/OpusDecoderElectra.uplugin" 612
"../../../Engine/Plugins/Online/SocketSubsystemSteamIP/SocketSubsystemSteamIP.uplugin" 613
"../../../Engine/Plugins/Media/ElectraUtil/ElectraUtil.uplugin" 614
"../../../Engine/Plugins/FX/NiagaraFluids/NiagaraFluids.uplugin" 615
"../../../Engine/Plugins/Media/PixelCapture/PixelCapture.uplugin" 616
"../../../Engine/Plugins/Online/OnlineSubsystemNull/OnlineSubsystemNull.uplugin" 617
"../../../Engine/Plugins/Online/OnlineSubsystemAmazon/OnlineSubsystemAmazon.uplugin" 618
"../../../Engine/Plugins/Online/OnlineServicesEpicCommon/OnlineServicesEpicCommon.uplugin" 619
"../../../Engine/Plugins/Online/OnlineSubsystemEOS/OnlineSubsystemEOS.uplugin" 620
"../../../Engine/Plugins/Online/OnlineServicesEOS/OnlineServicesEOS.uplugin" 621
"../../../Engine/Plugins/Online/OnlineSubsystemSteam/OnlineSubsystemSteam.uplugin" 622
"../../../Engine/Plugins/Online/OnlineBase/OnlineBase.uplugin" 623
"../../../Engine/Plugins/Experimental/Animation/ContextualAnimation/ContextualAnimation.uplugin" 624
"../../../Engine/Plugins/Online/OnlineSubsystemTencent/OnlineSubsystemTencent.uplugin" 625
"../../../Engine/Plugins/Online/WebAuth/WebAuth.uplugin" 626
"../../../Engine/Plugins/Experimental/Animation/MotionTrajectory/MotionTrajectory.uplugin" 627
"../../../Engine/Plugins/Experimental/Animation/HierarchyTableAnimation/HierarchyTableAnimation.uplugin" 628
"../../../Engine/Plugins/Experimental/Animation/Optimus/Optimus.uplugin" 629
"../../../Engine/Plugins/Experimental/Animation/Locomotor/Locomotor.uplugin" 630
"../../../Engine/Plugins/Experimental/Animation/SkeletalMeshMorphTargetEditingTools/SkeletalMeshMorphTargetEditingTools.uplugin" 631
"../../../Engine/Plugins/Online/OnlineServicesNull/OnlineServicesNull.uplugin" 632
"../../../Engine/Plugins/Online/OnlineSubsystemFacebook/OnlineSubsystemFacebook.uplugin" 633
"../../../Engine/Plugins/Online/OnlineServicesEOSGS/OnlineServicesEOSGS.uplugin" 634
"../../../Engine/Plugins/Editor/ContentBrowser/ContentBrowserAliasDataSource/ContentBrowserAliasDataSource.uplugin" 635
"../../../Engine/Plugins/Experimental/Animation/CurveExpression/CurveExpression.uplugin" 636
"../../../Engine/Plugins/Experimental/Animation/TrajectoryTools/TrajectoryTools.uplugin" 637
"../../../Engine/Plugins/Experimental/Compositing/CompositeCore/CompositeCore.uplugin" 638
"../../../Engine/Plugins/Online/OnlineSubsystemUtils/OnlineSubsystemUtils.uplugin" 639
"../../../Engine/Plugins/Experimental/MetaHuman/MetaHumanRuntime/MetaHumanRuntime.uplugin" 640
"../../../Engine/Plugins/Media/MediaMovieStreamer/MediaMovieStreamer.uplugin" 641
"../../../Engine/Plugins/Online/SocketSubsystemEOS/SocketSubsystemEOS.uplugin" 642
"../../../Engine/Plugins/Experimental/Compositing/HoldoutComposite/HoldoutComposite.uplugin" 643
"../../../Engine/Plugins/Editor/ContentBrowser/ContentBrowserClassDataSource/ContentBrowserClassDataSource.uplugin" 644
"../../../Engine/Plugins/Runtime/Advertising/IOSTapJoy/IOSTapJoy.uplugin" 645
"../../../Engine/Plugins/Online/OnlineSubsystemGoogle/OnlineSubsystemGoogle.uplugin" 646
"../../../Engine/Plugins/Runtime/MeshReconstruction/DummyMeshReconstructor/DummyMeshReconstructor.uplugin" 647
"../../../Engine/Plugins/Editor/ContentBrowser/ContentBrowserFileDataSource/ContentBrowserFileDataSource.uplugin" 648
"../../../Engine/Plugins/Runtime/Database/DatabaseSupport/DatabaseSupport.uplugin" 649
"../../../Engine/Plugins/Enterprise/LidarPointCloud/LidarPointCloud.uplugin" 650
"../../../Engine/Plugins/Experimental/PCGInterops/PCGInstancedActorsInterop/PCGInstancedActorsInterop.uplugin" 651
"../../../Engine/Plugins/Experimental/Animation/SkeletonTemplateFramework/SkeletonTemplateFramework.uplugin" 652
"../../../Engine/Plugins/Experimental/Web/WebAPI/WebAPI.uplugin" 653
"../../../Engine/Plugins/Experimental/Animation/RigMapper/RigMapper.uplugin" 654
"../../../Engine/Plugins/Experimental/AVCodecs/WMFCodecs/WMFCodecs.uplugin" 655
"../../../Engine/Plugins/Experimental/Animation/PackedAttributes/PackedAttributes.uplugin" 656
"../../../Engine/Plugins/Experimental/Animation/HierarchyTable/HierarchyTable.uplugin" 657
"../../../Engine/Plugins/Runtime/Database/ADOSupport/ADOSupport.uplugin" 658
"../../../Engine/Plugins/Experimental/PCGInterops/PCGWaterInterop/PCGWaterInterop.uplugin" 659
"../../../Engine/Plugins/Experimental/AVCodecs/LibVpxCodecs/LibVpxCodecs.uplugin" 660
"../../../Engine/Plugins/Runtime/Analytics/AnalyticsMulticast/AnalyticsMulticast.uplugin" 661
"../../../Engine/Plugins/Runtime/Database/RemoteDatabaseSupport/RemoteDatabaseSupport.uplugin" 662
"../../../Engine/Plugins/Interchange/Extensions/OpenUSD/InterchangeOpenUSD.uplugin" 663
"../../../Engine/Plugins/Experimental/AVCodecs/AMFCodecs/AMFCodecs.uplugin" 664
"../../../Engine/Plugins/Editor/ContentBrowser/ContentBrowserAssetDataSource/ContentBrowserAssetDataSource.uplugin" 665
"../../../Engine/Plugins/Experimental/AVCodecs/AVCodecsCore/AVCodecsCore.uplugin" 666
"../../../Engine/Plugins/Runtime/Database/SQLiteSupport/SQLiteSupport.uplugin" 667
"../../../Engine/Plugins/Runtime/PacketHandlers/DTLSHandlerComponent/DTLSHandlerComponent.uplugin" 668
"../../../Engine/Plugins/Developer/Concert/ConcertMain/ConcertMain.uplugin" 669
"../../../Engine/Plugins/Runtime/Analytics/FileLogging/FileLogging.uplugin" 670
"../../../Engine/Plugins/Runtime/PacketHandlers/AESGCMHandlerComponent/AESGCMHandlerComponent.uplugin" 671
"../../../Engine/Plugins/Runtime/Database/SQLiteCore/SQLiteCore.uplugin" 672
"../../../Engine/Plugins/Runtime/Analytics/Adjust/Adjust.uplugin" 673
"../../../Engine/Plugins/Experimental/Enterprise/DatasmithInterchange/DatasmithInterchange.uplugin" 674
"../../../Engine/Plugins/Interchange/Extensions/OpenVDB/InterchangeOpenVDB.uplugin" 675
"../../../Engine/Plugins/Runtime/PacketHandlers/AESHandlerComponent/AESHandlerComponent.uplugin" 676
"../../../Engine/Plugins/VirtualProduction/CaptureManager/CaptureManagerDevices/CaptureManagerDevices.uplugin" 677
"../../../Engine/Plugins/Runtime/Windows/XInputDevice/XInputDevice.uplugin" 678
"../../../Engine/Plugins/Experimental/AVCodecs/NVCodecs/NVCodecs.uplugin" 679
"../../../Engine/Plugins/Experimental/AVCodecs/VTCodecs/VTCodecs.uplugin" 680
"../../../Engine/Plugins/VirtualProduction/Rivermax/RivermaxSync/RivermaxSync.uplugin" 681
"../../../Engine/Plugins/Animation/MLDeformer/ChaosFleshGenerator/ChaosFleshGenerator.uplugin" 682
"../../../Engine/Plugins/Runtime/Windows/WinDualShock/WinDualShock.uplugin" 683
"../../../Engine/Plugins/Animation/MLDeformer/NearestNeighborModel/NearestNeighborModel.uplugin" 684
"../../../Engine/Plugins/Runtime/Analytics/AnalyticsBlueprintLibrary/AnalyticsBlueprintLibrary.uplugin" 685
"../../../Engine/Plugins/Animation/MLDeformer/NeuralMorphModel/NeuralMorphModel.uplugin" 686
"../../../Engine/Plugins/Animation/MLDeformer/VertexDeltaModel/VertexDeltaModel.uplugin" 687
"../../../Engine/Plugins/Experimental/PCGInterops/PCGNiagaraInterop/PCGNiagaraInterop.uplugin" 688
"../../../Engine/Plugins/Online/VoiceChat/EOSVoiceChat/EOSVoiceChat.uplugin" 689
"../../../Engine/Plugins/Experimental/VirtualProduction/VPRoles/VPRoles.uplugin" 690
"../../../Engine/Plugins/VirtualProduction/Rivermax/RivermaxMedia/RivermaxMedia.uplugin" 691
"../../../Engine/Plugins/VirtualProduction/DMX/DMXControlConsole/DMXControlConsole.uplugin" 692
"../../../Engine/Plugins/Online/VoiceChat/VoiceChat/VoiceChat.uplugin" 693
"../../../Engine/Plugins/VirtualProduction/CaptureManager/CaptureManagerEditor/CaptureManagerEditor.uplugin" 694
"../../../Engine/Plugins/Animation/MLDeformer/ChaosClothGenerator/ChaosClothGenerator.uplugin" 695
"../../../Engine/Plugins/Experimental/VirtualProduction/VPSettings/VPSettings.uplugin" 696
"../../../Engine/Plugins/VirtualProduction/DMX/DMXDisplayCluster/DMXDisplayCluster.uplugin" 697
"../../../Engine/Plugins/Runtime/XR/XRVisualization/XRVisualization.uplugin" 698
"../../../Engine/Plugins/VirtualProduction/DMX/DMXFixtures/DMXFixtures.uplugin" 699
"../../../Engine/Plugins/VirtualProduction/DMX/DMXPixelMapping/DMXPixelMapping.uplugin" 700
"../../../Engine/Plugins/VirtualProduction/DMX/DMXProtocol/DMXProtocol.uplugin" 701
"../../../Engine/Plugins/Runtime/AR/ARUtilities/ARUtilities.uplugin" 702
"../../../Engine/Plugins/VirtualProduction/Rivermax/RivermaxCore/RivermaxCore.uplugin" 703
"../../../Engine/Plugins/Editor/ObjectMixer/LightMixer/LightMixer.uplugin" 704
"../../../Engine/Plugins/Experimental/VirtualProduction/LedWallCalibration/LedWallCalibration.uplugin" 705
"../../../Engine/Plugins/Runtime/Nvidia/GeForceNOWWrapper/GeForceNOWWrapper.uplugin" 706
"../../../Engine/Plugins/VirtualProduction/DMX/DMXGDTF/DMXGDTF.uplugin" 707
"../../../Engine/Plugins/Experimental/Enterprise/DatasmithRuntime/DatasmithRuntime.uplugin" 708
"../../../Engine/Plugins/Runtime/Steam/SteamController/SteamController.uplugin" 709
"../../../Engine/Plugins/Online/Android/OnlineSubsystemGooglePlay/OnlineSubsystemGooglePlay.uplugin" 710
"../../../Engine/Plugins/VirtualProduction/DMX/DMXModularFeatures/DMXModularFeatures.uplugin" 711
"../../../Engine/Plugins/Online/Android/AndroidFetchBackgroundDownload/AndroidFetchBackgroundDownload.uplugin" 712
"../../../Engine/Plugins/Runtime/Steam/SteamShared/SteamShared.uplugin" 713
"../../../Engine/Plugins/Runtime/Steam/SteamAudio/SteamAudio.uplugin" 714
"../../../Engine/Plugins/Experimental/Enterprise/DataprepGeometryOperations/DataprepGeometryOperations.uplugin" 715
"../../../Engine/Plugins/Editor/Localization/PortableObjectFileDataSource/PortableObjectFileDataSource.uplugin" 716
"../../../Engine/Plugins/Animation/MLDeformer/MLDeformerFramework/MLDeformerFramework.uplugin" 717
"../../../Engine/Plugins/Experimental/Animation/MLDeformer/DetailPoseModel/DetailPoseModel.uplugin" 718
"../../../Engine/Plugins/Developer/Concert/ConcertScripting/ConcertReplicationScripting/ConcertReplicationScripting.uplugin" 719
"../../../Engine/Plugins/Runtime/AR/AppleAR/AppleARKitFaceSupport/AppleARKitFaceSupport.uplugin" 720
"../../../Engine/Plugins/VirtualProduction/DMX/DMXEngine/DMXEngine.uplugin" 721
"../../../Engine/Plugins/VirtualProduction/CaptureManager/CaptureManagerApp/CaptureManagerApp.uplugin" 722
"../../../Engine/Plugins/Developer/Concert/ConcertUI/ConcertClientSharedSlate/ConcertClientSharedSlate.uplugin" 723
"../../../Engine/Plugins/Developer/Concert/ConcertInsights/ConcertInsightsServer/ConcertInsightsServer.uplugin" 724
"../../../Engine/Plugins/Runtime/Nvidia/Reflex/Reflex.uplugin" 725
"../../../Engine/Plugins/Experimental/CharacterFXEditor/ExampleCharacterFXEditor/ExampleCharacterFXEditor.uplugin" 726
"../../../Engine/Plugins/Developer/Concert/ConcertApp/MultiUserClient/MultiUserClient.uplugin" 727
"../../../Engine/Plugins/Developer/Concert/ConcertUI/ConcertSharedSlate/ConcertSharedSlate.uplugin" 728
"../../../Engine/Plugins/Developer/Concert/ConcertSync/ConcertSyncTest/ConcertSyncTest.uplugin" 729
"../../../Engine/Plugins/Developer/Concert/ConcertApp/MultiUserServer/MultiUserServer.uplugin" 730
"../../../Engine/Plugins/Developer/Concert/ConcertInsights/ConcertInsightsVisualizer/ConcertInsightsVisualizer.uplugin" 731
"../../../Engine/Plugins/Online/IOS/OnlineSubsystemIOS/OnlineSubsystemIOS.uplugin" 732
"../../../Engine/Plugins/Developer/Concert/ConcertSync/ConcertSyncCore/ConcertSyncCore.uplugin" 733
"../../../Engine/Plugins/Developer/Concert/ConcertSync/ConcertSyncServer/ConcertSyncServer.uplugin" 734
"../../../Engine/Plugins/Developer/Concert/ConcertSync/ConcertSyncClient/ConcertSyncClient.uplugin" 735
"../../../Engine/Plugins/Runtime/AR/Google/GoogleARCore/GoogleARCore.uplugin" 736
"../../../Engine/Plugins/VirtualProduction/DMX/DatasmithMVR/DatasmithMVR.uplugin" 737
"../../../Engine/Plugins/Runtime/XR/XRScribe/XRScribe.uplugin" 738
"../../../Engine/Plugins/Runtime/AR/Google/GoogleARCoreServices/GoogleARCoreServices.uplugin" 739
"../../../Engine/Plugins/Experimental/CharacterFXEditor/BaseCharacterFXEditor/BaseCharacterFXEditor.uplugin" 740
"../../../Engine/Plugins/Developer/Concert/ConcertInsights/ConcertInsightsCore/ConcertInsightsCore.uplugin" 741
"../../../Engine/Plugins/Developer/Concert/ConcertInsights/ConcertInsightsClient/ConcertInsightsClient.uplugin" 742
"../../../Engine/Plugins/Developer/Concert/ConcertApp/DisasterRecoveryClient/DisasterRecoveryClient.uplugin" 743
"../../../Engine/Plugins/Editor/ObjectMixer/ObjectMixer/ObjectMixer.uplugin" 744
"../../../Engine/Plugins/Runtime/AR/AppleAR/AppleARKit/AppleARKit.uplugin" 745
"../../../Engine/Plugins/VirtualProduction/CaptureManager/CaptureManagerCore/CaptureManagerCore.uplugin" 746
"../../../Engine/Plugins/Runtime/Steam/SteamSockets/SteamSockets.uplugin" 747
"../../../Engine/Platforms/Android/Plugins/RigLogic/RigLogic_Android.uplugin" 748
"../../../Engine/Platforms/Android/Plugins/Animation/ACLPlugin/ACLPlugin_Android.uplugin" 749
"../../../Engine/Platforms/IOS/Plugins/RigLogic/RigLogic_IOS.uplugin" 750
"C:/Users/xingh/Desktop/VR/KurumaIsu/Plugins/ASerialCom/ASerialCom.uplugin" 751
"C:/Users/xingh/Desktop/VR/KurumaIsu/Plugins/BleGoodies/BleGoodies.uplugin" 752
"C:/Users/xingh/Desktop/VR/KurumaIsu/Plugins/Tripo3DUEBridge-UE5.6-Win64/Tripo3DUEBridge.uplugin" 753
"C:/Users/xingh/Desktop/VR/KurumaIsu/Plugins/VisualStudioTools/VisualStudioTools.uplugin" 754
"../../../Engine/Content/Internationalization/icudt64l/cnvalias.icu" 755
"../../../Engine/Content/Internationalization/icudt64l/res_index.res" 756
"../../../Engine/Content/Internationalization/icudt64l/plurals.res" 757
"../../../Engine/Content/Internationalization/icudt64l/lang/ja_JP.res" 758
"../../../Engine/Content/Internationalization/icudt64l/lang/pool.res" 759
"../../../Engine/Content/Internationalization/icudt64l/lang/ja.res" 760
"../../../Engine/Content/Internationalization/icudt64l/lang/root.res" 761
"../../../Engine/Content/Internationalization/icudt64l/region/ja_JP.res" 762
"../../../Engine/Content/Internationalization/icudt64l/region/pool.res" 763
"../../../Engine/Content/Internationalization/icudt64l/region/ja.res" 764
"../../../Engine/Content/Internationalization/icudt64l/region/root.res" 765
"../../../Engine/Content/Internationalization/icudt64l/lang/en.res" 766
"../../../Engine/Content/Internationalization/icudt64l/region/en.res" 767
"../../../Engine/Content/Internationalization/icudt64l/windowsZones.res" 768
"../../../Engine/Content/Internationalization/icudt64l/zoneinfo64.res" 769
"../../../Engine/Content/Internationalization/icudt64l/keyTypeData.res" 770
"../../../Engine/Content/Internationalization/icudt64l/timezoneTypes.res" 771
"../../../Engine/Content/Internationalization/icudt64l/likelySubtags.res" 772
"../../../Engine/Content/Internationalization/icudt64l/ja_JP.res" 773
"../../../Engine/Content/Internationalization/icudt64l/pool.res" 774
"../../../Engine/Content/Internationalization/icudt64l/ja.res" 775
"../../../Engine/Content/Internationalization/icudt64l/root.res" 776
"../../../Engine/Content/Internationalization/icudt64l/supplementalData.res" 777
"../../../Engine/Config/ConfigRedirects.ini" 778
"C:/Users/xingh/AppData/Local/UnrealEngine/5.6/Saved/Config/WindowsEditor/Manifest.ini" 779
"../../../Engine/Config/BaseEngine.ini" 780
"../../../Engine/Config/Windows/BaseWindowsEngine.ini" 781
"../../../../../../Users/xingh/Desktop/VR/KurumaIsu/Config/DefaultEngine.ini" 782
"../../../Engine/Config/BaseGame.ini" 783
"../../../../../../Users/xingh/Desktop/VR/KurumaIsu/Config/DefaultGame.ini" 784
"../../../Engine/Config/Windows/WindowsGame.ini" 785
"C:/Users/xingh/Desktop/VR/KurumaIsu/Saved/Config/WindowsEditor/Game.ini" 786
"../../../Engine/Config/BaseInput.ini" 787
"../../../Engine/Config/Windows/BaseWindowsInput.ini" 788
"../../../../../../Users/xingh/Desktop/VR/KurumaIsu/Config/DefaultInput.ini" 789
"../../../Engine/Config/Windows/WindowsInput.ini" 790
"../../../Engine/Config/BaseDeviceProfiles.ini" 791
"../../../Engine/Config/BaseGameUserSettings.ini" 792
"../../../../../../Users/xingh/Desktop/VR/KurumaIsu/Config/DefaultGameUserSettings.ini" 793
"C:/Users/xingh/Desktop/VR/KurumaIsu/Saved/Config/WindowsEditor/GameUserSettings.ini" 794
"../../../Engine/Config/BaseScalability.ini" 795
"../../../../../../Users/xingh/Desktop/VR/KurumaIsu/Config/DefaultScalability.ini" 796
"../../../Engine/Config/BaseRuntimeOptions.ini" 797
"../../../Engine/Config/BaseInstallBundle.ini" 798
"../../../Engine/Config/BaseHardware.ini" 799
"../../../Engine/Config/BaseCompat.ini" 800
"../../../Engine/Config/BaseLightmass.ini" 801
"../../../Engine/Config/BaseEditor.ini" 802
"../../../../../../Users/xingh/Desktop/VR/KurumaIsu/Config/DefaultEditor.ini" 803
"C:/Users/xingh/Desktop/VR/KurumaIsu/Saved/Config/WindowsEditor/Editor.ini" 804
"../../../Engine/Config/BaseMaterialExpressions.ini" 805
"../../../Engine/Config/BaseEditorPerProjectUserSettings.ini" 806
"../../../Engine/Config/Windows/WindowsEditorPerProjectUserSettings.ini" 807
"C:/Users/xingh/Desktop/VR/KurumaIsu/Saved/Config/WindowsEditor/EditorPerProjectUserSettings.ini" 808
"../../../Engine/Config/BaseEditorSettings.ini" 809
"../../../Engine/Config/Windows/WindowsEditorSettings.ini" 810
"C:/Users/xingh/AppData/Local/UnrealEngine/5.6/Saved/Config/WindowsEditor/EditorSettings.ini" 811
"../../../Engine/Config/BaseEditorKeyBindings.ini" 812
"C:/Users/xingh/AppData/Local/UnrealEngine/5.6/Saved/Config/WindowsEditor/EditorLayout.ini" 813
"../../../Engine/Config/Android/BaseAndroidEngine.ini" 814
"../../../Engine/Config/Linux/BaseLinuxEngine.ini" 815
"../../../Engine/Config/Unix/UnixEngine.ini" 816
"../../../Engine/Config/Android/AndroidEngine.ini" 817
"../../../Engine/Config/IOS/BaseIOSEngine.ini" 818
"../../../../../../Users/xingh/Desktop/VR/KurumaIsu/Binaries/Win64/DemoProjectVR-Win64-Shipping.target" 819
"../../../Engine/Config/Linux/LinuxEngine.ini" 820
"../../../Engine/Platforms/VisionOS/Config/BaseVisionOSEngine.ini" 821
"../../../Engine/Config/Mac/BaseMacEngine.ini" 822
"../../../../../../Users/xingh/Desktop/VR/KurumaIsu/Binaries/Win64/DemoProjectVREditor.target" 823
"../../../Engine/Config/Android/BaseAndroidGame.ini" 824
"../../../Engine/Config/TVOS/TVOSEngine.ini" 825
"../../../Engine/Platforms/VisionOS/Config/VisionOSEngine.ini" 826
"../../../Engine/Config/IOS/BaseIOSGame.ini" 827
"../../../../../../Users/xingh/Desktop/VR/KurumaIsu/Config/Mac/MacEngine.ini" 828
"../../../Engine/Config/IOS/IOSGame.ini" 829
"../../../Engine/Config/Linux/LinuxGame.ini" 830
"../../../Engine/Config/Mac/MacGame.ini" 831
"../../../Engine/Config/IOS/BaseIOSInput.ini" 832
"../../../Engine/Config/Android/BaseAndroidInput.ini" 833
"../../../Engine/Config/Mac/BaseMacInput.ini" 834
"../../../Engine/Config/Android/AndroidScalability.ini" 835
"../../../Engine/Config/IOS/IOSScalability.ini" 836
"../../../Engine/Config/Android/BaseAndroidInstallBundle.ini" 837
"../../../Engine/Config/IOS/BaseIOSInstallBundle.ini" 838
"../../../Engine/Config/PluginBase.ini" 839
"../../../Engine/Plugins/ChaosVD/Config/DefaultChaosVD.ini" 840
"../../../Engine/Plugins/EnhancedInput/Config/BaseEnhancedInput.ini" 841
"../../../Engine/Plugins/Fab/Config/BaseFab.ini" 842
"../../../Engine/Plugins/TraceUtilities/Config/BaseTraceUtilities.ini" 843
"../../../Engine/Plugins/Experimental/FullBodyIK/Config/BaseFullBodyIK.ini" 844
"../../../Engine/Plugins/Experimental/ToolPresets/Config/BaseToolPresets.ini" 845
"../../../Engine/Plugins/VirtualProduction/CameraCalibrationCore/Config/BaseCameraCalibrationCore.ini" 846
"../../../Engine/Plugins/VirtualProduction/Takes/Config/BaseTakes.ini" 847
"../../../Engine/Plugins/MetaHuman/MetaHumanSDK/Config/BaseMetaHumanSDK.ini" 848
"../../../Engine/Plugins/Runtime/HairStrands/Config/BaseHairStrands.ini" 849
"../../../Engine/Plugins/Runtime/Metasound/Config/BaseMetasound.ini" 850
"../../../Engine/Plugins/Runtime/Metasound/Config/DefaultMetasound.ini" 851
"../../../Engine/Plugins/Runtime/RigVM/Config/BaseRigVM.ini" 852
"../../../Engine/Plugins/Runtime/PropertyBindingUtils/Config/BasePropertyBindingUtils.ini" 853
"../../../Engine/Plugins/Runtime/Synthesis/Config/BaseSynthesis.ini" 854
"../../../Engine/Plugins/Runtime/StateTree/Config/BaseStateTree.ini" 855
"../../../Engine/Plugins/2D/Paper2D/Config/BasePaper2D.ini" 856
"../../../Engine/Plugins/Animation/ControlRig/Config/BaseControlRig.ini" 857
"../../../Engine/Plugins/Animation/DeformerGraph/Config/BaseDeformerGraph.ini" 858
"../../../Engine/Plugins/Animation/IKRig/Config/BaseIKRig.ini" 859
"../../../Engine/Plugins/Animation/LiveLink/Config/BaseLiveLink.ini" 860
"../../../Engine/Plugins/Cameras/GameplayCameras/Config/BaseGameplayCameras.ini" 861
"../../../Engine/Plugins/Editor/EditorScriptingUtilities/Config/BaseEditorScriptingUtilities.ini" 862
"../../../Engine/Plugins/Enterprise/VariantManagerContent/Config/BaseVariantManagerContent.ini" 863
"../../../Engine/Plugins/Enterprise/DatasmithContent/Config/BaseDatasmithContent.ini" 864
"../../../Engine/Plugins/Interchange/Runtime/Config/BaseInterchange.ini" 865
"../../../Engine/Plugins/FX/Niagara/Config/BaseNiagara.ini" 866
"../../../Engine/Plugins/Interchange/Assets/Config/BaseInterchangeAssets.ini" 867
"../../../Engine/Plugins/Enterprise/GLTFExporter/Config/BaseGLTFExporter.ini" 868
"../../../Engine/Plugins/Enterprise/GLTFExporter/Config/DefaultGLTFExporter.ini" 869
"../../../Engine/Plugins/Experimental/Compositing/CompositeCore/Config/BaseCompositeCore.ini" 870
"../../../Engine/Plugins/Developer/Concert/ConcertSync/ConcertSyncCore/Config/BaseConcertSyncCore.ini" 871
"../../../Engine/Plugins/ChaosVD/Config/Engine.ini" 872
"../../../Engine/Plugins/Runtime/OpenXR/Config/Engine.ini" 873
"../../../Engine/Plugins/EnhancedInput/Config/Input.ini" 874
"../../../Engine/Plugins/Runtime/InputDebugging/Config/Input.ini" 875
"../../../Engine/Plugins/Runtime/Windows/XInputDevice/Config/Input.ini" 876
"../../../Engine/Plugins/NNE/NNEDenoiser/Config/Game.ini" 877
"../../../Engine/Plugins/Runtime/RigVM/Config/Editor.ini" 878
"../../../Engine/Plugins/Online/OnlineSubsystemUtils/Config/Editor.ini" 879
"../../../Engine/Plugins/Runtime/OpenXR/Binaries/Win64/UnrealEditor.modules" 880
"../../../Engine/Plugins/Runtime/XRBase/Binaries/Win64/UnrealEditor.modules" 881
"../../../Engine/Plugins/EnhancedInput/Binaries/Win64/UnrealEditor.modules" 882
"../../../Engine/Plugins/Editor/DataValidation/Binaries/Win64/UnrealEditor.modules" 883
"../../../Engine/Plugins/Runtime/OpenXREyeTracker/Binaries/Win64/UnrealEditor.modules" 884
"../../../Engine/Plugins/Runtime/OpenXRHandTracking/Binaries/Win64/UnrealEditor.modules" 885
"../../../Engine/Plugins/Animation/LiveLink/Binaries/Win64/UnrealEditor.modules" 886
"../../../Engine/Plugins/VirtualProduction/Takes/Binaries/Win64/UnrealEditor.modules" 887
"../../../Engine/Plugins/Developer/Concert/ConcertSync/ConcertSyncClient/Binaries/Win64/UnrealEditor.modules" 888
"../../../Engine/Plugins/Editor/ContentBrowser/ContentBrowserAssetDataSource/Binaries/Win64/UnrealEditor.modules" 889
"../../../Engine/Plugins/Runtime/AudioCapture/Binaries/Win64/UnrealEditor.modules" 890
"../../../Engine/Plugins/MovieScene/LevelSequenceEditor/Binaries/Win64/UnrealEditor.modules" 891
"../../../Engine/Plugins/Developer/NamingTokens/Binaries/Win64/UnrealEditor.modules" 892
"../../../Engine/Plugins/Developer/Concert/ConcertSync/ConcertSyncCore/Binaries/Win64/UnrealEditor.modules" 893
"../../../Engine/Plugins/Developer/Concert/ConcertMain/Binaries/Win64/UnrealEditor.modules" 894
"../../../Engine/Plugins/MovieScene/SequencerScripting/Binaries/Win64/UnrealEditor.modules" 895
"../../../Engine/Plugins/Editor/EngineAssetDefinitions/Binaries/Win64/UnrealEditor.modules" 896
"../../../Engine/Plugins/Runtime/Database/SQLiteCore/Binaries/Win64/UnrealEditor.modules" 897
"../../../Engine/Plugins/Experimental/PythonScriptPlugin/Binaries/Win64/UnrealEditor.modules" 898
"../../../Engine/Plugins/Editor/ContentBrowser/ContentBrowserFileDataSource/Binaries/Win64/UnrealEditor.modules" 899
"../../../Engine/Plugins/Bridge/Binaries/Win64/UnrealEditor.modules" 900
"../../../Engine/Plugins/Editor/EditorScriptingUtilities/Binaries/Win64/UnrealEditor.modules" 901
"../../../Engine/Plugins/MetaHuman/MetaHumanSDK/Binaries/Win64/UnrealEditor.modules" 902
"../../../Engine/Plugins/Animation/ControlRig/Binaries/Win64/UnrealEditor.modules" 903
"../../../Engine/Plugins/Runtime/HairStrands/Binaries/Win64/UnrealEditor.modules" 904
"../../../Engine/Plugins/Animation/RigLogic/Binaries/Win64/UnrealEditor.modules" 905
"../../../Engine/Plugins/Online/EOSShared/Binaries/Win64/UnrealEditor.modules" 906
"../../../Engine/Plugins/Runtime/RigVM/Binaries/Win64/UnrealEditor.modules" 907
"../../../Engine/Plugins/Runtime/PropertyAccess/Binaries/Win64/UnrealEditor.modules" 908
"../../../Engine/Plugins/Animation/TweeningUtils/Binaries/Win64/UnrealEditor.modules" 909
"../../../Engine/Plugins/FX/Niagara/Binaries/Win64/UnrealEditor.modules" 910
"../../../Engine/Plugins/Runtime/GeometryCache/Binaries/Win64/UnrealEditor.modules" 911
"../../../Engine/Plugins/Animation/DeformerGraph/Binaries/Win64/UnrealEditor.modules" 912
"../../../Engine/Plugins/Experimental/Dataflow/Binaries/Win64/UnrealEditor.modules" 913
"../../../Engine/Plugins/Runtime/ComputeFramework/Binaries/Win64/UnrealEditor.modules" 914
"../../../Engine/Plugins/Experimental/CharacterFXEditor/BaseCharacterFXEditor/Binaries/Win64/UnrealEditor.modules" 915
"../../../Engine/Plugins/Runtime/ProceduralMeshComponent/Binaries/Win64/UnrealEditor.modules" 916
"../../../Engine/Plugins/Runtime/GeometryProcessing/Binaries/Win64/UnrealEditor.modules" 917
"../../../Engine/Plugins/Experimental/MeshModelingToolsetExp/Binaries/Win64/UnrealEditor.modules" 918
"../../../Engine/Plugins/Experimental/ChaosCaching/Binaries/Win64/UnrealEditor.modules" 919
"../../../Engine/Plugins/Experimental/EditorDataStorage/Binaries/Win64/UnrealEditor.modules" 920
"../../../Engine/Plugins/Experimental/EditorDataStorageFeatures/Binaries/Win64/UnrealEditor.modules" 921
"../../../Engine/Plugins/Runtime/MeshModelingToolset/Binaries/Win64/UnrealEditor.modules" 922
"../../../Engine/Plugins/Editor/ProxyLODPlugin/Binaries/Win64/UnrealEditor.modules" 923
"../../../Engine/Plugins/Experimental/PlanarCutPlugin/Binaries/Win64/UnrealEditor.modules" 924
"../../../Engine/Plugins/ChaosCloth/Binaries/Win64/UnrealEditor.modules" 925
"../../../Engine/Plugins/ChaosInsights/Binaries/Win64/UnrealEditor.modules" 926
"../../../Engine/Plugins/ChaosVD/Binaries/Win64/UnrealEditor.modules" 927
"../../../Engine/Plugins/CmdLinkServer/Binaries/Win64/UnrealEditor.modules" 928
"../../../Engine/Plugins/Fab/Binaries/Win64/UnrealEditor.modules" 929
"../../../Engine/Plugins/Interchange/Runtime/Binaries/Win64/UnrealEditor.modules" 930
"../../../Engine/Plugins/Enterprise/VariantManagerContent/Binaries/Win64/UnrealEditor.modules" 931
"../../../Engine/Plugins/Enterprise/VariantManager/Binaries/Win64/UnrealEditor.modules" 932
"../../../Engine/Plugins/Interchange/Assets/Binaries/Win64/UnrealEditor.modules" 933
"../../../Engine/Plugins/FastBuildController/Binaries/Win64/UnrealEditor.modules" 934
"../../../Engine/Plugins/IoStoreInsights/Binaries/Win64/UnrealEditor.modules" 935
"../../../Engine/Plugins/MassInsights/Binaries/Win64/UnrealEditor.modules" 936
"../../../Engine/Plugins/MeshPainting/Binaries/Win64/UnrealEditor.modules" 937
"../../../Engine/Plugins/Interchange/Editor/Binaries/Win64/UnrealEditor.modules" 938
"../../../Engine/Plugins/RenderGraphInsights/Binaries/Win64/UnrealEditor.modules" 939
"../../../Engine/Plugins/UbaController/Binaries/Win64/UnrealEditor.modules" 940
"../../../Engine/Plugins/TraceUtilities/Binaries/Win64/UnrealEditor.modules" 941
"../../../Engine/Plugins/XGEController/Binaries/Win64/UnrealEditor.modules" 942
"../../../Engine/Plugins/WorldMetrics/Binaries/Win64/UnrealEditor.modules" 943
"../../../Engine/Plugins/Developer/CLionSourceCodeAccess/Binaries/Win64/UnrealEditor.modules" 944
"../../../Engine/Plugins/Developer/AnimationSharing/Binaries/Win64/UnrealEditor.modules" 945
"../../../Engine/Plugins/Runtime/SignificanceManager/Binaries/Win64/UnrealEditor.modules" 946
"../../../Engine/Plugins/Developer/DumpGPUServices/Binaries/Win64/UnrealEditor.modules" 947
"../../../Engine/Plugins/Developer/N10XSourceCodeAccess/Binaries/Win64/UnrealEditor.modules" 948
"../../../Engine/Plugins/Developer/GitSourceControl/Binaries/Win64/UnrealEditor.modules" 949
"../../../Engine/Plugins/Developer/PerforceSourceControl/Binaries/Win64/UnrealEditor.modules" 950
"../../../Engine/Plugins/Developer/PlasticSourceControl/Binaries/Win64/UnrealEditor.modules" 951
"../../../Engine/Plugins/Developer/PixWinPlugin/Binaries/Win64/UnrealEditor.modules" 952
"../../../Engine/Plugins/Developer/PluginUtils/Binaries/Win64/UnrealEditor.modules" 953
"../../../Engine/Plugins/Developer/PropertyAccessNode/Binaries/Win64/UnrealEditor.modules" 954
"../../../Engine/Plugins/Developer/ProjectLauncher/Binaries/Win64/UnrealEditor.modules" 955
"../../../Engine/Plugins/Developer/RenderDocPlugin/Binaries/Win64/UnrealEditor.modules" 956
"../../../Engine/Plugins/Developer/RiderSourceCodeAccess/Binaries/Win64/UnrealEditor.modules" 957
"../../../Engine/Plugins/Developer/SubversionSourceControl/Binaries/Win64/UnrealEditor.modules" 958
"../../../Engine/Plugins/Developer/TextureFormatOodle/Binaries/Win64/UnrealEditor.modules" 959
"../../../Engine/Plugins/Developer/UObjectPlugin/Binaries/Win64/UnrealEditor.modules" 960
"../../../Engine/Plugins/Developer/VisualStudioCodeSourceCodeAccess/Binaries/Win64/UnrealEditor.modules" 961
"../../../Engine/Plugins/Developer/VisualStudioSourceCodeAccess/Binaries/Win64/UnrealEditor.modules" 962
"../../../Engine/Plugins/Experimental/AdvancedRenamer/Binaries/Win64/UnrealEditor.modules" 963
"../../../Engine/Plugins/Experimental/AutomationUtils/Binaries/Win64/UnrealEditor.modules" 964
"../../../Engine/Plugins/Experimental/BackChannel/Binaries/Win64/UnrealEditor.modules" 965
"../../../Engine/Plugins/Experimental/ChaosEditor/Binaries/Win64/UnrealEditor.modules" 966
"../../../Engine/Plugins/Experimental/GeometryCollectionPlugin/Binaries/Win64/UnrealEditor.modules" 967
"../../../Engine/Plugins/Experimental/Fracture/Binaries/Win64/UnrealEditor.modules" 968
"../../../Engine/Plugins/Experimental/ChaosSolverPlugin/Binaries/Win64/UnrealEditor.modules" 969
"../../../Engine/Plugins/Experimental/GeometryDataflow/Binaries/Win64/UnrealEditor.modules" 970
"../../../Engine/Plugins/Experimental/ChaosNiagara/Binaries/Win64/UnrealEditor.modules" 971
"../../../Engine/Plugins/Experimental/CharacterAI/Binaries/Win64/UnrealEditor.modules" 972
"../../../Engine/Plugins/Experimental/ChaosUserDataPT/Binaries/Win64/UnrealEditor.modules" 973
"../../../Engine/Plugins/Experimental/EditorTelemetry/Binaries/Win64/UnrealEditor.modules" 974
"../../../Engine/Plugins/Experimental/EditorPerformance/Binaries/Win64/UnrealEditor.modules" 975
"../../../Engine/Plugins/Experimental/LevelSequenceNavigatorBridge/Binaries/Win64/UnrealEditor.modules" 976
"../../../Engine/Plugins/Experimental/SequenceNavigator/Binaries/Win64/UnrealEditor.modules" 977
"../../../Engine/Plugins/Experimental/LocalizableMessage/Binaries/Win64/UnrealEditor.modules" 978
"../../../Engine/Plugins/Experimental/NFORDenoise/Binaries/Win64/UnrealEditor.modules" 979
"../../../Engine/Plugins/Experimental/PlatformCrypto/Binaries/Win64/UnrealEditor.modules" 980
"../../../Engine/Plugins/Experimental/RuntimeTelemetry/Binaries/Win64/UnrealEditor.modules" 981
"../../../Engine/Plugins/Experimental/SkeletalReduction/Binaries/Win64/UnrealEditor.modules" 982
"../../../Engine/Plugins/Experimental/ToolPresets/Binaries/Win64/UnrealEditor.modules" 983
"../../../Engine/Plugins/Messaging/TcpMessaging/Binaries/Win64/UnrealEditor.modules" 984
"../../../Engine/Plugins/Messaging/UdpMessaging/Binaries/Win64/UnrealEditor.modules" 985
"../../../Engine/Plugins/MovieScene/ActorSequence/Binaries/Win64/UnrealEditor.modules" 986
"../../../Engine/Plugins/NNE/NNEDenoiser/Binaries/Win64/UnrealEditor.modules" 987
"../../../Engine/Plugins/NNE/NNERuntimeORT/Binaries/Win64/UnrealEditor.modules" 988
"../../../Engine/Plugins/Tests/InterchangeTests/Binaries/Win64/UnrealEditor.modules" 989
"../../../Engine/Plugins/Importers/AlembicImporter/Binaries/Win64/UnrealEditor.modules" 990
"../../../Engine/Plugins/Runtime/AndroidFileServer/Binaries/Win64/UnrealEditor.modules" 991
"../../../Engine/Plugins/Runtime/AndroidDeviceProfileSelector/Binaries/Win64/UnrealEditor.modules" 992
"../../../Engine/Plugins/Runtime/AndroidPermission/Binaries/Win64/UnrealEditor.modules" 993
"../../../Engine/Plugins/Runtime/ActorLayerUtilities/Binaries/Win64/UnrealEditor.modules" 994
"../../../Engine/Plugins/Runtime/AssetTags/Binaries/Win64/UnrealEditor.modules" 995
"../../../Engine/Plugins/Runtime/ArchVisCharacter/Binaries/Win64/UnrealEditor.modules" 996
"../../../Engine/Plugins/Runtime/AppleImageUtils/Binaries/Win64/UnrealEditor.modules" 997
"../../../Engine/Plugins/Runtime/CableComponent/Binaries/Win64/UnrealEditor.modules" 998
"../../../Engine/Plugins/Runtime/ChunkDownloader/Binaries/Win64/UnrealEditor.modules" 999
"../../../Engine/Plugins/Runtime/CustomMeshComponent/Binaries/Win64/UnrealEditor.modules" 1000
"../../../Engine/Plugins/Runtime/ExampleDeviceProfileSelector/Binaries/Win64/UnrealEditor.modules" 1001
"../../../Engine/Plugins/Runtime/InputDebugging/Binaries/Win64/UnrealEditor.modules" 1002
"../../../Engine/Plugins/Runtime/LocationServicesBPLibrary/Binaries/Win64/UnrealEditor.modules" 1003
"../../../Engine/Plugins/Runtime/GooglePAD/Binaries/Win64/UnrealEditor.modules" 1004
"../../../Engine/Plugins/Runtime/Metasound/Binaries/Win64/UnrealEditor.modules" 1005
"../../../Engine/Plugins/Runtime/AudioWidgets/Binaries/Win64/UnrealEditor.modules" 1006
"../../../Engine/Plugins/Runtime/AudioSynesthesia/Binaries/Win64/UnrealEditor.modules" 1007
"../../../Engine/Plugins/Runtime/WaveTable/Binaries/Win64/UnrealEditor.modules" 1008
"../../../Engine/Plugins/Runtime/MobilePatchingUtils/Binaries/Win64/UnrealEditor.modules" 1009
"../../../Engine/Plugins/Runtime/MsQuic/Binaries/Win64/UnrealEditor.modules" 1010
"../../../Engine/Plugins/Runtime/ResonanceAudio/Binaries/Win64/UnrealEditor.modules" 1011
"../../../Engine/Plugins/Runtime/Synthesis/Binaries/Win64/UnrealEditor.modules" 1012
"../../../Engine/Plugins/Runtime/SoundFields/Binaries/Win64/UnrealEditor.modules" 1013
"../../../Engine/Plugins/Runtime/WindowsDeviceProfileSelector/Binaries/Win64/UnrealEditor.modules" 1014
"../../../Engine/Plugins/Runtime/WindowsMoviePlayer/Binaries/Win64/UnrealEditor.modules" 1015
"../../../Engine/Plugins/Portal/LauncherChunkInstaller/Binaries/Win64/UnrealEditor.modules" 1016
"../../../Engine/Plugins/Runtime/WebMMoviePlayer/Binaries/Win64/UnrealEditor.modules" 1017
"../../../Engine/Plugins/Media/WebMMedia/Binaries/Win64/UnrealEditor.modules" 1018
"../../../Engine/Plugins/2D/Paper2D/Binaries/Win64/UnrealEditor.modules" 1019
"../../../Engine/Plugins/Animation/ACLPlugin/Binaries/Win64/UnrealEditor.modules" 1020
"../../../Engine/Plugins/Animation/AnimationData/Binaries/Win64/UnrealEditor.modules" 1021
"../../../Engine/Plugins/AI/EnvironmentQueryEditor/Binaries/Win64/UnrealEditor.modules" 1022
"../../../Engine/Plugins/AI/AISupport/Binaries/Win64/UnrealEditor.modules" 1023
"../../../Engine/Plugins/Animation/ControlRigSpline/Binaries/Win64/UnrealEditor.modules" 1024
"../../../Engine/Plugins/Animation/BlendSpaceMotionAnalysis/Binaries/Win64/UnrealEditor.modules" 1025
"../../../Engine/Plugins/Animation/IKRig/Binaries/Win64/UnrealEditor.modules" 1026
"../../../Engine/Plugins/Experimental/FullBodyIK/Binaries/Win64/UnrealEditor.modules" 1027
"../../../Engine/Plugins/Animation/SkeletalMeshModelingTools/Binaries/Win64/UnrealEditor.modules" 1028
"../../../Engine/Plugins/Editor/ModelingToolsEditorMode/Binaries/Win64/UnrealEditor.modules" 1029
"../../../Engine/Plugins/Editor/MeshLODToolset/Binaries/Win64/UnrealEditor.modules" 1030
"../../../Engine/Plugins/Editor/StylusInput/Binaries/Win64/UnrealEditor.modules" 1031
"../../../Engine/Plugins/Experimental/GeometryFlow/Binaries/Win64/UnrealEditor.modules" 1032
"../../../Engine/Plugins/Cameras/EngineCameras/Binaries/Win64/UnrealEditor.modules" 1033
"../../../Engine/Plugins/MovieScene/TemplateSequence/Binaries/Win64/UnrealEditor.modules" 1034
"../../../Engine/Plugins/Editor/AssetManagerEditor/Binaries/Win64/UnrealEditor.modules" 1035
"../../../Engine/Plugins/Cameras/GameplayCameras/Binaries/Win64/UnrealEditor.modules" 1036
"../../../Engine/Plugins/VirtualProduction/CameraCalibrationCore/Binaries/Win64/UnrealEditor.modules" 1037
"../../../Engine/Plugins/Runtime/StateTree/Binaries/Win64/UnrealEditor.modules" 1038
"../../../Engine/Plugins/Animation/GameplayInsights/Binaries/Win64/UnrealEditor.modules" 1039
"../../../Engine/Plugins/Runtime/PropertyBindingUtils/Binaries/Win64/UnrealEditor.modules" 1040
"../../../Engine/Plugins/Animation/AnimationModifierLibrary/Binaries/Win64/UnrealEditor.modules" 1041
"../../../Engine/Plugins/Editor/BlueprintHeaderView/Binaries/Win64/UnrealEditor.modules" 1042
"../../../Engine/Plugins/Editor/ChangelistReview/Binaries/Win64/UnrealEditor.modules" 1043
"../../../Engine/Plugins/Cameras/CameraShakePreviewer/Binaries/Win64/UnrealEditor.modules" 1044
"../../../Engine/Plugins/Editor/CryptoKeys/Binaries/Win64/UnrealEditor.modules" 1045
"../../../Engine/Plugins/Compression/OodleNetwork/Binaries/Win64/UnrealEditor.modules" 1046
"../../../Engine/Plugins/Editor/ColorGrading/Binaries/Win64/UnrealEditor.modules" 1047
"../../../Engine/Plugins/Editor/ObjectMixer/ObjectMixer/Binaries/Win64/UnrealEditor.modules" 1048
"../../../Engine/Plugins/Editor/CurveEditorTools/Binaries/Win64/UnrealEditor.modules" 1049
"../../../Engine/Plugins/Editor/FacialAnimation/Binaries/Win64/UnrealEditor.modules" 1050
"../../../Engine/Plugins/Editor/GeometryMode/Binaries/Win64/UnrealEditor.modules" 1051
"../../../Engine/Plugins/Editor/EditorDebugTools/Binaries/Win64/UnrealEditor.modules" 1052
"../../../Engine/Plugins/Editor/GameplayTagsEditor/Binaries/Win64/UnrealEditor.modules" 1053
"../../../Engine/Plugins/Editor/MobileLauncherProfileWizard/Binaries/Win64/UnrealEditor.modules" 1054
"../../../Engine/Plugins/Editor/PluginBrowser/Binaries/Win64/UnrealEditor.modules" 1055
"../../../Engine/Plugins/Editor/MaterialAnalyzer/Binaries/Win64/UnrealEditor.modules" 1056
"../../../Engine/Plugins/Editor/SequencerAnimTools/Binaries/Win64/UnrealEditor.modules" 1057
"../../../Engine/Plugins/Editor/UMGWidgetPreview/Binaries/Win64/UnrealEditor.modules" 1058
"../../../Engine/Plugins/Editor/UVEditor/Binaries/Win64/UnrealEditor.modules" 1059
"../../../Engine/Plugins/Editor/SpeedTreeImporter/Binaries/Win64/UnrealEditor.modules" 1060
"../../../Engine/Plugins/Editor/WorldPartitionHLODUtilities/Binaries/Win64/UnrealEditor.modules" 1061
"../../../Engine/Plugins/Enterprise/DatasmithContent/Binaries/Win64/UnrealEditor.modules" 1062
"../../../Engine/Plugins/FX/Cascade/Binaries/Win64/UnrealEditor.modules" 1063
"../../../Engine/Plugins/FX/NiagaraSimCaching/Binaries/Win64/UnrealEditor.modules" 1064
"../../../Engine/Plugins/Media/AndroidMedia/Binaries/Win64/UnrealEditor.modules" 1065
"../../../Engine/Plugins/Media/AvfMedia/Binaries/Win64/UnrealEditor.modules" 1066
"../../../Engine/Plugins/Media/MediaPlate/Binaries/Win64/UnrealEditor.modules" 1067
"../../../Engine/Plugins/Media/MediaCompositing/Binaries/Win64/UnrealEditor.modules" 1068
"../../../Engine/Plugins/Media/MediaPlayerEditor/Binaries/Win64/UnrealEditor.modules" 1069
"../../../Engine/Plugins/Experimental/Compositing/CompositeCore/Binaries/Win64/UnrealEditor.modules" 1070
"../../../Engine/Plugins/Media/ImgMedia/Binaries/Win64/UnrealEditor.modules" 1071
"../../../Engine/Plugins/Enterprise/GLTFExporter/Binaries/Win64/UnrealEditor.modules" 1072
"../../../Engine/Plugins/Media/WmfMedia/Binaries/Win64/UnrealEditor.modules" 1073
"../../../Engine/Plugins/Online/OnlineSubsystem/Binaries/Win64/UnrealEditor.modules" 1074
"../../../Engine/Plugins/Online/OnlineBase/Binaries/Win64/UnrealEditor.modules" 1075
"../../../Engine/Plugins/Online/OnlineSubsystemNull/Binaries/Win64/UnrealEditor.modules" 1076
"../../../Engine/Plugins/Online/OnlineSubsystemUtils/Binaries/Win64/UnrealEditor.modules" 1077
"../../../Engine/Plugins/Online/OnlineServices/Binaries/Win64/UnrealEditor.modules" 1078
"../../../Engine/Plugins/Runtime/Windows/XInputDevice/Binaries/Win64/UnrealEditor.modules" 1079
"../../../Engine/Plugins/Editor/ContentBrowser/ContentBrowserClassDataSource/Binaries/Win64/UnrealEditor.modules" 1080
"../../../Engine/Plugins/Editor/ObjectMixer/LightMixer/Binaries/Win64/UnrealEditor.modules" 1081
"../../../Engine/Plugins/Editor/Localization/PortableObjectFileDataSource/Binaries/Win64/UnrealEditor.modules" 1082
"C:/Users/xingh/Desktop/VR/KurumaIsu/Plugins/VisualStudioTools/Binaries/Win64/UnrealEditor.modules" 1083
"C:/Users/xingh/Desktop/VR/KurumaIsu/Plugins/Tripo3DUEBridge-UE5.6-Win64/Binaries/Win64/UnrealEditor.modules" 1084
"C:/Users/xingh/Desktop/VR/KurumaIsu/Plugins/BleGoodies/Binaries/Win64/UnrealEditor.modules" 1085
"C:/Users/xingh/Desktop/VR/KurumaIsu/Plugins/ASerialCom/Binaries/Win64/UnrealEditor.modules" 1086
"../../../Engine/Config/BaseSourceControlSettings.ini" 1087
"../../../Engine/Content/Internationalization/icudt64l/coll/ucadata.icu" 1088
"../../../Engine/Content/Internationalization/icudt64l/coll/ja.res" 1089
"../../../Engine/Content/Internationalization/icudt64l/coll/root.res" 1090
"../../../Engine/Content/Certificates/ThirdParty/cacert.pem" 1091
"../../../Engine/Config/ConsoleVariables.ini" 1092
"../../../Engine/Binaries/Win64/Android/UnrealEditor.modules" 1093
"../../../Engine/Binaries/Win64/IOS/UnrealEditor.modules" 1094
"../../../Engine/Binaries/Win64/Linux/UnrealEditor.modules" 1095
"../../../Engine/Content/Localization/Editor/ja/Editor.locres" 1096
"../../../Engine/Content/Localization/EditorTutorials/ja/EditorTutorials.locres" 1097
"../../../Engine/Content/Localization/Keywords/ja/Keywords.locres" 1098
"../../../Engine/Content/Localization/Category/ja/Category.locres" 1099
"../../../Engine/Content/Localization/ToolTips/ja/ToolTips.locres" 1100
"../../../Engine/Content/Localization/PropertyNames/ja/PropertyNames.locres" 1101
"../../../Engine/Content/Localization/Engine/ja/Engine.locres" 1102
"../../../Engine/Plugins/MetaHuman/MetaHumanSDK/Content/Localization/MetaHumanSDK/ja/MetaHumanSDK.locres" 1103
"../../../Engine/Plugins/Online/OnlineSubsystem/Content/Localization/OnlineSubsystem/ja/OnlineSubsystem.locres" 1104
"../../../Engine/Plugins/Online/OnlineSubsystemUtils/Content/Localization/OnlineSubsystemUtils/ja/OnlineSubsystemUtils.locres" 1105
"../../../Engine/Plugins/Online/Android/OnlineSubsystemGooglePlay/Content/Localization/OnlineSubsystemGooglePlay/ja/OnlineSubsystemGooglePlay.locres" 1106
"../../../Engine/Plugins/Online/IOS/OnlineSubsystemIOS/Content/Localization/OnlineSubsystemIOS/ja/OnlineSubsystemIOS.locres" 1107
"C:/Users/xingh/Desktop/VR/KurumaIsu/Plugins/Tripo3DUEBridge-UE5.6-Win64/Content/Localization/Tripo3DUEBridge/ja/Tripo3DUEBridge.locres" 1108
"../../../Engine/Content/Internationalization/icudt64l/numberingSystems.res" 1109
"../../../Engine/Content/Internationalization/icudt64l/curr/supplementalData.res" 1110
"../../../Engine/Content/Internationalization/icudt64l/curr/ja_JP.res" 1111
"../../../Engine/Content/Internationalization/icudt64l/curr/pool.res" 1112
"../../../Engine/Content/Internationalization/icudt64l/curr/ja.res" 1113
"../../../Engine/Content/Internationalization/icudt64l/curr/root.res" 1114
"../../../Engine/Content/Internationalization/icudt64l/lang/af.res" 1115
"../../../Engine/Content/Internationalization/icudt64l/region/af.res" 1116
"../../../Engine/Content/Internationalization/icudt64l/lang/agq.res" 1117
"../../../Engine/Content/Internationalization/icudt64l/region/agq.res" 1118
"../../../Engine/Content/Internationalization/icudt64l/lang/ak.res" 1119
"../../../Engine/Content/Internationalization/icudt64l/region/ak.res" 1120
"../../../Engine/Content/Internationalization/icudt64l/lang/am.res" 1121
"../../../Engine/Content/Internationalization/icudt64l/region/am.res" 1122
"../../../Engine/Content/Internationalization/icudt64l/lang/ar.res" 1123
"../../../Engine/Content/Internationalization/icudt64l/region/ar.res" 1124
"../../../Engine/Content/Internationalization/icudt64l/region/ar_AE.res" 1125
"../../../Engine/Content/Internationalization/icudt64l/lang/ar_EG.res" 1126
"../../../Engine/Content/Internationalization/icudt64l/lang/ar_LY.res" 1127
"../../../Engine/Content/Internationalization/icudt64l/region/ar_LY.res" 1128
"../../../Engine/Content/Internationalization/icudt64l/lang/ar_SA.res" 1129
"../../../Engine/Content/Internationalization/icudt64l/region/ar_SA.res" 1130
"../../../Engine/Content/Internationalization/icudt64l/lang/as.res" 1131
"../../../Engine/Content/Internationalization/icudt64l/region/as.res" 1132
"../../../Engine/Content/Internationalization/icudt64l/lang/asa.res" 1133
"../../../Engine/Content/Internationalization/icudt64l/region/asa.res" 1134
"../../../Engine/Content/Internationalization/icudt64l/lang/ast.res" 1135
"../../../Engine/Content/Internationalization/icudt64l/region/ast.res" 1136
"../../../Engine/Content/Internationalization/icudt64l/lang/az.res" 1137
"../../../Engine/Content/Internationalization/icudt64l/lang/az_Cyrl.res" 1138
"../../../Engine/Content/Internationalization/icudt64l/lang/az_AZ.res" 1139
"../../../Engine/Content/Internationalization/icudt64l/lang/az_Latn_AZ.res" 1140
"../../../Engine/Content/Internationalization/icudt64l/lang/az_Latn.res" 1141
"../../../Engine/Content/Internationalization/icudt64l/region/az_AZ.res" 1142
"../../../Engine/Content/Internationalization/icudt64l/region/az_Latn_AZ.res" 1143
"../../../Engine/Content/Internationalization/icudt64l/region/az_Latn.res" 1144
"../../../Engine/Content/Internationalization/icudt64l/region/az.res" 1145
"../../../Engine/Content/Internationalization/icudt64l/region/az_Cyrl.res" 1146
"../../../Engine/Content/Internationalization/icudt64l/lang/bas.res" 1147
"../../../Engine/Content/Internationalization/icudt64l/region/bas.res" 1148
"../../../Engine/Content/Internationalization/icudt64l/lang/be.res" 1149
"../../../Engine/Content/Internationalization/icudt64l/region/be.res" 1150
"../../../Engine/Content/Internationalization/icudt64l/lang/bem.res" 1151
"../../../Engine/Content/Internationalization/icudt64l/region/bem.res" 1152
"../../../Engine/Content/Internationalization/icudt64l/lang/bez.res" 1153
"../../../Engine/Content/Internationalization/icudt64l/region/bez.res" 1154
"../../../Engine/Content/Internationalization/icudt64l/lang/bg.res" 1155
"../../../Engine/Content/Internationalization/icudt64l/region/bg.res" 1156
"../../../Engine/Content/Internationalization/icudt64l/lang/bm.res" 1157
"../../../Engine/Content/Internationalization/icudt64l/region/bm.res" 1158
"../../../Engine/Content/Internationalization/icudt64l/lang/bn.res" 1159
"../../../Engine/Content/Internationalization/icudt64l/region/bn.res" 1160
"../../../Engine/Content/Internationalization/icudt64l/lang/bn_IN.res" 1161
"../../../Engine/Content/Internationalization/icudt64l/region/bn_IN.res" 1162
"../../../Engine/Content/Internationalization/icudt64l/lang/bo.res" 1163
"../../../Engine/Content/Internationalization/icudt64l/region/bo.res" 1164
"../../../Engine/Content/Internationalization/icudt64l/region/bo_IN.res" 1165
"../../../Engine/Content/Internationalization/icudt64l/lang/br.res" 1166
"../../../Engine/Content/Internationalization/icudt64l/region/br.res" 1167
"../../../Engine/Content/Internationalization/icudt64l/lang/brx.res" 1168
"../../../Engine/Content/Internationalization/icudt64l/region/brx.res" 1169
"../../../Engine/Content/Internationalization/icudt64l/lang/bs.res" 1170
"../../../Engine/Content/Internationalization/icudt64l/lang/bs_Cyrl.res" 1171
"../../../Engine/Content/Internationalization/icudt64l/lang/bs_BA.res" 1172
"../../../Engine/Content/Internationalization/icudt64l/lang/bs_Latn_BA.res" 1173
"../../../Engine/Content/Internationalization/icudt64l/lang/bs_Latn.res" 1174
"../../../Engine/Content/Internationalization/icudt64l/region/bs_BA.res" 1175
"../../../Engine/Content/Internationalization/icudt64l/region/bs_Latn_BA.res" 1176
"../../../Engine/Content/Internationalization/icudt64l/region/bs_Latn.res" 1177
"../../../Engine/Content/Internationalization/icudt64l/region/bs.res" 1178
"../../../Engine/Content/Internationalization/icudt64l/region/bs_Cyrl.res" 1179
"../../../Engine/Content/Internationalization/icudt64l/lang/ca.res" 1180
"../../../Engine/Content/Internationalization/icudt64l/region/ca.res" 1181
"../../../Engine/Content/Internationalization/icudt64l/lang/ccp.res" 1182
"../../../Engine/Content/Internationalization/icudt64l/region/ccp.res" 1183
"../../../Engine/Content/Internationalization/icudt64l/lang/ce.res" 1184
"../../../Engine/Content/Internationalization/icudt64l/region/ce.res" 1185
"../../../Engine/Content/Internationalization/icudt64l/lang/ceb.res" 1186
"../../../Engine/Content/Internationalization/icudt64l/region/ceb.res" 1187
"../../../Engine/Content/Internationalization/icudt64l/lang/cgg.res" 1188
"../../../Engine/Content/Internationalization/icudt64l/region/cgg.res" 1189
"../../../Engine/Content/Internationalization/icudt64l/lang/chr.res" 1190
"../../../Engine/Content/Internationalization/icudt64l/region/chr.res" 1191
"../../../Engine/Content/Internationalization/icudt64l/lang/ckb.res" 1192
"../../../Engine/Content/Internationalization/icudt64l/region/ckb.res" 1193
"../../../Engine/Content/Internationalization/icudt64l/lang/cs.res" 1194
"../../../Engine/Content/Internationalization/icudt64l/region/cs.res" 1195
"../../../Engine/Content/Internationalization/icudt64l/lang/cy.res" 1196
"../../../Engine/Content/Internationalization/icudt64l/region/cy.res" 1197
"../../../Engine/Content/Internationalization/icudt64l/lang/da.res" 1198
"../../../Engine/Content/Internationalization/icudt64l/region/da.res" 1199
"../../../Engine/Content/Internationalization/icudt64l/lang/dav.res" 1200
"../../../Engine/Content/Internationalization/icudt64l/region/dav.res" 1201
"../../../Engine/Content/Internationalization/icudt64l/lang/de.res" 1202
"../../../Engine/Content/Internationalization/icudt64l/lang/de_AT.res" 1203
"../../../Engine/Content/Internationalization/icudt64l/region/de_AT.res" 1204
"../../../Engine/Content/Internationalization/icudt64l/region/de.res" 1205
"../../../Engine/Content/Internationalization/icudt64l/lang/de_CH.res" 1206
"../../../Engine/Content/Internationalization/icudt64l/region/de_CH.res" 1207
"../../../Engine/Content/Internationalization/icudt64l/lang/de_LU.res" 1208
"../../../Engine/Content/Internationalization/icudt64l/lang/dje.res" 1209
"../../../Engine/Content/Internationalization/icudt64l/region/dje.res" 1210
"../../../Engine/Content/Internationalization/icudt64l/lang/dsb.res" 1211
"../../../Engine/Content/Internationalization/icudt64l/region/dsb.res" 1212
"../../../Engine/Content/Internationalization/icudt64l/lang/dua.res" 1213
"../../../Engine/Content/Internationalization/icudt64l/region/dua.res" 1214
"../../../Engine/Content/Internationalization/icudt64l/lang/dyo.res" 1215
"../../../Engine/Content/Internationalization/icudt64l/region/dyo.res" 1216
"../../../Engine/Content/Internationalization/icudt64l/lang/dz.res" 1217
"../../../Engine/Content/Internationalization/icudt64l/region/dz.res" 1218
"../../../Engine/Content/Internationalization/icudt64l/lang/ebu.res" 1219
"../../../Engine/Content/Internationalization/icudt64l/region/ebu.res" 1220
"../../../Engine/Content/Internationalization/icudt64l/lang/ee.res" 1221
"../../../Engine/Content/Internationalization/icudt64l/region/ee.res" 1222
"../../../Engine/Content/Internationalization/icudt64l/lang/el.res" 1223
"../../../Engine/Content/Internationalization/icudt64l/region/el.res" 1224
"../../../Engine/Content/Internationalization/icudt64l/lang/en_001.res" 1225
"../../../Engine/Content/Internationalization/icudt64l/lang/en_150.res" 1226
"../../../Engine/Content/Internationalization/icudt64l/region/en_150.res" 1227
"../../../Engine/Content/Internationalization/icudt64l/lang/en_AG.res" 1228
"../../../Engine/Content/Internationalization/icudt64l/region/en_AG.res" 1229
"../../../Engine/Content/Internationalization/icudt64l/lang/en_AI.res" 1230
"../../../Engine/Content/Internationalization/icudt64l/region/en_AI.res" 1231
"../../../Engine/Content/Internationalization/icudt64l/lang/en_AT.res" 1232
"../../../Engine/Content/Internationalization/icudt64l/region/en_AT.res" 1233
"../../../Engine/Content/Internationalization/icudt64l/lang/en_AU.res" 1234
"../../../Engine/Content/Internationalization/icudt64l/region/en_AU.res" 1235
"../../../Engine/Content/Internationalization/icudt64l/lang/en_BB.res" 1236
"../../../Engine/Content/Internationalization/icudt64l/region/en_BB.res" 1237
"../../../Engine/Content/Internationalization/icudt64l/lang/en_BE.res" 1238
"../../../Engine/Content/Internationalization/icudt64l/region/en_BE.res" 1239
"../../../Engine/Content/Internationalization/icudt64l/lang/en_BM.res" 1240
"../../../Engine/Content/Internationalization/icudt64l/region/en_BM.res" 1241
"../../../Engine/Content/Internationalization/icudt64l/lang/en_BS.res" 1242
"../../../Engine/Content/Internationalization/icudt64l/region/en_BS.res" 1243
"../../../Engine/Content/Internationalization/icudt64l/lang/en_BW.res" 1244
"../../../Engine/Content/Internationalization/icudt64l/region/en_BW.res" 1245
"../../../Engine/Content/Internationalization/icudt64l/lang/en_BZ.res" 1246
"../../../Engine/Content/Internationalization/icudt64l/region/en_BZ.res" 1247
"../../../Engine/Content/Internationalization/icudt64l/lang/en_CA.res" 1248
"../../../Engine/Content/Internationalization/icudt64l/region/en_CA.res" 1249
"../../../Engine/Content/Internationalization/icudt64l/lang/en_CC.res" 1250
"../../../Engine/Content/Internationalization/icudt64l/region/en_CC.res" 1251
"../../../Engine/Content/Internationalization/icudt64l/lang/en_CH.res" 1252
"../../../Engine/Content/Internationalization/icudt64l/region/en_CH.res" 1253
"../../../Engine/Content/Internationalization/icudt64l/lang/en_CK.res" 1254
"../../../Engine/Content/Internationalization/icudt64l/region/en_CK.res" 1255
"../../../Engine/Content/Internationalization/icudt64l/lang/en_CM.res" 1256
"../../../Engine/Content/Internationalization/icudt64l/region/en_CM.res" 1257
"../../../Engine/Content/Internationalization/icudt64l/lang/en_CX.res" 1258
"../../../Engine/Content/Internationalization/icudt64l/region/en_CX.res" 1259
"../../../Engine/Content/Internationalization/icudt64l/lang/en_CY.res" 1260
"../../../Engine/Content/Internationalization/icudt64l/region/en_CY.res" 1261
"../../../Engine/Content/Internationalization/icudt64l/lang/en_DE.res" 1262
"../../../Engine/Content/Internationalization/icudt64l/region/en_DE.res" 1263
"../../../Engine/Content/Internationalization/icudt64l/lang/en_DG.res" 1264
"../../../Engine/Content/Internationalization/icudt64l/region/en_DG.res" 1265
"../../../Engine/Content/Internationalization/icudt64l/lang/en_DK.res" 1266
"../../../Engine/Content/Internationalization/icudt64l/region/en_DK.res" 1267
"../../../Engine/Content/Internationalization/icudt64l/lang/en_DM.res" 1268
"../../../Engine/Content/Internationalization/icudt64l/region/en_DM.res" 1269
"../../../Engine/Content/Internationalization/icudt64l/lang/en_ER.res" 1270
"../../../Engine/Content/Internationalization/icudt64l/region/en_ER.res" 1271
"../../../Engine/Content/Internationalization/icudt64l/lang/en_FI.res" 1272
"../../../Engine/Content/Internationalization/icudt64l/region/en_FI.res" 1273
"../../../Engine/Content/Internationalization/icudt64l/lang/en_FJ.res" 1274
"../../../Engine/Content/Internationalization/icudt64l/region/en_FJ.res" 1275
"../../../Engine/Content/Internationalization/icudt64l/lang/en_FK.res" 1276
"../../../Engine/Content/Internationalization/icudt64l/region/en_FK.res" 1277
"../../../Engine/Content/Internationalization/icudt64l/lang/en_FM.res" 1278
"../../../Engine/Content/Internationalization/icudt64l/region/en_FM.res" 1279
"../../../Engine/Content/Internationalization/icudt64l/lang/en_GB.res" 1280
"../../../Engine/Content/Internationalization/icudt64l/region/en_GB.res" 1281
"../../../Engine/Content/Internationalization/icudt64l/lang/en_GD.res" 1282
"../../../Engine/Content/Internationalization/icudt64l/region/en_GD.res" 1283
"../../../Engine/Content/Internationalization/icudt64l/lang/en_GG.res" 1284
"../../../Engine/Content/Internationalization/icudt64l/region/en_GG.res" 1285
"../../../Engine/Content/Internationalization/icudt64l/lang/en_GH.res" 1286
"../../../Engine/Content/Internationalization/icudt64l/region/en_GH.res" 1287
"../../../Engine/Content/Internationalization/icudt64l/lang/en_GI.res" 1288
"../../../Engine/Content/Internationalization/icudt64l/region/en_GI.res" 1289
"../../../Engine/Content/Internationalization/icudt64l/lang/en_GM.res" 1290
"../../../Engine/Content/Internationalization/icudt64l/region/en_GM.res" 1291
"../../../Engine/Content/Internationalization/icudt64l/lang/en_GY.res" 1292
"../../../Engine/Content/Internationalization/icudt64l/region/en_GY.res" 1293
"../../../Engine/Content/Internationalization/icudt64l/lang/en_HK.res" 1294
"../../../Engine/Content/Internationalization/icudt64l/region/en_HK.res" 1295
"../../../Engine/Content/Internationalization/icudt64l/lang/en_IE.res" 1296
"../../../Engine/Content/Internationalization/icudt64l/region/en_IE.res" 1297
"../../../Engine/Content/Internationalization/icudt64l/lang/en_IL.res" 1298
"../../../Engine/Content/Internationalization/icudt64l/region/en_IL.res" 1299
"../../../Engine/Content/Internationalization/icudt64l/lang/en_IM.res" 1300
"../../../Engine/Content/Internationalization/icudt64l/region/en_IM.res" 1301
"../../../Engine/Content/Internationalization/icudt64l/lang/en_IN.res" 1302
"../../../Engine/Content/Internationalization/icudt64l/region/en_IN.res" 1303
"../../../Engine/Content/Internationalization/icudt64l/lang/en_IO.res" 1304
"../../../Engine/Content/Internationalization/icudt64l/region/en_IO.res" 1305
"../../../Engine/Content/Internationalization/icudt64l/lang/en_JE.res" 1306
"../../../Engine/Content/Internationalization/icudt64l/region/en_JE.res" 1307
"../../../Engine/Content/Internationalization/icudt64l/lang/en_JM.res" 1308
"../../../Engine/Content/Internationalization/icudt64l/region/en_JM.res" 1309
"../../../Engine/Content/Internationalization/icudt64l/lang/en_KE.res" 1310
"../../../Engine/Content/Internationalization/icudt64l/region/en_KE.res" 1311
"../../../Engine/Content/Internationalization/icudt64l/lang/en_KI.res" 1312
"../../../Engine/Content/Internationalization/icudt64l/region/en_KI.res" 1313
"../../../Engine/Content/Internationalization/icudt64l/lang/en_KN.res" 1314
"../../../Engine/Content/Internationalization/icudt64l/region/en_KN.res" 1315
"../../../Engine/Content/Internationalization/icudt64l/lang/en_KY.res" 1316
"../../../Engine/Content/Internationalization/icudt64l/region/en_KY.res" 1317
"../../../Engine/Content/Internationalization/icudt64l/lang/en_LC.res" 1318
"../../../Engine/Content/Internationalization/icudt64l/region/en_LC.res" 1319
"../../../Engine/Content/Internationalization/icudt64l/lang/en_LR.res" 1320
"../../../Engine/Content/Internationalization/icudt64l/region/en_LR.res" 1321
"../../../Engine/Content/Internationalization/icudt64l/lang/en_LS.res" 1322
"../../../Engine/Content/Internationalization/icudt64l/region/en_LS.res" 1323
"../../../Engine/Content/Internationalization/icudt64l/lang/en_MG.res" 1324
"../../../Engine/Content/Internationalization/icudt64l/region/en_MG.res" 1325
"../../../Engine/Content/Internationalization/icudt64l/lang/en_MO.res" 1326
"../../../Engine/Content/Internationalization/icudt64l/region/en_MO.res" 1327
"../../../Engine/Content/Internationalization/icudt64l/lang/en_MS.res" 1328
"../../../Engine/Content/Internationalization/icudt64l/region/en_MS.res" 1329
"../../../Engine/Content/Internationalization/icudt64l/lang/en_MT.res" 1330
"../../../Engine/Content/Internationalization/icudt64l/region/en_MT.res" 1331
"../../../Engine/Content/Internationalization/icudt64l/lang/en_MU.res" 1332
"../../../Engine/Content/Internationalization/icudt64l/region/en_MU.res" 1333
"../../../Engine/Content/Internationalization/icudt64l/lang/en_MW.res" 1334
"../../../Engine/Content/Internationalization/icudt64l/region/en_MW.res" 1335
"../../../Engine/Content/Internationalization/icudt64l/lang/en_MY.res" 1336
"../../../Engine/Content/Internationalization/icudt64l/region/en_MY.res" 1337
"../../../Engine/Content/Internationalization/icudt64l/lang/en_NA.res" 1338
"../../../Engine/Content/Internationalization/icudt64l/region/en_NA.res" 1339
"../../../Engine/Content/Internationalization/icudt64l/lang/en_NF.res" 1340
"../../../Engine/Content/Internationalization/icudt64l/region/en_NF.res" 1341
"../../../Engine/Content/Internationalization/icudt64l/lang/en_NG.res" 1342
"../../../Engine/Content/Internationalization/icudt64l/region/en_NG.res" 1343
"../../../Engine/Content/Internationalization/icudt64l/lang/en_NL.res" 1344
"../../../Engine/Content/Internationalization/icudt64l/region/en_NL.res" 1345
"../../../Engine/Content/Internationalization/icudt64l/lang/en_NR.res" 1346
"../../../Engine/Content/Internationalization/icudt64l/region/en_NR.res" 1347
"../../../Engine/Content/Internationalization/icudt64l/lang/en_NU.res" 1348
"../../../Engine/Content/Internationalization/icudt64l/region/en_NU.res" 1349
"../../../Engine/Content/Internationalization/icudt64l/lang/en_NZ.res" 1350
"../../../Engine/Content/Internationalization/icudt64l/region/en_NZ.res" 1351
"../../../Engine/Content/Internationalization/icudt64l/lang/en_PG.res" 1352
"../../../Engine/Content/Internationalization/icudt64l/region/en_PG.res" 1353
"../../../Engine/Content/Internationalization/icudt64l/lang/en_PH.res" 1354
"../../../Engine/Content/Internationalization/icudt64l/region/en_PH.res" 1355
"../../../Engine/Content/Internationalization/icudt64l/lang/en_PK.res" 1356
"../../../Engine/Content/Internationalization/icudt64l/region/en_PK.res" 1357
"../../../Engine/Content/Internationalization/icudt64l/lang/en_PN.res" 1358
"../../../Engine/Content/Internationalization/icudt64l/region/en_PN.res" 1359
"../../../Engine/Content/Internationalization/icudt64l/lang/en_PW.res" 1360
"../../../Engine/Content/Internationalization/icudt64l/region/en_PW.res" 1361
"../../../Engine/Content/Internationalization/icudt64l/lang/en_RW.res" 1362
"../../../Engine/Content/Internationalization/icudt64l/region/en_RW.res" 1363
"../../../Engine/Content/Internationalization/icudt64l/lang/en_SB.res" 1364
"../../../Engine/Content/Internationalization/icudt64l/region/en_SB.res" 1365
"../../../Engine/Content/Internationalization/icudt64l/lang/en_SC.res" 1366
"../../../Engine/Content/Internationalization/icudt64l/region/en_SC.res" 1367
"../../../Engine/Content/Internationalization/icudt64l/lang/en_SD.res" 1368
"../../../Engine/Content/Internationalization/icudt64l/region/en_SD.res" 1369
"../../../Engine/Content/Internationalization/icudt64l/lang/en_SE.res" 1370
"../../../Engine/Content/Internationalization/icudt64l/region/en_SE.res" 1371
"../../../Engine/Content/Internationalization/icudt64l/lang/en_SG.res" 1372
"../../../Engine/Content/Internationalization/icudt64l/region/en_SG.res" 1373
"../../../Engine/Content/Internationalization/icudt64l/lang/en_SH.res" 1374
"../../../Engine/Content/Internationalization/icudt64l/region/en_SH.res" 1375
"../../../Engine/Content/Internationalization/icudt64l/lang/en_SI.res" 1376
"../../../Engine/Content/Internationalization/icudt64l/region/en_SI.res" 1377
"../../../Engine/Content/Internationalization/icudt64l/lang/en_SL.res" 1378
"../../../Engine/Content/Internationalization/icudt64l/region/en_SL.res" 1379
"../../../Engine/Content/Internationalization/icudt64l/lang/en_SS.res" 1380
"../../../Engine/Content/Internationalization/icudt64l/region/en_SS.res" 1381
"../../../Engine/Content/Internationalization/icudt64l/lang/en_SX.res" 1382
"../../../Engine/Content/Internationalization/icudt64l/region/en_SX.res" 1383
"../../../Engine/Content/Internationalization/icudt64l/lang/en_SZ.res" 1384
"../../../Engine/Content/Internationalization/icudt64l/region/en_SZ.res" 1385
"../../../Engine/Content/Internationalization/icudt64l/lang/en_TC.res" 1386
"../../../Engine/Content/Internationalization/icudt64l/region/en_TC.res" 1387
"../../../Engine/Content/Internationalization/icudt64l/lang/en_TK.res" 1388
"../../../Engine/Content/Internationalization/icudt64l/region/en_TK.res" 1389
"../../../Engine/Content/Internationalization/icudt64l/lang/en_TO.res" 1390
"../../../Engine/Content/Internationalization/icudt64l/region/en_TO.res" 1391
"../../../Engine/Content/Internationalization/icudt64l/lang/en_TT.res" 1392
"../../../Engine/Content/Internationalization/icudt64l/region/en_TT.res" 1393
"../../../Engine/Content/Internationalization/icudt64l/lang/en_TV.res" 1394
"../../../Engine/Content/Internationalization/icudt64l/region/en_TV.res" 1395
"../../../Engine/Content/Internationalization/icudt64l/lang/en_TZ.res" 1396
"../../../Engine/Content/Internationalization/icudt64l/region/en_TZ.res" 1397
"../../../Engine/Content/Internationalization/icudt64l/lang/en_UG.res" 1398
"../../../Engine/Content/Internationalization/icudt64l/region/en_UG.res" 1399
"../../../Engine/Content/Internationalization/icudt64l/lang/en_VC.res" 1400
"../../../Engine/Content/Internationalization/icudt64l/region/en_VC.res" 1401
"../../../Engine/Content/Internationalization/icudt64l/lang/en_VG.res" 1402
"../../../Engine/Content/Internationalization/icudt64l/region/en_VG.res" 1403
"../../../Engine/Content/Internationalization/icudt64l/lang/en_VU.res" 1404
"../../../Engine/Content/Internationalization/icudt64l/region/en_VU.res" 1405
"../../../Engine/Content/Internationalization/icudt64l/lang/en_WS.res" 1406
"../../../Engine/Content/Internationalization/icudt64l/region/en_WS.res" 1407
"../../../Engine/Content/Internationalization/icudt64l/lang/en_ZA.res" 1408
"../../../Engine/Content/Internationalization/icudt64l/region/en_ZA.res" 1409
"../../../Engine/Content/Internationalization/icudt64l/lang/en_ZM.res" 1410
"../../../Engine/Content/Internationalization/icudt64l/region/en_ZM.res" 1411
"../../../Engine/Content/Internationalization/icudt64l/lang/en_ZW.res" 1412
"../../../Engine/Content/Internationalization/icudt64l/region/en_ZW.res" 1413
"../../../Engine/Content/Internationalization/icudt64l/lang/eo.res" 1414
"../../../Engine/Content/Internationalization/icudt64l/region/eo.res" 1415
"../../../Engine/Content/Internationalization/icudt64l/lang/es.res" 1416
"../../../Engine/Content/Internationalization/icudt64l/lang/es_419.res" 1417
"../../../Engine/Content/Internationalization/icudt64l/region/es_419.res" 1418
"../../../Engine/Content/Internationalization/icudt64l/region/es.res" 1419
"../../../Engine/Content/Internationalization/icudt64l/lang/es_AR.res" 1420
"../../../Engine/Content/Internationalization/icudt64l/region/es_AR.res" 1421
"../../../Engine/Content/Internationalization/icudt64l/lang/es_BO.res" 1422
"../../../Engine/Content/Internationalization/icudt64l/region/es_BO.res" 1423
"../../../Engine/Content/Internationalization/icudt64l/lang/es_BR.res" 1424
"../../../Engine/Content/Internationalization/icudt64l/region/es_BR.res" 1425
"../../../Engine/Content/Internationalization/icudt64l/lang/es_BZ.res" 1426
"../../../Engine/Content/Internationalization/icudt64l/region/es_BZ.res" 1427
"../../../Engine/Content/Internationalization/icudt64l/lang/es_CL.res" 1428
"../../../Engine/Content/Internationalization/icudt64l/region/es_CL.res" 1429
"../../../Engine/Content/Internationalization/icudt64l/lang/es_CO.res" 1430
"../../../Engine/Content/Internationalization/icudt64l/region/es_CO.res" 1431
"../../../Engine/Content/Internationalization/icudt64l/lang/es_CR.res" 1432
"../../../Engine/Content/Internationalization/icudt64l/region/es_CR.res" 1433
"../../../Engine/Content/Internationalization/icudt64l/lang/es_CU.res" 1434
"../../../Engine/Content/Internationalization/icudt64l/region/es_CU.res" 1435
"../../../Engine/Content/Internationalization/icudt64l/lang/es_DO.res" 1436
"../../../Engine/Content/Internationalization/icudt64l/region/es_DO.res" 1437
"../../../Engine/Content/Internationalization/icudt64l/lang/es_EC.res" 1438
"../../../Engine/Content/Internationalization/icudt64l/region/es_EC.res" 1439
"../../../Engine/Content/Internationalization/icudt64l/lang/es_GT.res" 1440
"../../../Engine/Content/Internationalization/icudt64l/region/es_GT.res" 1441
"../../../Engine/Content/Internationalization/icudt64l/lang/es_HN.res" 1442
"../../../Engine/Content/Internationalization/icudt64l/region/es_HN.res" 1443
"../../../Engine/Content/Internationalization/icudt64l/lang/es_MX.res" 1444
"../../../Engine/Content/Internationalization/icudt64l/region/es_MX.res" 1445
"../../../Engine/Content/Internationalization/icudt64l/lang/es_NI.res" 1446
"../../../Engine/Content/Internationalization/icudt64l/region/es_NI.res" 1447
"../../../Engine/Content/Internationalization/icudt64l/lang/es_PA.res" 1448
"../../../Engine/Content/Internationalization/icudt64l/region/es_PA.res" 1449
"../../../Engine/Content/Internationalization/icudt64l/lang/es_PE.res" 1450
"../../../Engine/Content/Internationalization/icudt64l/region/es_PE.res" 1451
"../../../Engine/Content/Internationalization/icudt64l/lang/es_PR.res" 1452
"../../../Engine/Content/Internationalization/icudt64l/region/es_PR.res" 1453
"../../../Engine/Content/Internationalization/icudt64l/lang/es_PY.res" 1454
"../../../Engine/Content/Internationalization/icudt64l/region/es_PY.res" 1455
"../../../Engine/Content/Internationalization/icudt64l/lang/es_SV.res" 1456
"../../../Engine/Content/Internationalization/icudt64l/region/es_SV.res" 1457
"../../../Engine/Content/Internationalization/icudt64l/lang/es_US.res" 1458
"../../../Engine/Content/Internationalization/icudt64l/region/es_US.res" 1459
"../../../Engine/Content/Internationalization/icudt64l/lang/es_UY.res" 1460
"../../../Engine/Content/Internationalization/icudt64l/region/es_UY.res" 1461
"../../../Engine/Content/Internationalization/icudt64l/lang/es_VE.res" 1462
"../../../Engine/Content/Internationalization/icudt64l/region/es_VE.res" 1463
"../../../Engine/Content/Internationalization/icudt64l/lang/et.res" 1464
"../../../Engine/Content/Internationalization/icudt64l/region/et.res" 1465
"../../../Engine/Content/Internationalization/icudt64l/lang/eu.res" 1466
"../../../Engine/Content/Internationalization/icudt64l/region/eu.res" 1467
"../../../Engine/Content/Internationalization/icudt64l/lang/ewo.res" 1468
"../../../Engine/Content/Internationalization/icudt64l/region/ewo.res" 1469
"../../../Engine/Content/Internationalization/icudt64l/lang/fa.res" 1470
"../../../Engine/Content/Internationalization/icudt64l/lang/fa_AF.res" 1471
"../../../Engine/Content/Internationalization/icudt64l/region/fa_AF.res" 1472
"../../../Engine/Content/Internationalization/icudt64l/region/fa.res" 1473
"../../../Engine/Content/Internationalization/icudt64l/lang/ff.res" 1474
"../../../Engine/Content/Internationalization/icudt64l/lang/ff_Latn.res" 1475
"../../../Engine/Content/Internationalization/icudt64l/region/ff.res" 1476
"../../../Engine/Content/Internationalization/icudt64l/region/ff_Latn.res" 1477
"../../../Engine/Content/Internationalization/icudt64l/lang/ff_CM.res" 1478
"../../../Engine/Content/Internationalization/icudt64l/lang/ff_Latn_CM.res" 1479
"../../../Engine/Content/Internationalization/icudt64l/region/ff_CM.res" 1480
"../../../Engine/Content/Internationalization/icudt64l/region/ff_Latn_CM.res" 1481
"../../../Engine/Content/Internationalization/icudt64l/lang/ff_GN.res" 1482
"../../../Engine/Content/Internationalization/icudt64l/lang/ff_Latn_GN.res" 1483
"../../../Engine/Content/Internationalization/icudt64l/region/ff_GN.res" 1484
"../../../Engine/Content/Internationalization/icudt64l/region/ff_Latn_GN.res" 1485
"../../../Engine/Content/Internationalization/icudt64l/lang/ff_MR.res" 1486
"../../../Engine/Content/Internationalization/icudt64l/lang/ff_Latn_MR.res" 1487
"../../../Engine/Content/Internationalization/icudt64l/region/ff_MR.res" 1488
"../../../Engine/Content/Internationalization/icudt64l/region/ff_Latn_MR.res" 1489
"../../../Engine/Content/Internationalization/icudt64l/lang/ff_SN.res" 1490
"../../../Engine/Content/Internationalization/icudt64l/lang/ff_Latn_SN.res" 1491
"../../../Engine/Content/Internationalization/icudt64l/region/ff_SN.res" 1492
"../../../Engine/Content/Internationalization/icudt64l/region/ff_Latn_SN.res" 1493
"../../../Engine/Content/Internationalization/icudt64l/lang/fi.res" 1494
"../../../Engine/Content/Internationalization/icudt64l/region/fi.res" 1495
"../../../Engine/Content/Internationalization/icudt64l/lang/fil.res" 1496
"../../../Engine/Content/Internationalization/icudt64l/lang/fil_PH.res" 1497
"../../../Engine/Content/Internationalization/icudt64l/region/fil_PH.res" 1498
"../../../Engine/Content/Internationalization/icudt64l/region/fil.res" 1499
"../../../Engine/Content/Internationalization/icudt64l/lang/fo.res" 1500
"../../../Engine/Content/Internationalization/icudt64l/region/fo.res" 1501
"../../../Engine/Content/Internationalization/icudt64l/lang/fr.res" 1502
"../../../Engine/Content/Internationalization/icudt64l/lang/fr_BE.res" 1503
"../../../Engine/Content/Internationalization/icudt64l/region/fr_BE.res" 1504
"../../../Engine/Content/Internationalization/icudt64l/region/fr.res" 1505
"../../../Engine/Content/Internationalization/icudt64l/lang/fr_CA.res" 1506
"../../../Engine/Content/Internationalization/icudt64l/region/fr_CA.res" 1507
"../../../Engine/Content/Internationalization/icudt64l/lang/fr_CH.res" 1508
"../../../Engine/Content/Internationalization/icudt64l/lang/fur.res" 1509
"../../../Engine/Content/Internationalization/icudt64l/region/fur.res" 1510
"../../../Engine/Content/Internationalization/icudt64l/lang/fy.res" 1511
"../../../Engine/Content/Internationalization/icudt64l/region/fy.res" 1512
"../../../Engine/Content/Internationalization/icudt64l/lang/ga.res" 1513
"../../../Engine/Content/Internationalization/icudt64l/region/ga.res" 1514
"../../../Engine/Content/Internationalization/icudt64l/lang/gd.res" 1515
"../../../Engine/Content/Internationalization/icudt64l/region/gd.res" 1516
"../../../Engine/Content/Internationalization/icudt64l/lang/gl.res" 1517
"../../../Engine/Content/Internationalization/icudt64l/region/gl.res" 1518
"../../../Engine/Content/Internationalization/icudt64l/lang/gsw.res" 1519
"../../../Engine/Content/Internationalization/icudt64l/region/gsw.res" 1520
"../../../Engine/Content/Internationalization/icudt64l/lang/gu.res" 1521
"../../../Engine/Content/Internationalization/icudt64l/region/gu.res" 1522
"../../../Engine/Content/Internationalization/icudt64l/lang/guz.res" 1523
"../../../Engine/Content/Internationalization/icudt64l/region/guz.res" 1524
"../../../Engine/Content/Internationalization/icudt64l/lang/gv.res" 1525
"../../../Engine/Content/Internationalization/icudt64l/region/gv.res" 1526
"../../../Engine/Content/Internationalization/icudt64l/lang/ha.res" 1527
"../../../Engine/Content/Internationalization/icudt64l/region/ha.res" 1528
"../../../Engine/Content/Internationalization/icudt64l/lang/ha_NE.res" 1529
"../../../Engine/Content/Internationalization/icudt64l/region/ha_NE.res" 1530
"../../../Engine/Content/Internationalization/icudt64l/lang/haw.res" 1531
"../../../Engine/Content/Internationalization/icudt64l/region/haw.res" 1532
"../../../Engine/Content/Internationalization/icudt64l/lang/he.res" 1533
"../../../Engine/Content/Internationalization/icudt64l/lang/he_IL.res" 1534
"../../../Engine/Content/Internationalization/icudt64l/region/he_IL.res" 1535
"../../../Engine/Content/Internationalization/icudt64l/region/he.res" 1536
"../../../Engine/Content/Internationalization/icudt64l/lang/hi.res" 1537
"../../../Engine/Content/Internationalization/icudt64l/region/hi.res" 1538
"../../../Engine/Content/Internationalization/icudt64l/lang/hr.res" 1539
"../../../Engine/Content/Internationalization/icudt64l/region/hr.res" 1540
"../../../Engine/Content/Internationalization/icudt64l/lang/hsb.res" 1541
"../../../Engine/Content/Internationalization/icudt64l/region/hsb.res" 1542
"../../../Engine/Content/Internationalization/icudt64l/lang/hu.res" 1543
"../../../Engine/Content/Internationalization/icudt64l/region/hu.res" 1544
"../../../Engine/Content/Internationalization/icudt64l/lang/hy.res" 1545
"../../../Engine/Content/Internationalization/icudt64l/region/hy.res" 1546
"../../../Engine/Content/Internationalization/icudt64l/lang/ia.res" 1547
"../../../Engine/Content/Internationalization/icudt64l/region/ia.res" 1548
"../../../Engine/Content/Internationalization/icudt64l/lang/id.res" 1549
"../../../Engine/Content/Internationalization/icudt64l/lang/id_ID.res" 1550
"../../../Engine/Content/Internationalization/icudt64l/region/id_ID.res" 1551
"../../../Engine/Content/Internationalization/icudt64l/region/id.res" 1552
"../../../Engine/Content/Internationalization/icudt64l/lang/ig.res" 1553
"../../../Engine/Content/Internationalization/icudt64l/region/ig.res" 1554
"../../../Engine/Content/Internationalization/icudt64l/lang/ii.res" 1555
"../../../Engine/Content/Internationalization/icudt64l/region/ii.res" 1556
"../../../Engine/Content/Internationalization/icudt64l/lang/is.res" 1557
"../../../Engine/Content/Internationalization/icudt64l/region/is.res" 1558
"../../../Engine/Content/Internationalization/icudt64l/lang/it.res" 1559
"../../../Engine/Content/Internationalization/icudt64l/region/it.res" 1560
"../../../Engine/Content/Internationalization/icudt64l/lang/jgo.res" 1561
"../../../Engine/Content/Internationalization/icudt64l/region/jgo.res" 1562
"../../../Engine/Content/Internationalization/icudt64l/lang/jmc.res" 1563
"../../../Engine/Content/Internationalization/icudt64l/region/jmc.res" 1564
"../../../Engine/Content/Internationalization/icudt64l/lang/jv.res" 1565
"../../../Engine/Content/Internationalization/icudt64l/region/jv.res" 1566
"../../../Engine/Content/Internationalization/icudt64l/lang/ka.res" 1567
"../../../Engine/Content/Internationalization/icudt64l/region/ka.res" 1568
"../../../Engine/Content/Internationalization/icudt64l/lang/kab.res" 1569
"../../../Engine/Content/Internationalization/icudt64l/region/kab.res" 1570
"../../../Engine/Content/Internationalization/icudt64l/lang/kam.res" 1571
"../../../Engine/Content/Internationalization/icudt64l/region/kam.res" 1572
"../../../Engine/Content/Internationalization/icudt64l/lang/kde.res" 1573
"../../../Engine/Content/Internationalization/icudt64l/region/kde.res" 1574
"../../../Engine/Content/Internationalization/icudt64l/lang/kea.res" 1575
"../../../Engine/Content/Internationalization/icudt64l/region/kea.res" 1576
"../../../Engine/Content/Internationalization/icudt64l/lang/khq.res" 1577
"../../../Engine/Content/Internationalization/icudt64l/region/khq.res" 1578
"../../../Engine/Content/Internationalization/icudt64l/lang/ki.res" 1579
"../../../Engine/Content/Internationalization/icudt64l/region/ki.res" 1580
"../../../Engine/Content/Internationalization/icudt64l/lang/kk.res" 1581
"../../../Engine/Content/Internationalization/icudt64l/region/kk.res" 1582
"../../../Engine/Content/Internationalization/icudt64l/lang/kkj.res" 1583
"../../../Engine/Content/Internationalization/icudt64l/region/kkj.res" 1584
"../../../Engine/Content/Internationalization/icudt64l/lang/kl.res" 1585
"../../../Engine/Content/Internationalization/icudt64l/region/kl.res" 1586
"../../../Engine/Content/Internationalization/icudt64l/lang/kln.res" 1587
"../../../Engine/Content/Internationalization/icudt64l/region/kln.res" 1588
"../../../Engine/Content/Internationalization/icudt64l/lang/km.res" 1589
"../../../Engine/Content/Internationalization/icudt64l/region/km.res" 1590
"../../../Engine/Content/Internationalization/icudt64l/lang/kn.res" 1591
"../../../Engine/Content/Internationalization/icudt64l/region/kn.res" 1592
"../../../Engine/Content/Internationalization/icudt64l/lang/ko.res" 1593
"../../../Engine/Content/Internationalization/icudt64l/region/ko_KP.res" 1594
"../../../Engine/Content/Internationalization/icudt64l/region/ko.res" 1595
"../../../Engine/Content/Internationalization/icudt64l/lang/kok.res" 1596
"../../../Engine/Content/Internationalization/icudt64l/region/kok.res" 1597
"../../../Engine/Content/Internationalization/icudt64l/lang/ks.res" 1598
"../../../Engine/Content/Internationalization/icudt64l/region/ks.res" 1599
"../../../Engine/Content/Internationalization/icudt64l/lang/ksb.res" 1600
"../../../Engine/Content/Internationalization/icudt64l/region/ksb.res" 1601
"../../../Engine/Content/Internationalization/icudt64l/lang/ksf.res" 1602
"../../../Engine/Content/Internationalization/icudt64l/region/ksf.res" 1603
"../../../Engine/Content/Internationalization/icudt64l/lang/ksh.res" 1604
"../../../Engine/Content/Internationalization/icudt64l/region/ksh.res" 1605
"../../../Engine/Content/Internationalization/icudt64l/lang/ku.res" 1606
"../../../Engine/Content/Internationalization/icudt64l/region/ku.res" 1607
"../../../Engine/Content/Internationalization/icudt64l/lang/kw.res" 1608
"../../../Engine/Content/Internationalization/icudt64l/region/kw.res" 1609
"../../../Engine/Content/Internationalization/icudt64l/lang/ky.res" 1610
"../../../Engine/Content/Internationalization/icudt64l/region/ky.res" 1611
"../../../Engine/Content/Internationalization/icudt64l/lang/lag.res" 1612
"../../../Engine/Content/Internationalization/icudt64l/region/lag.res" 1613
"../../../Engine/Content/Internationalization/icudt64l/lang/lb.res" 1614
"../../../Engine/Content/Internationalization/icudt64l/region/lb.res" 1615
"../../../Engine/Content/Internationalization/icudt64l/lang/lg.res" 1616
"../../../Engine/Content/Internationalization/icudt64l/region/lg.res" 1617
"../../../Engine/Content/Internationalization/icudt64l/lang/lkt.res" 1618
"../../../Engine/Content/Internationalization/icudt64l/region/lkt.res" 1619
"../../../Engine/Content/Internationalization/icudt64l/lang/ln.res" 1620
"../../../Engine/Content/Internationalization/icudt64l/region/ln.res" 1621
"../../../Engine/Content/Internationalization/icudt64l/lang/lo.res" 1622
"../../../Engine/Content/Internationalization/icudt64l/region/lo.res" 1623
"../../../Engine/Content/Internationalization/icudt64l/lang/lrc.res" 1624
"../../../Engine/Content/Internationalization/icudt64l/region/lrc.res" 1625
"../../../Engine/Content/Internationalization/icudt64l/lang/lt.res" 1626
"../../../Engine/Content/Internationalization/icudt64l/region/lt.res" 1627
"../../../Engine/Content/Internationalization/icudt64l/lang/lu.res" 1628
"../../../Engine/Content/Internationalization/icudt64l/region/lu.res" 1629
"../../../Engine/Content/Internationalization/icudt64l/lang/luo.res" 1630
"../../../Engine/Content/Internationalization/icudt64l/region/luo.res" 1631
"../../../Engine/Content/Internationalization/icudt64l/lang/luy.res" 1632
"../../../Engine/Content/Internationalization/icudt64l/region/luy.res" 1633
"../../../Engine/Content/Internationalization/icudt64l/lang/lv.res" 1634
"../../../Engine/Content/Internationalization/icudt64l/region/lv.res" 1635
"../../../Engine/Content/Internationalization/icudt64l/lang/mas.res" 1636
"../../../Engine/Content/Internationalization/icudt64l/region/mas.res" 1637
"../../../Engine/Content/Internationalization/icudt64l/lang/mer.res" 1638
"../../../Engine/Content/Internationalization/icudt64l/region/mer.res" 1639
"../../../Engine/Content/Internationalization/icudt64l/lang/mfe.res" 1640
"../../../Engine/Content/Internationalization/icudt64l/region/mfe.res" 1641
"../../../Engine/Content/Internationalization/icudt64l/lang/mg.res" 1642
"../../../Engine/Content/Internationalization/icudt64l/region/mg.res" 1643
"../../../Engine/Content/Internationalization/icudt64l/lang/mgh.res" 1644
"../../../Engine/Content/Internationalization/icudt64l/region/mgh.res" 1645
"../../../Engine/Content/Internationalization/icudt64l/lang/mgo.res" 1646
"../../../Engine/Content/Internationalization/icudt64l/region/mgo.res" 1647
"../../../Engine/Content/Internationalization/icudt64l/lang/mi.res" 1648
"../../../Engine/Content/Internationalization/icudt64l/region/mi.res" 1649
"../../../Engine/Content/Internationalization/icudt64l/lang/mk.res" 1650
"../../../Engine/Content/Internationalization/icudt64l/region/mk.res" 1651
"../../../Engine/Content/Internationalization/icudt64l/lang/ml.res" 1652
"../../../Engine/Content/Internationalization/icudt64l/region/ml.res" 1653
"../../../Engine/Content/Internationalization/icudt64l/lang/mn.res" 1654
"../../../Engine/Content/Internationalization/icudt64l/region/mn.res" 1655
"../../../Engine/Content/Internationalization/icudt64l/lang/mr.res" 1656
"../../../Engine/Content/Internationalization/icudt64l/region/mr.res" 1657
"../../../Engine/Content/Internationalization/icudt64l/lang/ms.res" 1658
"../../../Engine/Content/Internationalization/icudt64l/region/ms.res" 1659
"../../../Engine/Content/Internationalization/icudt64l/lang/mt.res" 1660
"../../../Engine/Content/Internationalization/icudt64l/region/mt.res" 1661
"../../../Engine/Content/Internationalization/icudt64l/lang/mua.res" 1662
"../../../Engine/Content/Internationalization/icudt64l/region/mua.res" 1663
"../../../Engine/Content/Internationalization/icudt64l/lang/my.res" 1664
"../../../Engine/Content/Internationalization/icudt64l/region/my.res" 1665
"../../../Engine/Content/Internationalization/icudt64l/lang/mzn.res" 1666
"../../../Engine/Content/Internationalization/icudt64l/region/mzn.res" 1667
"../../../Engine/Content/Internationalization/icudt64l/lang/naq.res" 1668
"../../../Engine/Content/Internationalization/icudt64l/region/naq.res" 1669
"../../../Engine/Content/Internationalization/icudt64l/lang/nb.res" 1670
"../../../Engine/Content/Internationalization/icudt64l/lang/nb_NO.res" 1671
"../../../Engine/Content/Internationalization/icudt64l/region/nb_NO.res" 1672
"../../../Engine/Content/Internationalization/icudt64l/region/nb.res" 1673
"../../../Engine/Content/Internationalization/icudt64l/lang/nd.res" 1674
"../../../Engine/Content/Internationalization/icudt64l/region/nd.res" 1675
"../../../Engine/Content/Internationalization/icudt64l/lang/nds.res" 1676
"../../../Engine/Content/Internationalization/icudt64l/region/nds.res" 1677
"../../../Engine/Content/Internationalization/icudt64l/lang/ne.res" 1678
"../../../Engine/Content/Internationalization/icudt64l/region/ne.res" 1679
"../../../Engine/Content/Internationalization/icudt64l/lang/nl.res" 1680
"../../../Engine/Content/Internationalization/icudt64l/region/nl.res" 1681
"../../../Engine/Content/Internationalization/icudt64l/lang/nmg.res" 1682
"../../../Engine/Content/Internationalization/icudt64l/region/nmg.res" 1683
"../../../Engine/Content/Internationalization/icudt64l/lang/nn.res" 1684
"../../../Engine/Content/Internationalization/icudt64l/lang/nn_NO.res" 1685
"../../../Engine/Content/Internationalization/icudt64l/region/nn_NO.res" 1686
"../../../Engine/Content/Internationalization/icudt64l/region/nn.res" 1687
"../../../Engine/Content/Internationalization/icudt64l/lang/nnh.res" 1688
"../../../Engine/Content/Internationalization/icudt64l/region/nnh.res" 1689
"../../../Engine/Content/Internationalization/icudt64l/lang/nus.res" 1690
"../../../Engine/Content/Internationalization/icudt64l/region/nus.res" 1691
"../../../Engine/Content/Internationalization/icudt64l/lang/nyn.res" 1692
"../../../Engine/Content/Internationalization/icudt64l/region/nyn.res" 1693
"../../../Engine/Content/Internationalization/icudt64l/lang/om.res" 1694
"../../../Engine/Content/Internationalization/icudt64l/region/om.res" 1695
"../../../Engine/Content/Internationalization/icudt64l/lang/or.res" 1696
"../../../Engine/Content/Internationalization/icudt64l/region/or.res" 1697
"../../../Engine/Content/Internationalization/icudt64l/lang/os.res" 1698
"../../../Engine/Content/Internationalization/icudt64l/region/os.res" 1699
"../../../Engine/Content/Internationalization/icudt64l/lang/pa.res" 1700
"../../../Engine/Content/Internationalization/icudt64l/lang/pa_Arab.res" 1701
"../../../Engine/Content/Internationalization/icudt64l/lang/pa_PK.res" 1702
"../../../Engine/Content/Internationalization/icudt64l/lang/pa_Arab_PK.res" 1703
"../../../Engine/Content/Internationalization/icudt64l/region/pa_PK.res" 1704
"../../../Engine/Content/Internationalization/icudt64l/region/pa_Arab_PK.res" 1705
"../../../Engine/Content/Internationalization/icudt64l/region/pa_Arab.res" 1706
"../../../Engine/Content/Internationalization/icudt64l/lang/pa_Guru.res" 1707
"../../../Engine/Content/Internationalization/icudt64l/lang/pa_IN.res" 1708
"../../../Engine/Content/Internationalization/icudt64l/lang/pa_Guru_IN.res" 1709
"../../../Engine/Content/Internationalization/icudt64l/region/pa_IN.res" 1710
"../../../Engine/Content/Internationalization/icudt64l/region/pa_Guru_IN.res" 1711
"../../../Engine/Content/Internationalization/icudt64l/region/pa_Guru.res" 1712
"../../../Engine/Content/Internationalization/icudt64l/region/pa.res" 1713
"../../../Engine/Content/Internationalization/icudt64l/lang/pl.res" 1714
"../../../Engine/Content/Internationalization/icudt64l/region/pl.res" 1715
"../../../Engine/Content/Internationalization/icudt64l/lang/ps.res" 1716
"../../../Engine/Content/Internationalization/icudt64l/region/ps.res" 1717
"../../../Engine/Content/Internationalization/icudt64l/lang/ps_PK.res" 1718
"../../../Engine/Content/Internationalization/icudt64l/region/ps_PK.res" 1719
"../../../Engine/Content/Internationalization/icudt64l/lang/pt.res" 1720
"../../../Engine/Content/Internationalization/icudt64l/lang/pt_AO.res" 1721
"../../../Engine/Content/Internationalization/icudt64l/lang/pt_PT.res" 1722
"../../../Engine/Content/Internationalization/icudt64l/region/pt_AO.res" 1723
"../../../Engine/Content/Internationalization/icudt64l/region/pt_PT.res" 1724
"../../../Engine/Content/Internationalization/icudt64l/region/pt.res" 1725
"../../../Engine/Content/Internationalization/icudt64l/lang/pt_CH.res" 1726
"../../../Engine/Content/Internationalization/icudt64l/region/pt_CH.res" 1727
"../../../Engine/Content/Internationalization/icudt64l/lang/pt_CV.res" 1728
"../../../Engine/Content/Internationalization/icudt64l/region/pt_CV.res" 1729
"../../../Engine/Content/Internationalization/icudt64l/lang/pt_GQ.res" 1730
"../../../Engine/Content/Internationalization/icudt64l/region/pt_GQ.res" 1731
"../../../Engine/Content/Internationalization/icudt64l/lang/pt_GW.res" 1732
"../../../Engine/Content/Internationalization/icudt64l/region/pt_GW.res" 1733
"../../../Engine/Content/Internationalization/icudt64l/lang/pt_LU.res" 1734
"../../../Engine/Content/Internationalization/icudt64l/region/pt_LU.res" 1735
"../../../Engine/Content/Internationalization/icudt64l/lang/pt_MO.res" 1736
"../../../Engine/Content/Internationalization/icudt64l/region/pt_MO.res" 1737
"../../../Engine/Content/Internationalization/icudt64l/lang/pt_MZ.res" 1738
"../../../Engine/Content/Internationalization/icudt64l/region/pt_MZ.res" 1739
"../../../Engine/Content/Internationalization/icudt64l/lang/pt_ST.res" 1740
"../../../Engine/Content/Internationalization/icudt64l/region/pt_ST.res" 1741
"../../../Engine/Content/Internationalization/icudt64l/lang/pt_TL.res" 1742
"../../../Engine/Content/Internationalization/icudt64l/region/pt_TL.res" 1743
"../../../Engine/Content/Internationalization/icudt64l/lang/qu.res" 1744
"../../../Engine/Content/Internationalization/icudt64l/region/qu.res" 1745
"../../../Engine/Content/Internationalization/icudt64l/lang/rm.res" 1746
"../../../Engine/Content/Internationalization/icudt64l/region/rm.res" 1747
"../../../Engine/Content/Internationalization/icudt64l/lang/rn.res" 1748
"../../../Engine/Content/Internationalization/icudt64l/region/rn.res" 1749
"../../../Engine/Content/Internationalization/icudt64l/lang/ro.res" 1750
"../../../Engine/Content/Internationalization/icudt64l/lang/ro_MD.res" 1751
"../../../Engine/Content/Internationalization/icudt64l/region/ro_MD.res" 1752
"../../../Engine/Content/Internationalization/icudt64l/region/ro.res" 1753
"../../../Engine/Content/Internationalization/icudt64l/lang/rof.res" 1754
"../../../Engine/Content/Internationalization/icudt64l/region/rof.res" 1755
"../../../Engine/Content/Internationalization/icudt64l/lang/ru.res" 1756
"../../../Engine/Content/Internationalization/icudt64l/region/ru.res" 1757
"../../../Engine/Content/Internationalization/icudt64l/region/ru_UA.res" 1758
"../../../Engine/Content/Internationalization/icudt64l/lang/rw.res" 1759
"../../../Engine/Content/Internationalization/icudt64l/region/rw.res" 1760
"../../../Engine/Content/Internationalization/icudt64l/lang/rwk.res" 1761
"../../../Engine/Content/Internationalization/icudt64l/region/rwk.res" 1762
"../../../Engine/Content/Internationalization/icudt64l/lang/sah.res" 1763
"../../../Engine/Content/Internationalization/icudt64l/region/sah.res" 1764
"../../../Engine/Content/Internationalization/icudt64l/lang/saq.res" 1765
"../../../Engine/Content/Internationalization/icudt64l/region/saq.res" 1766
"../../../Engine/Content/Internationalization/icudt64l/lang/sbp.res" 1767
"../../../Engine/Content/Internationalization/icudt64l/region/sbp.res" 1768
"../../../Engine/Content/Internationalization/icudt64l/lang/sd.res" 1769
"../../../Engine/Content/Internationalization/icudt64l/region/sd.res" 1770
"../../../Engine/Content/Internationalization/icudt64l/lang/se.res" 1771
"../../../Engine/Content/Internationalization/icudt64l/lang/se_FI.res" 1772
"../../../Engine/Content/Internationalization/icudt64l/region/se_FI.res" 1773
"../../../Engine/Content/Internationalization/icudt64l/region/se.res" 1774
"../../../Engine/Content/Internationalization/icudt64l/lang/seh.res" 1775
"../../../Engine/Content/Internationalization/icudt64l/region/seh.res" 1776
"../../../Engine/Content/Internationalization/icudt64l/lang/ses.res" 1777
"../../../Engine/Content/Internationalization/icudt64l/region/ses.res" 1778
"../../../Engine/Content/Internationalization/icudt64l/lang/sg.res" 1779
"../../../Engine/Content/Internationalization/icudt64l/region/sg.res" 1780
"../../../Engine/Content/Internationalization/icudt64l/lang/shi.res" 1781
"../../../Engine/Content/Internationalization/icudt64l/lang/shi_Latn.res" 1782
"../../../Engine/Content/Internationalization/icudt64l/lang/shi_MA.res" 1783
"../../../Engine/Content/Internationalization/icudt64l/lang/shi_Tfng_MA.res" 1784
"../../../Engine/Content/Internationalization/icudt64l/lang/shi_Tfng.res" 1785
"../../../Engine/Content/Internationalization/icudt64l/region/shi_MA.res" 1786
"../../../Engine/Content/Internationalization/icudt64l/region/shi_Tfng_MA.res" 1787
"../../../Engine/Content/Internationalization/icudt64l/region/shi_Tfng.res" 1788
"../../../Engine/Content/Internationalization/icudt64l/region/shi.res" 1789
"../../../Engine/Content/Internationalization/icudt64l/region/shi_Latn.res" 1790
"../../../Engine/Content/Internationalization/icudt64l/lang/si.res" 1791
"../../../Engine/Content/Internationalization/icudt64l/region/si.res" 1792
"../../../Engine/Content/Internationalization/icudt64l/lang/sk.res" 1793
"../../../Engine/Content/Internationalization/icudt64l/region/sk.res" 1794
"../../../Engine/Content/Internationalization/icudt64l/lang/sl.res" 1795
"../../../Engine/Content/Internationalization/icudt64l/region/sl.res" 1796
"../../../Engine/Content/Internationalization/icudt64l/lang/smn.res" 1797
"../../../Engine/Content/Internationalization/icudt64l/region/smn.res" 1798
"../../../Engine/Content/Internationalization/icudt64l/lang/sn.res" 1799
"../../../Engine/Content/Internationalization/icudt64l/region/sn.res" 1800
"../../../Engine/Content/Internationalization/icudt64l/lang/so.res" 1801
"../../../Engine/Content/Internationalization/icudt64l/region/so.res" 1802
"../../../Engine/Content/Internationalization/icudt64l/lang/sq.res" 1803
"../../../Engine/Content/Internationalization/icudt64l/region/sq.res" 1804
"../../../Engine/Content/Internationalization/icudt64l/lang/sr.res" 1805
"../../../Engine/Content/Internationalization/icudt64l/lang/sr_Cyrl.res" 1806
"../../../Engine/Content/Internationalization/icudt64l/lang/sr_BA.res" 1807
"../../../Engine/Content/Internationalization/icudt64l/lang/sr_Cyrl_BA.res" 1808
"../../../Engine/Content/Internationalization/icudt64l/region/sr_BA.res" 1809
"../../../Engine/Content/Internationalization/icudt64l/region/sr_Cyrl_BA.res" 1810
"../../../Engine/Content/Internationalization/icudt64l/region/sr_Cyrl.res" 1811
"../../../Engine/Content/Internationalization/icudt64l/region/sr.res" 1812
"../../../Engine/Content/Internationalization/icudt64l/lang/sr_ME.res" 1813
"../../../Engine/Content/Internationalization/icudt64l/lang/sr_Latn_ME.res" 1814
"../../../Engine/Content/Internationalization/icudt64l/lang/sr_Latn.res" 1815
"../../../Engine/Content/Internationalization/icudt64l/region/sr_ME.res" 1816
"../../../Engine/Content/Internationalization/icudt64l/region/sr_Latn_ME.res" 1817
"../../../Engine/Content/Internationalization/icudt64l/region/sr_Latn.res" 1818
"../../../Engine/Content/Internationalization/icudt64l/lang/sr_Cyrl_ME.res" 1819
"../../../Engine/Content/Internationalization/icudt64l/region/sr_Cyrl_ME.res" 1820
"../../../Engine/Content/Internationalization/icudt64l/lang/sr_RS.res" 1821
"../../../Engine/Content/Internationalization/icudt64l/lang/sr_Cyrl_RS.res" 1822
"../../../Engine/Content/Internationalization/icudt64l/region/sr_RS.res" 1823
"../../../Engine/Content/Internationalization/icudt64l/region/sr_Cyrl_RS.res" 1824
"../../../Engine/Content/Internationalization/icudt64l/lang/sr_XK.res" 1825
"../../../Engine/Content/Internationalization/icudt64l/lang/sr_Cyrl_XK.res" 1826
"../../../Engine/Content/Internationalization/icudt64l/region/sr_XK.res" 1827
"../../../Engine/Content/Internationalization/icudt64l/region/sr_Cyrl_XK.res" 1828
"../../../Engine/Content/Internationalization/icudt64l/lang/sr_Latn_BA.res" 1829
"../../../Engine/Content/Internationalization/icudt64l/region/sr_Latn_BA.res" 1830
"../../../Engine/Content/Internationalization/icudt64l/lang/sr_Latn_RS.res" 1831
"../../../Engine/Content/Internationalization/icudt64l/region/sr_Latn_RS.res" 1832
"../../../Engine/Content/Internationalization/icudt64l/lang/sr_Latn_XK.res" 1833
"../../../Engine/Content/Internationalization/icudt64l/region/sr_Latn_XK.res" 1834
"../../../Engine/Content/Internationalization/icudt64l/lang/sv.res" 1835
"../../../Engine/Content/Internationalization/icudt64l/region/sv.res" 1836
"../../../Engine/Content/Internationalization/icudt64l/lang/sv_FI.res" 1837
"../../../Engine/Content/Internationalization/icudt64l/lang/sw.res" 1838
"../../../Engine/Content/Internationalization/icudt64l/lang/sw_CD.res" 1839
"../../../Engine/Content/Internationalization/icudt64l/region/sw_CD.res" 1840
"../../../Engine/Content/Internationalization/icudt64l/region/sw.res" 1841
"../../../Engine/Content/Internationalization/icudt64l/lang/sw_KE.res" 1842
"../../../Engine/Content/Internationalization/icudt64l/region/sw_KE.res" 1843
"../../../Engine/Content/Internationalization/icudt64l/lang/ta.res" 1844
"../../../Engine/Content/Internationalization/icudt64l/region/ta.res" 1845
"../../../Engine/Content/Internationalization/icudt64l/lang/te.res" 1846
"../../../Engine/Content/Internationalization/icudt64l/region/te.res" 1847
"../../../Engine/Content/Internationalization/icudt64l/lang/teo.res" 1848
"../../../Engine/Content/Internationalization/icudt64l/region/teo.res" 1849
"../../../Engine/Content/Internationalization/icudt64l/lang/tg.res" 1850
"../../../Engine/Content/Internationalization/icudt64l/region/tg.res" 1851
"../../../Engine/Content/Internationalization/icudt64l/lang/th.res" 1852
"../../../Engine/Content/Internationalization/icudt64l/lang/th_TH.res" 1853
"../../../Engine/Content/Internationalization/icudt64l/region/th_TH.res" 1854
"../../../Engine/Content/Internationalization/icudt64l/region/th.res" 1855
"../../../Engine/Content/Internationalization/icudt64l/lang/ti.res" 1856
"../../../Engine/Content/Internationalization/icudt64l/region/ti.res" 1857
"../../../Engine/Content/Internationalization/icudt64l/lang/tk.res" 1858
"../../../Engine/Content/Internationalization/icudt64l/region/tk.res" 1859
"../../../Engine/Content/Internationalization/icudt64l/lang/to.res" 1860
"../../../Engine/Content/Internationalization/icudt64l/region/to.res" 1861
"../../../Engine/Content/Internationalization/icudt64l/lang/tr.res" 1862
"../../../Engine/Content/Internationalization/icudt64l/region/tr.res" 1863
"../../../Engine/Content/Internationalization/icudt64l/lang/tt.res" 1864
"../../../Engine/Content/Internationalization/icudt64l/region/tt.res" 1865
"../../../Engine/Content/Internationalization/icudt64l/lang/twq.res" 1866
"../../../Engine/Content/Internationalization/icudt64l/region/twq.res" 1867
"../../../Engine/Content/Internationalization/icudt64l/lang/tzm.res" 1868
"../../../Engine/Content/Internationalization/icudt64l/region/tzm.res" 1869
"../../../Engine/Content/Internationalization/icudt64l/lang/ug.res" 1870
"../../../Engine/Content/Internationalization/icudt64l/region/ug.res" 1871
"../../../Engine/Content/Internationalization/icudt64l/lang/uk.res" 1872
"../../../Engine/Content/Internationalization/icudt64l/region/uk.res" 1873
"../../../Engine/Content/Internationalization/icudt64l/lang/ur.res" 1874
"../../../Engine/Content/Internationalization/icudt64l/lang/ur_IN.res" 1875
"../../../Engine/Content/Internationalization/icudt64l/region/ur_IN.res" 1876
"../../../Engine/Content/Internationalization/icudt64l/region/ur.res" 1877
"../../../Engine/Content/Internationalization/icudt64l/lang/uz.res" 1878
"../../../Engine/Content/Internationalization/icudt64l/lang/uz_Arab.res" 1879
"../../../Engine/Content/Internationalization/icudt64l/lang/uz_AF.res" 1880
"../../../Engine/Content/Internationalization/icudt64l/lang/uz_Arab_AF.res" 1881
"../../../Engine/Content/Internationalization/icudt64l/region/uz_AF.res" 1882
"../../../Engine/Content/Internationalization/icudt64l/region/uz_Arab_AF.res" 1883
"../../../Engine/Content/Internationalization/icudt64l/region/uz_Arab.res" 1884
"../../../Engine/Content/Internationalization/icudt64l/lang/uz_Cyrl.res" 1885
"../../../Engine/Content/Internationalization/icudt64l/lang/uz_UZ.res" 1886
"../../../Engine/Content/Internationalization/icudt64l/lang/uz_Latn_UZ.res" 1887
"../../../Engine/Content/Internationalization/icudt64l/lang/uz_Latn.res" 1888
"../../../Engine/Content/Internationalization/icudt64l/region/uz_UZ.res" 1889
"../../../Engine/Content/Internationalization/icudt64l/region/uz_Latn_UZ.res" 1890
"../../../Engine/Content/Internationalization/icudt64l/region/uz_Latn.res" 1891
"../../../Engine/Content/Internationalization/icudt64l/region/uz.res" 1892
"../../../Engine/Content/Internationalization/icudt64l/region/uz_Cyrl.res" 1893
"../../../Engine/Content/Internationalization/icudt64l/lang/vai.res" 1894
"../../../Engine/Content/Internationalization/icudt64l/lang/vai_Latn.res" 1895
"../../../Engine/Content/Internationalization/icudt64l/lang/vai_LR.res" 1896
"../../../Engine/Content/Internationalization/icudt64l/lang/vai_Vaii_LR.res" 1897
"../../../Engine/Content/Internationalization/icudt64l/lang/vai_Vaii.res" 1898
"../../../Engine/Content/Internationalization/icudt64l/region/vai_LR.res" 1899
"../../../Engine/Content/Internationalization/icudt64l/region/vai_Vaii_LR.res" 1900
"../../../Engine/Content/Internationalization/icudt64l/region/vai_Vaii.res" 1901
"../../../Engine/Content/Internationalization/icudt64l/region/vai.res" 1902
"../../../Engine/Content/Internationalization/icudt64l/region/vai_Latn.res" 1903
"../../../Engine/Content/Internationalization/icudt64l/lang/vi.res" 1904
"../../../Engine/Content/Internationalization/icudt64l/region/vi.res" 1905
"../../../Engine/Content/Internationalization/icudt64l/lang/vun.res" 1906
"../../../Engine/Content/Internationalization/icudt64l/region/vun.res" 1907
"../../../Engine/Content/Internationalization/icudt64l/lang/wae.res" 1908
"../../../Engine/Content/Internationalization/icudt64l/region/wae.res" 1909
"../../../Engine/Content/Internationalization/icudt64l/lang/wo.res" 1910
"../../../Engine/Content/Internationalization/icudt64l/region/wo.res" 1911
"../../../Engine/Content/Internationalization/icudt64l/lang/xh.res" 1912
"../../../Engine/Content/Internationalization/icudt64l/region/xh.res" 1913
"../../../Engine/Content/Internationalization/icudt64l/lang/xog.res" 1914
"../../../Engine/Content/Internationalization/icudt64l/region/xog.res" 1915
"../../../Engine/Content/Internationalization/icudt64l/lang/yav.res" 1916
"../../../Engine/Content/Internationalization/icudt64l/region/yav.res" 1917
"../../../Engine/Content/Internationalization/icudt64l/lang/yi.res" 1918
"../../../Engine/Content/Internationalization/icudt64l/region/yi.res" 1919
"../../../Engine/Content/Internationalization/icudt64l/lang/yo.res" 1920
"../../../Engine/Content/Internationalization/icudt64l/lang/yo_BJ.res" 1921
"../../../Engine/Content/Internationalization/icudt64l/region/yo_BJ.res" 1922
"../../../Engine/Content/Internationalization/icudt64l/region/yo.res" 1923
"../../../Engine/Content/Internationalization/icudt64l/lang/yue.res" 1924
"../../../Engine/Content/Internationalization/icudt64l/lang/yue_Hans.res" 1925
"../../../Engine/Content/Internationalization/icudt64l/lang/yue_CN.res" 1926
"../../../Engine/Content/Internationalization/icudt64l/lang/yue_Hans_CN.res" 1927
"../../../Engine/Content/Internationalization/icudt64l/region/yue_CN.res" 1928
"../../../Engine/Content/Internationalization/icudt64l/region/yue_Hans_CN.res" 1929
"../../../Engine/Content/Internationalization/icudt64l/region/yue_Hans.res" 1930
"../../../Engine/Content/Internationalization/icudt64l/lang/yue_Hant.res" 1931
"../../../Engine/Content/Internationalization/icudt64l/lang/yue_HK.res" 1932
"../../../Engine/Content/Internationalization/icudt64l/lang/yue_Hant_HK.res" 1933
"../../../Engine/Content/Internationalization/icudt64l/region/yue_HK.res" 1934
"../../../Engine/Content/Internationalization/icudt64l/region/yue_Hant_HK.res" 1935
"../../../Engine/Content/Internationalization/icudt64l/region/yue_Hant.res" 1936
"../../../Engine/Content/Internationalization/icudt64l/region/yue.res" 1937
"../../../Engine/Content/Internationalization/icudt64l/lang/zgh.res" 1938
"../../../Engine/Content/Internationalization/icudt64l/region/zgh.res" 1939
"../../../Engine/Content/Internationalization/icudt64l/lang/zh.res" 1940
"../../../Engine/Content/Internationalization/icudt64l/lang/zh_Hans.res" 1941
"../../../Engine/Content/Internationalization/icudt64l/lang/zh_CN.res" 1942
"../../../Engine/Content/Internationalization/icudt64l/lang/zh_Hans_CN.res" 1943
"../../../Engine/Content/Internationalization/icudt64l/region/zh_CN.res" 1944
"../../../Engine/Content/Internationalization/icudt64l/region/zh_Hans_CN.res" 1945
"../../../Engine/Content/Internationalization/icudt64l/region/zh_Hans.res" 1946
"../../../Engine/Content/Internationalization/icudt64l/region/zh.res" 1947
"../../../Engine/Content/Internationalization/icudt64l/lang/zh_HK.res" 1948
"../../../Engine/Content/Internationalization/icudt64l/lang/zh_Hant_HK.res" 1949
"../../../Engine/Content/Internationalization/icudt64l/lang/zh_Hant.res" 1950
"../../../Engine/Content/Internationalization/icudt64l/region/zh_HK.res" 1951
"../../../Engine/Content/Internationalization/icudt64l/region/zh_Hant_HK.res" 1952
"../../../Engine/Content/Internationalization/icudt64l/region/zh_Hant.res" 1953
"../../../Engine/Content/Internationalization/icudt64l/lang/zh_MO.res" 1954
"../../../Engine/Content/Internationalization/icudt64l/lang/zh_Hant_MO.res" 1955
"../../../Engine/Content/Internationalization/icudt64l/region/zh_MO.res" 1956
"../../../Engine/Content/Internationalization/icudt64l/region/zh_Hant_MO.res" 1957
"../../../Engine/Content/Internationalization/icudt64l/lang/zh_SG.res" 1958
"../../../Engine/Content/Internationalization/icudt64l/lang/zh_Hans_SG.res" 1959
"../../../Engine/Content/Internationalization/icudt64l/region/zh_SG.res" 1960
"../../../Engine/Content/Internationalization/icudt64l/region/zh_Hans_SG.res" 1961
"../../../Engine/Content/Internationalization/icudt64l/lang/zh_TW.res" 1962
"../../../Engine/Content/Internationalization/icudt64l/lang/zh_Hant_TW.res" 1963
"../../../Engine/Content/Internationalization/icudt64l/region/zh_TW.res" 1964
"../../../Engine/Content/Internationalization/icudt64l/region/zh_Hant_TW.res" 1965
"../../../Engine/Content/Internationalization/icudt64l/lang/zu.res" 1966
"../../../Engine/Content/Internationalization/icudt64l/region/zu.res" 1967
"../../../Engine/Content/Internationalization/icudt64l/lang/no.res" 1968
"../../../Engine/Content/Internationalization/icudt64l/lang/tl.res" 1969
"../../../Engine/Config/Android/DataDrivenPlatformInfo.ini" 1970
"../../../Engine/Config/IOS/DataDrivenPlatformInfo.ini" 1971
"../../../Engine/Config/Linux/DataDrivenPlatformInfo.ini" 1972
"../../../Engine/Config/Mac/DataDrivenPlatformInfo.ini" 1973
"../../../Engine/Config/TVOS/DataDrivenPlatformInfo.ini" 1974
"../../../Engine/Config/Unix/DataDrivenPlatformInfo.ini" 1975
"../../../Engine/Config/VulkanPC/DataDrivenPlatformInfo.ini" 1976
"../../../Engine/Config/Windows/DataDrivenPlatformInfo.ini" 1977
"../../../Engine/Platforms/VisionOS/Config/DataDrivenPlatformInfo.ini" 1978
"../../../Engine/Content/Renderer/TessellationTable.bin" 1979
"../../../Engine/DerivedDataCache/Compressed.ddp" 1980
"C:/Users/xingh/AppData/Local/UnrealEngine/5.6/Saved/Zen/zen.version" 1981
"C:/Users/xingh/AppData/Local/UnrealEngine/Common/Zen/Install/zen.version" 1982
"C:/Users/xingh/AppData/Local/UnrealEngine/Common/Zen/Install/zenserver.runcontext" 1983
"C:/Users/xingh/AppData/Local/UnrealEngine/Common/DerivedDataCache/TestData/0/TestData_4kb.dat" 1984
"C:/Users/xingh/AppData/Local/UnrealEngine/Common/DerivedDataCache/TestData/1/TestData_4kb.dat" 1985
"C:/Users/xingh/AppData/Local/UnrealEngine/Common/DerivedDataCache/TestData/0/TestData_8kb.dat" 1986
"C:/Users/xingh/AppData/Local/UnrealEngine/Common/DerivedDataCache/TestData/1/TestData_8kb.dat" 1987
"C:/Users/xingh/AppData/Local/UnrealEngine/Common/DerivedDataCache/TestData/0/TestData_16kb.dat" 1988
"C:/Users/xingh/AppData/Local/UnrealEngine/Common/DerivedDataCache/TestData/1/TestData_16kb.dat" 1989
"C:/Users/xingh/AppData/Local/UnrealEngine/Common/DerivedDataCache/TestData/0/TestData_64kb.dat" 1990
"C:/Users/xingh/AppData/Local/UnrealEngine/Common/DerivedDataCache/TestData/1/TestData_64kb.dat" 1991
"C:/Users/xingh/AppData/Local/UnrealEngine/Common/DerivedDataCache/TestData/0/TestData_128kb.dat" 1992
"C:/Users/xingh/AppData/Local/UnrealEngine/Common/DerivedDataCache/TestData/1/TestData_128kb.dat" 1993
"C:/Users/xingh/AppData/Local/UnrealEngine/Common/DerivedDataCache/TestData/0/TestData_256kb.dat" 1994
"C:/Users/xingh/AppData/Local/UnrealEngine/Common/DerivedDataCache/TestData/1/TestData_256kb.dat" 1995
"C:/Users/xingh/AppData/Roaming/Unreal Engine/UnrealBuildTool/BuildConfiguration.xml" 1996
"../../../../../../Users/xingh/Desktop/VR/KurumaIsu/Intermediate/ShaderAutogen/PCD3D_SM6/AutogenShaderHeaders.ush" 1997
"../../../Engine/Shaders/Private/HairStrands/HairStrandsVertexFactory.ush" 1998
"../../../Engine/Shaders/Private/VertexFactoryCommon.ush" 1999
"../../../Engine/Shaders/Private/Common.ush" 2000
"../../../Engine/Shaders/Public/Platform.ush" 2001
"../../../Engine/Shaders/Public/FP16Math.ush" 2002
"../../../Engine/Shaders/Public/Platform/D3D/D3DCommon.ush" 2003
"../../../Engine/Shaders/Shared/HLSLReservedSpaces.h" 2004
"../../../Engine/Shaders/Public/BindlessResources.ush" 2005
"../../../Engine/Shaders/Public/Platform/D3D/PlatformBindlessResources.ush" 2006
"../../../Engine/Shaders/Shared/RayTracingBuiltInResources.h" 2007
"../../../Engine/Shaders/Shared/RayTracingDefinitions.h" 2008
"../../../Engine/Shaders/Public/OverloadMacros.ush" 2009
"../../../Engine/Shaders/Public/ShaderVersion.ush" 2010
"../../../Engine/Shaders/Shared/ThirdParty/NVIDIA/nvHLSLExtns.h" 2011
"../../../Engine/Shaders/Shared/ThirdParty/NVIDIA/nvHLSLExtnsInternal.h" 2012
"../../../Engine/Shaders/Shared/ThirdParty/NVIDIA/nvShaderExtnEnums.h" 2013
"../../../Engine/Shaders/Private/PackUnpack.ush" 2014
"../../../Engine/Shaders/Private/GeneratedUniformBufferTypes.ush" 2015
"../../../Engine/Shaders/Private/Nanite/NanitePackedNaniteView.ush" 2016
"../../../Engine/Shaders/Private/HairStrands/HairStrandsVisibilityCommonStruct.ush" 2017
"../../../Engine/Shaders/Private/HairStrands/HairStrandsVoxelPageCommonStruct.ush" 2018
"../../../Engine/Shaders/Private/HairStrands/HairStrandsDeepShadowCommonStruct.ush" 2019
"../../../Engine/Shaders/Shared/LightSceneData.h" 2020
"../../../Engine/Shaders/Shared/HLSLTypeAliases.h" 2021
"../../../Engine/Shaders/Private/LargeWorldCoordinates.ush" 2022
"../../../Engine/Shaders/Private/DoubleFloat.ush" 2023
"../../../Engine/Shaders/Private/RandomPCG.ush" 2024
"../../../Engine/Shaders/Private/DoubleFloatOperations.ush" 2025
"../../../Engine/Shaders/Private/DoubleFloatVectorDefinition.ush" 2026
"../../../Engine/Shaders/Private/LWCOperations.ush" 2027
"../../../Engine/Shaders/Shared/LightViewData.h" 2028
"../../../Engine/Shaders/Shared/RayTracingTypes.h" 2029
"../../../Engine/Shaders/Shared/HLSLStaticAssert.h" 2030
"../../../Engine/Shaders/Private/CommonViewUniformBuffer.ush" 2031
"../../../Engine/Shaders/Private/InstancedStereo.ush" 2032
"../../../Engine/Shaders/Private/Definitions.usf" 2033
"../../../Engine/Shaders/Private/AssertionMacros.ush" 2034
"../../../Engine/Shaders/Private/FastMath.ush" 2035
"../../../Engine/Shaders/Private/FastMathThirdParty.ush" 2036
"../../../Engine/Shaders/Private/Random.ush" 2037
"../../../Engine/Shaders/Private/RandomInterleavedGradientNoise.ush" 2038
"../../../Engine/Shaders/Private/SceneData.ush" 2039
"../../../Engine/Shaders/Private/OctahedralCommon.ush" 2040
"../../../Engine/Shaders/Private/WaveOpUtil.ush" 2041
"../../../Engine/Shaders/Private/ByteBuffer.ush" 2042
"../../../Engine/Shaders/Shared/SceneDefinitions.h" 2043
"../../../Engine/Shaders/Private/SceneDataMobileLoader.ush" 2044
"../../../Engine/Shaders/Private/LocalVertexFactoryCommon.ush" 2045
"../../../Engine/Shaders/Private/HairStrands/HairStrandsVisibilityCommon.ush" 2046
"../../../Engine/Shaders/Shared/HairStrandsDefinitions.h" 2047
"../../../Engine/Shaders/Private/HairStrands/HairStrandsVertexFactoryCommon.ush" 2048
"../../../Engine/Shaders/Private/HairStrands/HairStrandsPack.ush" 2049
"../../../Engine/Shaders/Private/HairStrands/HairStrandsAttributeCommon.ush" 2050
"../../../Engine/Shaders/Private/HairStrands/HairStrandsAttributeTemplate.ush" 2051
"../../../Engine/Shaders/Private/VertexFactoryDefaultInterface.ush" 2052
"../../../Engine/Shaders/Private/HairStrands/HairCardsVertexFactory.ush" 2053
"../../../Engine/Shaders/Private/HairStrands/HairCardsAttributeCommon.ush" 2054
"../../../Engine/Shaders/Private/RayTracing/RayTracingCommon.ush" 2055
"../../../Engine/Shaders/Private/ShadingCommon.ush" 2056
"../../../Engine/Shaders/Shared/RayTracingPayloadType.h" 2057
"../../../Engine/Shaders/Private/RayTracing/RayTracingRayCone.ush" 2058
"../../../Engine/Shaders/Private/Substrate/Substrate.ush" 2059
"../../../Engine/Shaders/Private/ShadingEnergyConservation.ush" 2060
"../../../Engine/Shaders/Private/ShadingEnergyConservationTemplate.ush" 2061
"../../../Engine/Shaders/Private/BRDF.ush" 2062
"../../../Engine/Shaders/Private/ColorSpace.ush" 2063
"../../../Engine/Shaders/Private/DeferredShadingCommon.ush" 2064
"../../../Engine/Shaders/Private/LightAccumulator.ush" 2065
"../../../Engine/Shaders/Private/SceneTexturesCommon.ush" 2066
"../../../Engine/Shaders/Private/MonteCarlo.ush" 2067
"../../../Engine/Shaders/Private/GBufferHelpers.ush" 2068
"../../../Engine/Shaders/Private/SceneTextureParameters.ush" 2069
"C:/Users/xingh/Desktop/VR/KurumaIsu/Intermediate/ShaderAutogen/PCD3D_SM6/AutogenShaderHeaders.ush" 2070
"../../../Engine/Shaders/Private/ParticipatingMediaCommon.ush" 2071
"../../../Engine/Shaders/Private/ThinFilmBSDF.ush" 2072
"../../../Engine/Shaders/Private/MortonCode.ush" 2073
"../../../Engine/Shaders/Private/SubsurfaceProfileCommon.ush" 2074
"../../../Engine/Shaders/Private/BurleyNormalizedSSSCommon.ush" 2075
"../../../Engine/Shaders/Private/GammaCorrectionCommon.ush" 2076
"../../../Engine/Shaders/Shared/SubstrateDefinitions.h" 2077
"../../../Engine/Shaders/Private/Substrate/SubstrateStatisticalOperators.ush" 2078
"../../../Engine/Shaders/Private/Substrate/SubstrateSubsurface.ush" 2079
"../../../Engine/Shaders/Private/TransmissionCommon.ush" 2080
"../../../Engine/Shaders/Private/Substrate/SubstrateExportCommon.ush" 2081
"../../../Engine/Shaders/Private/SpecularProfileCommon.ush" 2082
"../../../Engine/Shaders/Private/RayTracing/RayTracingCommonMetal.ush" 2083
"../../../Engine/Shaders/Private/PositionReconstructionCommon.ush" 2084
"../../../Engine/Shaders/Private/RayTracing/TraceRayInline.ush" 2085
"../../../Engine/Shaders/Private/RayTracing/TraceRayInlineCommon.ush" 2086
"../../../Engine/Shaders/Private/RayTracing/TraceRayInlineVulkan.ush" 2087
"../../../Engine/Shaders/Private/RayTracing/TraceRayInlineMetal.ush" 2088
"../../../Engine/Shaders/Private/RayTracing/TraceRayInlineD3D12.ush" 2089
"../../../Engine/Shaders/Private/RayTracing/RayTracingHitGroupCommon.ush" 2090
"../../../Engine/Shaders/Private/Nanite/NaniteRayTrace.ush" 2091
"../../../Engine/Shaders/Private/Nanite/NaniteDataDecode.ush" 2092
"../../../Engine/Shaders/Private/BitPacking.ush" 2093
"../../../Engine/Shaders/Private/BitStreamReaderImplementation.ush" 2094
"../../../Engine/Shaders/Private/BoneTransform.ush" 2095
"../../../Engine/Shaders/Private/Quaternion.ush" 2096
"../../../Engine/Shaders/Shared/NaniteDefinitions.h" 2097
"../../../Engine/Shaders/Shared/SkinningDefinitions.h" 2098
"../../../Engine/Shaders/Private/Nanite/NaniteAttributeDecode.ush" 2099
"../../../Engine/Shaders/Private/Barycentrics.ush" 2100
"../../../Engine/Shaders/Private/DualNumber.ush" 2101
"../../../Engine/Shaders/Shared/ThirdParty/RayTriangleIntersection.h" 2102
"../../../Engine/Shaders/Private/Nanite/NaniteVertexFetch.ush" 2103
"../../../Engine/Shaders/Private/Nanite/NaniteSceneCommon.ush" 2104
"../../../Engine/Plugins/FX/Niagara/Shaders/Private/NiagaraSpriteVertexFactory.ush" 2105
"../../../Engine/Shaders/Private/ParticleVertexFactoryCommon.ush" 2106
"../../../Engine/Plugins/FX/Niagara/Shaders/Private/NiagaraVFCommon.usf" 2107
"../../../Engine/Plugins/FX/Niagara/Shaders/Private/NiagaraVFParticleAccess.usf" 2108
"../../../Engine/Plugins/FX/Niagara/Shaders/Private/NiagaraParticleAccess.ush" 2109
"../../../Engine/Plugins/FX/Niagara/Shaders/Private/NiagaraRibbonVertexFactory.ush" 2110
"../../../Engine/Plugins/FX/Niagara/Shaders/Private/NiagaraMeshVertexFactory.ush" 2111
"../../../Engine/Plugins/FX/Niagara/Shaders/Private/NiagaraCommon.ush" 2112
"../../../Engine/Plugins/FX/Niagara/Shaders/Private/NiagaraMeshParticleUtils.ush" 2113
"../../../Engine/Shaders/Private/VectorFieldVisualizationVertexFactory.ush" 2114
"../../../Engine/Shaders/Private/Nanite/NaniteVertexFactory.ush" 2115
"../../../Engine/Shaders/Private/LightmapData.ush" 2116
"../../../Engine/Shaders/Private/SplineMeshCommon.ush" 2117
"../../../Engine/Shaders/Shared/SplineMeshShaderParams.h" 2118
"../../../Engine/Shaders/Private/ShaderPrint.ush" 2119
"../../../Engine/Shaders/Private/ShaderPrintCommon.ush" 2120
"../../../Engine/Shaders/Private/MiniFontCommon.ush" 2121
"../../../Engine/Shaders/Private/MaterialCache/MaterialCacheCommon.ush" 2122
"../../../Engine/Shaders/Shared/MaterialCacheDefinitions.h" 2123
"../../../Engine/Shaders/Private/Nanite/NaniteVertexDeformation.ush" 2124
"../../../Engine/Shaders/Private/ViewData.ush" 2125
"../../../Engine/Shaders/Shared/ViewDefinitions.h" 2126
"../../../Engine/Shaders/Private/Matrices.ush" 2127
"../../../Engine/Shaders/Private/ParticleSpriteVertexFactory.ush" 2128
"../../../Engine/Shaders/Private/ParticleGPUSpriteVertexFactory.ush" 2129
"../../../Engine/Shaders/Private/ParticleSimulationCommon.ush" 2130
"../../../Engine/Shaders/Private/ParticleBeamTrailVertexFactory.ush" 2131
"../../../Engine/Shaders/Private/MeshParticleVertexFactory.ush" 2132
"../../../Engine/Shaders/Private/LocalVertexFactory.ush" 2133
"../../../Engine/Shaders/Private/GpuSkinCommon.ush" 2134
"../../../Engine/Shaders/Private/GpuSkinVertexFactory.ush" 2135
"../../../Engine/Shaders/Private/GeometryCollectionVertexFactory.ush" 2136
"../../../Engine/Shaders/Private/GeometryCacheVertexFactory.ush" 2137
"../../../Engine/Shaders/Private/LandscapeVertexFactory.ush" 2138
"../../../Engine/Plugins/Experimental/Compositing/CompositeCore/Shaders/Private/CompositeCoreMerge.usf" 2139
"../../../Engine/Shaders/Private/ScreenPass.ush" 2140
"../../../Engine/Shaders/Private/LensDistortion.ush" 2141
"../../../Engine/Plugins/Experimental/Compositing/CompositeCore/Shaders/Private/CompositeCoreDisplayTransform.usf" 2142
"../../../Engine/Plugins/Experimental/Compositing/CompositeCore/Shaders/Private/CompositeCoreDilate.usf" 2143
"../../../Engine/Plugins/Media/WmfMedia/Shaders/Private/MediaHardwareVideoDecoding.usf" 2144
"../../../Engine/Shaders/Private/ColorUtils.ush" 2145
"../../../Engine/Plugins/Media/ImgMedia/Shaders/Private/ExrSwizzler.usf" 2146
"../../../Engine/Plugins/Enterprise/GLTFExporter/Shaders/Private/SimpleTexture2DPS.usf" 2147
"../../../Engine/Shaders/Private/SimpleElementNormalMapPixelShader.usf" 2148
"../../../Engine/Shaders/Private/DisplayMappingPixelShader.usf" 2149
"../../../Engine/Shaders/Private/TonemapCommon.ush" 2150
"../../../Engine/Shaders/Private/ACES/ACESCommon.ush" 2151
"../../../Engine/Shaders/Private/ACES/ACESOutputTransform.ush" 2152
"../../../Engine/Shaders/Private/ACES/ACESUtilities.ush" 2153
"../../../Engine/Shaders/Private/ACES/ACESTonescale.ush" 2154
"../../../Engine/Shaders/Private/ACES/ACESDisplayEncoding.ush" 2155
"../../../Engine/Shaders/Private/ACES/ACES_v1.3.ush" 2156
"../../../Engine/Plugins/Runtime/HairStrands/Shaders/Private/NiagaraCopyVelocityGrid.usf" 2157
"../../../Engine/Plugins/Runtime/HairStrands/Shaders/Private/NiagaraClearVelocityGrid.usf" 2158
"../../../Engine/Plugins/Runtime/HairStrands/Shaders/Private/NiagaraClearPressureGrid.usf" 2159
"../../../Engine/Plugins/Runtime/HairStrands/Shaders/Private/NiagaraInterpolateGroomGuides.usf" 2160
"../../../Engine/Plugins/Runtime/HairStrands/Shaders/Private/NiagaraGroomInterpolationUtils.ush" 2161
"../../../Engine/Plugins/FX/Niagara/Shaders/Private/NiagaraQuaternionUtils.ush" 2162
"../../../Engine/Shaders/Private/HairStrands/HairStrandsMesh.usf" 2163
"../../../Engine/Shaders/Private/HairStrands/HairStrandsBindingCommon.ush" 2164
"../../../Engine/Shaders/Private/HairStrands/HairStrandsFollicleMask.usf" 2165
"../../../Engine/Shaders/Private/HairStrands/HairStrandsSkinUpdate.usf" 2166
"../../../Engine/Shaders/Private/HairStrands/HairStrandsClusterCulling.usf" 2167
"../../../Engine/Shaders/Private/ColorMap.ush" 2168
"../../../Engine/Shaders/Private/HairStrands/HairStrandsAABBCommon.ush" 2169
"../../../Engine/Shaders/Private/HairStrands/HairStrandsClusterCommon.ush" 2170
"../../../Engine/Shaders/Private/ThreadGroupPrefixSum.ush" 2171
"../../../Engine/Shaders/Private/HairStrands/HairStrandsRaytracingGeometry.usf" 2172
"../../../Engine/Shaders/Private/HairStrands/HairStrandsTangent.usf" 2173
"../../../Engine/Shaders/Private/HairStrands/HairCardsDeformation.usf" 2174
"../../../Engine/Shaders/Private/HairStrands/HairStrandsInterpolation.usf" 2175
"../../../Engine/Shaders/Private/HairStrands/HairStrandsGuideDeform.usf" 2176
"../../../Engine/Shaders/Private/HairStrands/HairStrandsTexturesGeneration.usf" 2177
"../../../Engine/Shaders/Private/HairStrands/HairCardsTextureCommon.ush" 2178
"../../../Engine/Shaders/Private/HairStrands/HairStrandsTranscode.usf" 2179
"../../../Engine/Shaders/Private/HairStrands/HairStrandsDebug.usf" 2180
"../../../Engine/Shaders/Private/HairShadingCommon.ush" 2181
"../../../Engine/Shaders/Private/PostProcessCommon.ush" 2182
"../../../Engine/Shaders/Private/ShadingModels.ush" 2183
"../../../Engine/Shaders/Private/CapsuleLight.ush" 2184
"../../../Engine/Shaders/Private/RectLight.ush" 2185
"../../../Engine/Shaders/Private/LightData.ush" 2186
"../../../Engine/Shaders/Shared/LightDefinitions.h" 2187
"../../../Engine/Shaders/Private/AreaLightCommon.ush" 2188
"../../../Engine/Shaders/Private/HairBsdf.ush" 2189
"../../../Engine/Shaders/Private/MobileGGX.ush" 2190
"../../../Engine/Shaders/Private/HairStrands/HairStrandsCommon.ush" 2191
"../../../Engine/Shaders/Private/HairStrands/HairStrandsEnvironmentLightingCommon.ush" 2192
"../../../Engine/Shaders/Private/HairStrands/HairStrandsDeepTransmittanceCommon.ush" 2193
"../../../Engine/Shaders/Private/HairStrands/HairStrandsDeepTransmittanceDualScattering.ush" 2194
"../../../Engine/Shaders/Private/HairStrands/HairStrandsDeepShadowCommon.ush" 2195
"../../../Engine/Shaders/Private/HairStrands/HairStrandsDebugCommonStruct.ush" 2196
"../../../Engine/Plugins/FX/Niagara/Shaders/Private/NiagaraVertexFactoryExport.usf" 2197
"../../../Engine/Shaders/Private/ComputeShaderUtils.ush" 2198
"../../../Engine/Shaders/Private/MaterialTemplate.ush" 2199
"../../../Engine/Shaders/Private/WorldSpaceMath.ush" 2200
"../../../Engine/Shaders/Private/EyeAdaptationCommon.ush" 2201
"../../../Engine/Shaders/Private/SobolRandom.ush" 2202
"../../../Engine/Shaders/Private/DepthOfFieldCommon.ush" 2203
"../../../Engine/Shaders/Private/CircleDOFCommon.ush" 2204
"../../../Engine/Shaders/Private/DistanceField/GlobalDistanceFieldShared.ush" 2205
"../../../Engine/Shaders/Private/PhysicsFieldSampler.ush" 2206
"../../../Engine/Shaders/Private/PhysicsFieldShared.ush" 2207
"../../../Engine/Shaders/Private/SparseVolumeTexture/SparseVolumeTextureCommon.ush" 2208
"../../../Engine/Shaders/Shared/EnvironmentComponentsFlags.h" 2209
"../../../Engine/Shaders/Private/MeshPaintTextureCommon.ush" 2210
"../../../Engine/Shaders/Private/VirtualTextureMaterial.ush" 2211
"../../../Engine/Shaders/Private/MaterialCache/MaterialCacheMaterialCommon.ush" 2212
"../../../Engine/Shaders/Private/MaterialCache/MaterialCacheABuffer.ush" 2213
"../../../Engine/Shaders/Private/SpeedTreeCommon.ush" 2214
"../../../Engine/Shaders/Private/VirtualTextureCommon.ush" 2215
"../../../Engine/Shaders/Private/MaterialTexture.ush" 2216
"../../../Engine/Shaders/Private/MinMaterialTexCoords.ush" 2217
"../../../Engine/Shaders/Private/SkyAtmosphereCommon.ush" 2218
"../../../Engine/Shaders/Private/SingleLayerWaterCommon.ush" 2219
"../../../Engine/Shaders/Private/TextureSampling.ush" 2220
"../../../Engine/Shaders/Private/PaniniProjection.ush" 2221
"../../../Engine/Shaders/Private/DBufferNormalReprojection.ush" 2222
"../../../Engine/Shaders/Public/SubstratePublic.ush" 2223
"../../../Engine/Shaders/Private/Substrate/SubstrateTree.ush" 2224
"../../../Engine/Shaders/Private/Substrate/SubstrateEvaluation.ush" 2225
"../../../Engine/Shaders/Private/Substrate/Glint/GlintThirdParty.ush" 2226
"../../../Engine/Shaders/Private/BlueNoise.ush" 2227
"../../../Engine/Shaders/Private/SHCommon.ush" 2228
"../../../Engine/Shaders/Private/ShadingModelsSampling.ush" 2229
"../../../Engine/Shaders/Private/HairStrands/HairBsdfSample.ush" 2230
"../../../Engine/Shaders/Private/Substrate/SubstrateLegacyConversion.ush" 2231
"../../../Engine/Shaders/Private/DBufferDecalShared.ush" 2232
"../../../Engine/Plugins/FX/Niagara/Shaders/Private/NiagaraSortKeyGen.usf" 2233
"../../../Engine/Plugins/FX/Niagara/Shaders/Private/NiagaraGPURayTracingTransforms.usf" 2234
"../../../Engine/Plugins/FX/Niagara/Shaders/Private/NiagaraDrawIndirectArgsGen.usf" 2235
"../../../Engine/Plugins/FX/Niagara/Shaders/Private/NiagaraDispatchIndirectArgsGen.usf" 2236
"../../../Engine/Plugins/FX/Niagara/Shaders/Private/Stateless/NiagaraStatelessSimulationDefault.usf" 2237
"../../../Engine/Plugins/FX/Niagara/Shaders/Private/Stateless/NiagaraStatelessSimulationTemplate.ush" 2238
"../../../Engine/Plugins/FX/Niagara/Shaders/Private/Stateless/NiagaraStatelessCommon.ush" 2239
"../../../Engine/Plugins/FX/Niagara/Shaders/Shared/NiagaraStatelessDefinitions.h" 2240
"../../../Engine/Plugins/FX/Niagara/Shaders/Shared/NiagaraStatelessBuiltDistribution.h" 2241
"../../../Engine/Plugins/FX/Niagara/Shaders/Private/Stateless/NiagaraStatelessDistribution.ush" 2242
"../../../Engine/Plugins/FX/Niagara/Shaders/Private/Stateless/Modules/NiagaraStatelessModule_CalculateAccurateVelocity.ush" 2243
"../../../Engine/Plugins/FX/Niagara/Shaders/Private/Stateless/Modules/NiagaraStatelessModule_CameraOffset.ush" 2244
"../../../Engine/Plugins/FX/Niagara/Shaders/Private/Stateless/Modules/NiagaraStatelessModule_DynamicMaterialParameters.ush" 2245
"../../../Engine/Plugins/FX/Niagara/Shaders/Private/Stateless/Modules/NiagaraStatelessModule_InitializeParticle.ush" 2246
"../../../Engine/Plugins/FX/Niagara/Shaders/Private/Stateless/Modules/NiagaraStatelessModule_InitialMeshOrientation.ush" 2247
"../../../Engine/Plugins/FX/Niagara/Shaders/Private/Stateless/Modules/NiagaraStatelessModule_MeshIndex.ush" 2248
"../../../Engine/Plugins/FX/Niagara/Shaders/Private/Stateless/Modules/NiagaraStatelessModule_MeshRotationRate.ush" 2249
"../../../Engine/Plugins/FX/Niagara/Shaders/Private/Stateless/Modules/NiagaraStatelessModule_RotateAroundPoint.ush" 2250
"../../../Engine/Plugins/FX/Niagara/Shaders/Private/Stateless/Modules/NiagaraStatelessModule_ShapeLocation.ush" 2251
"../../../Engine/Plugins/FX/Niagara/Shaders/Private/Stateless/Modules/NiagaraStatelessModule_ScaleColor.ush" 2252
"../../../Engine/Plugins/FX/Niagara/Shaders/Private/Stateless/Modules/NiagaraStatelessModule_ScaleRibbonWidth.ush" 2253
"../../../Engine/Plugins/FX/Niagara/Shaders/Private/Stateless/Modules/NiagaraStatelessModule_ScaleSpriteSize.ush" 2254
"../../../Engine/Plugins/FX/Niagara/Shaders/Private/Stateless/Modules/NiagaraStatelessModule_ScaleSpriteSizeBySpeed.ush" 2255
"../../../Engine/Plugins/FX/Niagara/Shaders/Private/Stateless/Modules/NiagaraStatelessModule_ScaleMeshSize.ush" 2256
"../../../Engine/Plugins/FX/Niagara/Shaders/Private/Stateless/Modules/NiagaraStatelessModule_ScaleMeshSizebySpeed.ush" 2257
"../../../Engine/Plugins/FX/Niagara/Shaders/Private/Stateless/Modules/NiagaraStatelessModule_SolveVelocitiesAndForces.ush" 2258
"../../../Engine/Plugins/FX/Niagara/Shaders/Private/Stateless/Modules/NiagaraStatelessModule_SpriteFacingAndAlignment.ush" 2259
"../../../Engine/Plugins/FX/Niagara/Shaders/Private/Stateless/Modules/NiagaraStatelessModule_SpriteRotationRate.ush" 2260
"../../../Engine/Plugins/FX/Niagara/Shaders/Private/Stateless/Modules/NiagaraStatelessModule_SubUVAnimation.ush" 2261
"../../../Engine/Plugins/FX/Niagara/Shaders/Private/NiagaraBlendSVTsToDenseBuffer.usf" 2262
"../../../Engine/Plugins/FX/Niagara/Shaders/Private/NiagaraSVTToDenseBuffer.usf" 2263
"../../../Engine/Plugins/FX/Niagara/Shaders/Private/NiagaraFillIntBuffer.usf" 2264
"../../../Engine/Plugins/FX/Niagara/Shaders/Private/NiagaraComputeFreeIDs.usf" 2265
"../../../Engine/Plugins/FX/Niagara/Shaders/Private/NiagaraInitFreeIDBuffer.usf" 2266
"../../../Engine/Plugins/FX/Niagara/Shaders/Private/NiagaraEmitterInstanceShader.usf" 2267
"../../../Engine/Plugins/FX/Niagara/Shaders/Private/NiagaraShaderVersion.ush" 2268
"../../../Engine/Plugins/FX/Niagara/Shaders/Private/NiagaraPhysicsCommon.ush" 2269
"../../../Engine/Plugins/FX/Niagara/Shaders/Private/Ribbons/NiagaraRibbonAggregationApply.usf" 2270
"../../../Engine/Plugins/FX/Niagara/Shaders/Private/Ribbons/NiagaraRibbonCommon.ush" 2271
"../../../Engine/Plugins/FX/Niagara/Shaders/Private/Ribbons/NiagaraRibbonAggregationStep.usf" 2272
"../../../Engine/Plugins/FX/Niagara/Shaders/Private/Ribbons/NiagaraRibbonGenerateIndices.usf" 2273
"../../../Engine/Plugins/FX/Niagara/Shaders/Private/Ribbons/NiagaraRibbonInitializeIndices.usf" 2274
"../../../Engine/Plugins/FX/Niagara/Shaders/Private/Ribbons/NiagaraRibbonRibbonUVParamCalculation.usf" 2275
"../../../Engine/Plugins/FX/Niagara/Shaders/Private/Ribbons/NiagaraRibbonVertexReductionFinalization.usf" 2276
"../../../Engine/Plugins/FX/Niagara/Shaders/Private/Ribbons/NiagaraRibbonVertexReductionInitialization.usf" 2277
"../../../Engine/Plugins/FX/Niagara/Shaders/Private/Ribbons/NiagaraRibbonSortParticles.usf" 2278
"../../../Engine/Plugins/FX/Niagara/Shaders/Private/NiagaraLWCHelper.usf" 2279
"../../../Engine/Plugins/FX/Niagara/Shaders/Private/NiagaraUpdateMeshGPUSceneInstances.usf" 2280
"../../../Engine/Shaders/Private/GPUScene/GPUSceneWriter.ush" 2281
"../../../Engine/Plugins/FX/Niagara/Shaders/Private/NiagaraGenerateMips.usf" 2282
"../../../Engine/Plugins/FX/Niagara/Shaders/Private/NiagaraDebugDraw.usf" 2283
"../../../Engine/Plugins/FX/Niagara/Shaders/Private/NiagaraDebugDraw.ush" 2284
"../../../Engine/Plugins/FX/Niagara/Shaders/Private/NiagaraVisualizeTexture.usf" 2285
"../../../Engine/Plugins/FX/Niagara/Shaders/Private/NiagaraClearCounts.usf" 2286
"../../../Engine/Plugins/FX/Niagara/Shaders/Private/NiagaraBatchedElements.usf" 2287
"../../../Engine/Plugins/FX/Niagara/Shaders/Private/NiagaraRayTracingShaders.usf" 2288
"../../../Engine/Plugins/FX/Niagara/Shaders/Private/NiagaraAsyncGpuTraceCommon.ush" 2289
"../../../Engine/Shaders/Private/HashTable.ush" 2290
"../../../Engine/Shaders/Private/Hash.ush" 2291
"../../../Engine/Shaders/Private/RayTracing/VFXTraceRay.ush" 2292
"../../../Engine/Plugins/FX/Niagara/Shaders/Private/NiagaraRayMarchingShaders.usf" 2293
"../../../Engine/Plugins/FX/Niagara/Shaders/Private/NiagaraRayTraceCollisionGroupShaders.usf" 2294
"../../../Engine/Plugins/FX/Niagara/Shaders/Private/NiagaraAsyncGpuTraceUtils.usf" 2295
"../../../Engine/Plugins/Runtime/ComputeFramework/Shaders/Private/ComputeKernel.usf" 2296
"../../../Engine/Plugins/Runtime/ComputeFramework/Shaders/Private/ComputeKernelCommon.ush" 2297
"../../../Engine/Plugins/VirtualProduction/CameraCalibrationCore/Shaders/Private/CrosshairOverlay.usf" 2298
"../../../Engine/Plugins/VirtualProduction/CameraCalibrationCore/Shaders/Private/DisplacementMapBlending.usf" 2299
"../../../Engine/Plugins/VirtualProduction/CameraCalibrationCore/Shaders/Private/RecenterSTDisplacementMaps.usf" 2300
"../../../Engine/Plugins/VirtualProduction/CameraCalibrationCore/Shaders/Private/FillSTDisplacementMap.usf" 2301
"../../../Engine/Plugins/VirtualProduction/CameraCalibrationCore/Shaders/Private/InvertDisplacementMap.usf" 2302
"../../../Engine/Plugins/VirtualProduction/CameraCalibrationCore/Shaders/Private/CropDisplacementMap.usf" 2303
"../../../Engine/Plugins/VirtualProduction/CameraCalibrationCore/Shaders/Private/BlendDisplacementMaps.usf" 2304
"../../../Engine/Plugins/VirtualProduction/CameraCalibrationCore/Shaders/Private/DrawDisplacementMaps.usf" 2305
"../../../Engine/Plugins/VirtualProduction/CameraCalibrationCore/Shaders/Private/UndistortImagePoints.usf" 2306
"../../../Engine/Plugins/VirtualProduction/CameraCalibrationCore/Shaders/Private/DistortionSTMapProcessor.usf" 2307
"../../../Engine/Plugins/NNE/NNEDenoiser/Shaders/NNEDenoiserShadersTransferFunctionOidn.usf" 2308
"../../../Engine/Plugins/NNE/NNEDenoiser/Shaders/NNEDenoiserShadersMappedCopy.usf" 2309
"../../../Engine/Plugins/NNE/NNEDenoiser/Shaders/NNEDenoiserShadersDefaultIOProcess.usf" 2310
"../../../Engine/Plugins/NNE/NNEDenoiser/Shaders/NNEDenoiserShadersAutoExposureReduceFinal.usf" 2311
"../../../Engine/Plugins/NNE/NNEDenoiser/Shaders/NNEDenoiserShadersAutoExposureReduce.usf" 2312
"../../../Engine/Plugins/NNE/NNEDenoiser/Shaders/NNEDenoiserShadersAutoExposureDownsample.usf" 2313
"../../../Engine/Plugins/Experimental/NFORDenoise/Shaders/NFORDenoise.usf" 2314
"../../../Engine/Plugins/Experimental/NFORDenoise/Shaders/NFORRegressionCommon.ush" 2315
"../../../Engine/Plugins/Experimental/NFORDenoise/Shaders/NFORRegression.ush" 2316
"../../../Engine/Shaders/Private/VirtualTextureAdapter.usf" 2317
"../../../Engine/Shaders/Private/BlockCompressionCommon.ush" 2318
"../../../Engine/Shaders/Private/BCCompressionCommon.ush" 2319
"../../../Engine/Shaders/Private/TranslucentLightingShaders.usf" 2320
"../../../Engine/Shaders/Private/CubemapCommon.ush" 2321
"../../../Engine/Shaders/Private/VectorFieldCompositeShaders.usf" 2322
"../../../Engine/Shaders/Private/UpdateTextureShaders.usf" 2323
"../../../Engine/Shaders/Private/StereoLayerShader.usf" 2324
"../../../Engine/Shaders/Private/SparseVolumeTexture/UpdateSparseVolumeTexture.usf" 2325
"../../../Engine/Shaders/Private/MorphTargets.usf" 2326
"../../../Engine/Shaders/Private/SimpleElementColorChannelMaskPixelShader.usf" 2327
"../../../Engine/Shaders/Private/SimpleElementHitProxyPixelShader.usf" 2328
"../../../Engine/Shaders/Private/SimpleElementPixelShader.usf" 2329
"../../../Engine/Shaders/Private/IESLightProfilesCommon.ush" 2330
"../../../Engine/Shaders/Private/SimpleElementVertexShader.usf" 2331
"../../../Engine/Shaders/Private/ScreenPixelShaderOES.usf" 2332
"../../../Engine/Shaders/Private/ScreenVertexShader.usf" 2333
"../../../Engine/Shaders/Private/ScreenPixelShader.usf" 2334
"../../../Engine/Shaders/Private/SSProfilePreIntegratedMobile.usf" 2335
"../../../Engine/Shaders/Private/SpecularProfile.usf" 2336
"../../../Engine/Shaders/Private/Nanite/NaniteStreaming.usf" 2337
"../../../Engine/Shaders/Private/Nanite/NaniteStreaming.ush" 2338
"../../../Engine/Shaders/Private/Nanite/NaniteTranscode.usf" 2339
"../../../Engine/Shaders/Private/VolumetricLightmapStreaming.usf" 2340
"../../../Engine/Shaders/Private/PhysicsFieldReset.usf" 2341
"../../../Engine/Shaders/Private/PhysicsFieldBuilder.usf" 2342
"../../../Engine/Shaders/Private/PhysicsFieldEval.ush" 2343
"../../../Engine/Shaders/Private/ParticleSortKeyGen.usf" 2344
"../../../Engine/Shaders/Private/ParticleBoundsShader.usf" 2345
"../../../Engine/Shaders/Private/ParticleSimVisualizeShader.usf" 2346
"../../../Engine/Shaders/Private/ParticleInjectionShader.usf" 2347
"../../../Engine/Shaders/Private/ParticleSimulationShader.usf" 2348
"../../../Engine/Shaders/Private/ParticleCurveInjectionShader.usf" 2349
"../../../Engine/Shaders/Private/CopyUIntBuffer.usf" 2350
"../../../Engine/Shaders/Private/RadixSortShaders.usf" 2351
"../../../Engine/Shaders/Private/RecomputeTangentsPerVertexPass.usf" 2352
"../../../Engine/Shaders/Private/RecomputeTangentsCommon.ush" 2353
"../../../Engine/Shaders/Private/RecomputeTangentsPerTrianglePass.usf" 2354
"../../../Engine/Shaders/Private/GpuSkinCacheComputeShader.usf" 2355
"../../../Engine/Shaders/Private/HeightFieldAtlasManagement.usf" 2356
"../../../Engine/Shaders/Private/Landscape/LandscapeEditLayersUtils.usf" 2357
"../../../Engine/Shaders/Private/Landscape/LandscapeCommon.ush" 2358
"../../../Engine/Shaders/Private/Landscape/LandscapeEditLayersWeightmaps.usf" 2359
"../../../Engine/Shaders/Private/Landscape/LandscapeEditLayersHeightmaps.usf" 2360
"../../../Engine/Shaders/Private/Landscape/LandscapeLayersWeightmapsPS.usf" 2361
"../../../Engine/Shaders/Private/Landscape/LandscapeLayersHeightmapsPS.usf" 2362
"../../../Engine/Shaders/Private/LandscapeLayersCS.usf" 2363
"../../../Engine/Shaders/Private/LandscapeLayersPS.usf" 2364
"../../../Engine/Shaders/Private/LandscapeLayersVS.usf" 2365
"../../../Engine/Shaders/Private/LandscapePhysicalMaterial.usf" 2366
"../../../Engine/Shaders/Private/LandscapeGrassWeight.usf" 2367
"../../../Engine/Shaders/Private/Landscape/LandscapeCulling.usf" 2368
"../../../Engine/Shaders/Private/Nanite/NaniteHZBCull.ush" 2369
"../../../Engine/Shaders/Private/HZB.ush" 2370
"../../../Engine/Shaders/Private/Landscape/LandscapeMergeTexturesPS.usf" 2371
"../../../Engine/Shaders/Private/WideCustomResolveShaders.usf" 2372
"../../../Engine/Shaders/Private/WideCustomResolve_Wide.ush" 2373
"../../../Engine/Shaders/Private/WideCustomResolve_Wider.ush" 2374
"../../../Engine/Shaders/Private/WideCustomResolve_Widest.ush" 2375
"../../../Engine/Shaders/Private/WaterInfoTextureBlur.usf" 2376
"../../../Engine/Shaders/Private/WaterInfoTextureMerge.usf" 2377
"../../../Engine/Shaders/Private/PageTableUpdate.usf" 2378
"../../../Engine/Shaders/Private/VirtualTextureCompress.usf" 2379
"../../../Engine/Shaders/Private/ASTCCompressionCommon.ush" 2380
"../../../Engine/Shaders/Private/IntegerSequenceEncoding.ush" 2381
"../../../Engine/Shaders/Private/ETCCompressionCommon.ush" 2382
"../../../Engine/Shaders/Private/VirtualTextureMaterial.usf" 2383
"../../../Engine/Shaders/Private/PixelShaderOutputCommon.ush" 2384
"../../../Engine/Shaders/Private/ShaderOutputCommon.ush" 2385
"../../../Engine/Shaders/Private/VolumetricRenderTarget.usf" 2386
"../../../Engine/Shaders/Private/HeightFogCommon.ush" 2387
"../../../Engine/Shaders/Private/LocalFogVolumes/LocalFogVolumeCommon.ush" 2388
"../../../Engine/Shaders/Private/ReflectionEnvironmentShared.ush" 2389
"../../../Engine/Shaders/Private/VolumetricFogVoxelization.usf" 2390
"../../../Engine/Shaders/Private/VolumetricCloudMaterialPixelCommon.ush" 2391
"../../../Engine/Shaders/Private/VolumetricFogLightFunction.usf" 2392
"../../../Engine/Shaders/Private/LightFunctionCommon.ush" 2393
"../../../Engine/Shaders/Private/VolumetricFog.usf" 2394
"../../../Engine/Shaders/Private/DeferredLightingCommon.ush" 2395
"../../../Engine/Shaders/Private/DynamicLightingCommon.ush" 2396
"../../../Engine/Shaders/Private/CapsuleLightIntegrate.ush" 2397
"../../../Engine/Shaders/Private/CapsuleLightSampling.ush" 2398
"../../../Engine/Shaders/Private/RectLightIntegrate.ush" 2399
"../../../Engine/Shaders/Private/ScreenSpaceShadowRayCast.ush" 2400
"../../../Engine/Shaders/Private/LightFunctionAtlas/LightFunctionAtlasCommon.usf" 2401
"../../../Engine/Shaders/Private/HeterogeneousVolumes/HeterogeneousVolumesAdaptiveVolumetricShadowMapSampling.ush" 2402
"../../../Engine/Shaders/Private/HeterogeneousVolumes/HeterogeneousVolumesAdaptiveVolumetricShadowMapUtils.ush" 2403
"../../../Engine/Shaders/Private/HeterogeneousVolumes/HeterogeneousVolumesRayMarchingUtils.ush" 2404
"../../../Engine/Shaders/Private/HeterogeneousVolumes/HeterogeneousVolumesRayMarchingTypes.ush" 2405
"../../../Engine/Shaders/Private/PathTracing/Utilities/PathTracingRandomSequence.ush" 2406
"../../../Engine/Shaders/Private/HeterogeneousVolumes/HeterogeneousVolumesTracingUtils.ush" 2407
"../../../Engine/Shaders/Private/VelocityCommon.ush" 2408
"../../../Engine/Shaders/Private/HeterogeneousVolumes/HeterogeneousVolumesTransmittanceVolumeUtils.ush" 2409
"../../../Engine/Shaders/Private/ForwardShadowingCommon.ush" 2410
"../../../Engine/Shaders/Private/ShadowFilteringCommon.ush" 2411
"../../../Engine/Shaders/Private/PixelQuadMessagePassing.ush" 2412
"../../../Engine/Shaders/Private/VolumeLightingCommon.ush" 2413
"../../../Engine/Shaders/Private/ShadowProjectionCommon.ush" 2414
"../../../Engine/Shaders/Private/VolumeLightingCommonSampling.ush" 2415
"../../../Engine/Shaders/Private/Lumen/LumenTranslucencyVolumeShared.ush" 2416
"../../../Engine/Shaders/Private/Lumen/LumenRadianceCacheInterpolation.ush" 2417
"../../../Engine/Shaders/Private/HeterogeneousVolumes/HeterogeneousVolumesAdaptiveVolumetricShadowMapSampler.ush" 2418
"../../../Engine/Shaders/Private/LightGridCommon.ush" 2419
"../../../Engine/Shaders/Private/DistanceFieldAOShared.ush" 2420
"../../../Engine/Shaders/Private/IntersectionUtils.ush" 2421
"../../../Engine/Shaders/Private/VolumetricLightmapShared.ush" 2422
"../../../Engine/Shaders/Private/LightDataUniforms.ush" 2423
"../../../Engine/Shaders/Private/VirtualShadowMaps/VirtualShadowMapProjectionCommon.ush" 2424
"../../../Engine/Shaders/Private/VirtualShadowMaps/VirtualShadowMapPageAccessCommon.ush" 2425
"../../../Engine/Shaders/Shared/VirtualShadowMapDefinitions.h" 2426
"../../../Engine/Shaders/Shared/HLSLMathAliases.h" 2427
"../../../Engine/Shaders/Private/VirtualShadowMaps/VirtualShadowMapProjectionStructs.ush" 2428
"../../../Engine/Shaders/Private/VolumetricCloudCommon.ush" 2429
"../../../Engine/Shaders/Private/VolumetricCloud.usf" 2430
"../../../Engine/Shaders/Private/VisualizeVolumetricLightmap.usf" 2431
"../../../Engine/Shaders/Private/VirtualShadowMaps/VirtualShadowMapProjectionComposite.usf" 2432
"../../../Engine/Shaders/Private/LightShaderParameters.ush" 2433
"../../../Engine/Shaders/Private/VirtualShadowMaps/VirtualShadowMapMaskBitsCommon.ush" 2434
"../../../Engine/Shaders/Private/VirtualShadowMaps/VirtualShadowMapLightGrid.ush" 2435
"../../../Engine/Shaders/Private/VirtualShadowMaps/VirtualShadowMapProjection.usf" 2436
"../../../Engine/Shaders/Private/Visualization.ush" 2437
"../../../Engine/Shaders/Private/VirtualShadowMaps/VirtualShadowMapProjectionFilter.ush" 2438
"../../../Engine/Shaders/Private/VirtualShadowMaps/VirtualShadowMapProjectionDirectional.ush" 2439
"../../../Engine/Shaders/Private/VirtualShadowMaps/VirtualShadowMapSMRTCommon.ush" 2440
"../../../Engine/Shaders/Private/VirtualShadowMaps/VirtualShadowMapSMRTTemplate.ush" 2441
"../../../Engine/Shaders/Private/VirtualShadowMaps/VirtualShadowMapProjectionSpot.ush" 2442
"../../../Engine/Shaders/Private/VirtualShadowMaps/VirtualShadowMapTransmissionCommon.ush" 2443
"../../../Engine/Shaders/Private/VirtualShadowMaps/VirtualShadowMapScreenRayTrace.ush" 2444
"../../../Engine/Shaders/Private/VirtualShadowMaps/VirtualShadowMapStats.ush" 2445
"../../../Engine/Shaders/Private/HairStrands/HairStrandsVoxelPageCommon.ush" 2446
"../../../Engine/Shaders/Private/HairStrands/HairStrandsVoxelPageTraversal.ush" 2447
"../../../Engine/Shaders/Private/VirtualShadowMaps/VirtualShadowMapCacheGPUInvalidation.usf" 2448
"../../../Engine/Shaders/Private/VirtualShadowMaps/VirtualShadowMapPageCacheCommon.ush" 2449
"../../../Engine/Shaders/Private/VirtualShadowMaps/VirtualShadowMapCacheInvalidation.ush" 2450
"../../../Engine/Shaders/Private/VirtualShadowMaps/VirtualShadowMapPageOverlap.ush" 2451
"../../../Engine/Shaders/Private/ScreenSpaceDenoise/SSDDefinitions.ush" 2452
"../../../Engine/Shaders/Private/InstanceCulling/InstanceCullingLoadBalancer.ush" 2453
"../../../Engine/Shaders/Private/VirtualShadowMaps/VirtualShadowMapCacheLoadBalancer.usf" 2454
"../../../Engine/Shaders/Private/VirtualShadowMaps/VirtualShadowMapCopyStats.usf" 2455
"../../../Engine/Shaders/Private/VirtualShadowMaps/VirtualShadowMapDebug.usf" 2456
"../../../Engine/Shaders/Private/VirtualShadowMaps/Desaturate.usf" 2457
"../../../Engine/Shaders/Private/VirtualShadowMaps/VirtualShadowMapPhysicalPageManagement.usf" 2458
"../../../Engine/Shaders/Private/ReductionCommon.ush" 2459
"../../../Engine/Shaders/Private/GPUMessaging.ush" 2460
"../../../Engine/Shaders/Private/VirtualShadowMaps/VirtualShadowMapPerPageDispatch.ush" 2461
"../../../Engine/Shaders/Private/VirtualShadowMaps/VirtualShadowMapCompactViews.usf" 2462
"../../../Engine/Shaders/Shared/SceneCullingDefinitions.h" 2463
"../../../Engine/Shaders/Private/VirtualShadowMaps/VirtualShadowMapBuildPerPageDrawCommands.usf" 2464
"../../../Engine/Shaders/Private/Nanite/NaniteCullingCommon.ush" 2465
"../../../Engine/Shaders/Private/Nanite/NaniteCulling.ush" 2466
"../../../Engine/Shaders/Private/Nanite/NaniteHierarchyTraversalCommon.ush" 2467
"../../../Engine/Shaders/Private/InstanceCulling/InstanceCullingCommon.ush" 2468
"../../../Engine/Shaders/Shared/InstanceCullingDefinitions.h" 2469
"../../../Engine/Shaders/Private/VirtualShadowMaps/VirtualShadowMapPrintStats.usf" 2470
"../../../Engine/Shaders/Private/VirtualShadowMaps/VirtualShadowMapPageManagement.usf" 2471
"../../../Engine/Shaders/Private/VirtualShadowMaps/VirtualShadowMapPageMarking.usf" 2472
"../../../Engine/Shaders/Shared/SingleLayerWaterDefinitions.h" 2473
"../../../Engine/Shaders/Private/HairStrands/HairStrandsTileCommon.ush" 2474
"../../../Engine/Shaders/Private/Froxel/Froxel.ush" 2475
"../../../Engine/Shaders/Shared/FroxelDefinitions.h" 2476
"../../../Engine/Shaders/Private/DiaphragmDOF/DOFCommon.ush" 2477
"../../../Engine/Shaders/Private/VariableRateShading/VRSShadingRatePreview.usf" 2478
"../../../Engine/Shaders/Private/VariableRateShading/VRSShadingRateCommon.ush" 2479
"../../../Engine/Shaders/Private/VariableRateShading/VRSShadingRateCombine.usf" 2480
"../../../Engine/Shaders/Private/VariableRateShading/VRSShadingRateFoveated.usf" 2481
"../../../Engine/Shaders/Private/VariableRateShading/VRSShadingRateReproject.usf" 2482
"../../../Engine/Shaders/Private/VariableRateShading/VRSShadingRateCalculate.usf" 2483
"../../../Engine/Shaders/Private/TranslucencyUpsampling.usf" 2484
"../../../Engine/Shaders/Private/ComposeSeparateTranslucency.usf" 2485
"../../../Engine/Shaders/Private/SeparateTranslucency.ush" 2486
"../../../Engine/Shaders/Private/TranslucentLightInjectionShaders.usf" 2487
"../../../Engine/Shaders/Private/TranslucentShadowDepthShaders.usf" 2488
"../../../Engine/Shaders/Private/ShadowDepthCommon.ush" 2489
"../../../Engine/Shaders/Private/RayTracing/RayTracingTest.usf" 2490
"../../../Engine/Shaders/Private/PostprocessSubsurfaceTile.usf" 2491
"../../../Engine/Shaders/Private/PostProcessSubsurfaceCommon.ush" 2492
"../../../Engine/Shaders/Private/Substrate/SubstrateVisualize.usf" 2493
"../../../Engine/Shaders/Private/Substrate/SubstrateTile.ush" 2494
"../../../Engine/Shaders/Shared/SubstrateVisualizeDefinitions.h" 2495
"../../../Engine/Shaders/Private/Substrate/SubstrateVisualizeCommon.ush" 2496
"../../../Engine/Shaders/Private/SkyLightingDiffuseShared.ush" 2497
"../../../Engine/Shaders/Private/SkyLightingShared.ush" 2498
"../../../Engine/Shaders/Private/ClearCoatCommon.ush" 2499
"../../../Engine/Shaders/Private/ReflectionEnvironmentComposite.ush" 2500
"../../../Engine/Shaders/Private/Substrate/SubstrateLightingCommon.ush" 2501
"../../../Engine/Shaders/Private/Substrate/SubstrateRoughRefraction.usf" 2502
"../../../Engine/Shaders/Private/PathTracing/Material/PathTracingFresnel.ush" 2503
"../../../Engine/Shaders/Private/PathTracing/Material/PathTracingGlossy.ush" 2504
"../../../Engine/Shaders/Private/Substrate/SubstrateMaterialSampling.usf" 2505
"../../../Engine/Shaders/Private/Substrate/SubstrateMaterialSampling.ush" 2506
"../../../Engine/Shaders/Private/Lumen/LumenPosition.ush" 2507
"../../../Engine/Shaders/Private/Substrate/SubstrateTile.usf" 2508
"../../../Engine/Shaders/Private/Substrate/SubstrateMaterialClassification.usf" 2509
"../../../Engine/Shaders/Private/Substrate/SubstrateDBuffer.usf" 2510
"../../../Engine/Shaders/Private/StochasticLighting/StochasticLightingDenoising.usf" 2511
"../../../Engine/Shaders/Private/Lumen/LumenMaterial.ush" 2512
"../../../Engine/Shaders/Private/StochasticLighting/StochasticLightingCommon.ush" 2513
"../../../Engine/Shaders/Private/SplineMeshSceneTexture.usf" 2514
"../../../Engine/Shaders/Private/SparseVolumeTexture/VisualizeSparseVolumeTexture.usf" 2515
"../../../Engine/Shaders/Private/SkyAtmosphere.usf" 2516
"../../../Engine/Shaders/Private/Skinning/SkinnedMeshDebug.usf" 2517
"../../../Engine/Shaders/Private/Skinning/AnimBankEval.usf" 2518
"../../../Engine/Shaders/Private/SingleLayerWaterComposite.usf" 2519
"../../../Engine/Shaders/Private/Froxel/FroxelBuild.ush" 2520
"../../../Engine/Shaders/Private/SingleLayerWaterRefractionCulling.usf" 2521
"../../../Engine/Shaders/Private/ScreenSpaceShadows.usf" 2522
"../../../Engine/Shaders/Private/bend_sss_gpu.ush" 2523
"../../../Engine/Shaders/Private/ShadowFactorsUpsampleCommon.ush" 2524
"../../../Engine/Shaders/Private/FirstPersonSelfShadow.usf" 2525
"../../../Engine/Shaders/Private/HZBTracing.ush" 2526
"../../../Engine/Shaders/Private/ShadowProjectionVertexShader.usf" 2527
"../../../Engine/Shaders/Private/ShadowProjectionPixelShader.usf" 2528
"../../../Engine/Shaders/Private/MobileLightingCommon.ush" 2529
"../../../Engine/Shaders/Private/PlanarReflectionShared.ush" 2530
"../../../Engine/Shaders/Private/MobileSSR.ush" 2531
"../../../Engine/Shaders/Private/SSRT/SSRTRayCast.ush" 2532
"../../../Engine/Shaders/Private/ShadowPercentageCloserFiltering.ush" 2533
"../../../Engine/Shaders/Private/TransmissionThickness.ush" 2534
"../../../Engine/Shaders/Private/CopyShadowMaps.usf" 2535
"../../../Engine/Shaders/Private/ShadowDepthPixelShader.usf" 2536
"../../../Engine/Shaders/Private/ShadowDepthVertexShader.usf" 2537
"../../../Engine/Shaders/Private/ShadingEnergyConservationTable.usf" 2538
"../../../Engine/Shaders/Shared/PathTracingDefinitions.h" 2539
"../../../Engine/Shaders/Private/ShadingFurnaceTest.usf" 2540
"../../../Engine/Shaders/Private/Substrate/SubstrateDeferredLighting.ush" 2541
"../../../Engine/Shaders/Private/ShaderPrintDraw.usf" 2542
"../../../Engine/Shaders/Private/ShaderPrintDrawPrimitive.usf" 2543
"../../../Engine/Shaders/Private/DefaultSSRTiles.usf" 2544
"../../../Engine/Shaders/Private/ScreenSpaceReflectionTileCommons.ush" 2545
"../../../Engine/Shaders/Private/SSRT/SSRTDiffuseIndirect.usf" 2546
"../../../Engine/Shaders/Private/SSRT/SSRTTileClassificationBuffer.ush" 2547
"../../../Engine/Shaders/Private/SSRT/SSRTReflections.usf" 2548
"../../../Engine/Shaders/Private/ScreenSpaceDenoise/SSDPublic.ush" 2549
"../../../Engine/Shaders/Private/SSRT/SSRTTileClassification.usf" 2550
"../../../Engine/Shaders/Private/SSRT/SSRTPrevFrameReduction.usf" 2551
"../../../Engine/Shaders/Private/ScreenSpaceDenoise/SSDComposeHarmonics.usf" 2552
"../../../Engine/Shaders/Private/ScreenSpaceDenoise/SSDPublicHarmonics.ush" 2553
"../../../Engine/Shaders/Private/ScreenSpaceDenoise/SSDSignalFramework.ush" 2554
"../../../Engine/Shaders/Private/ScreenSpaceDenoise/SSDCommon.ush" 2555
"../../../Engine/Shaders/Private/SphericalGaussian.ush" 2556
"../../../Engine/Shaders/Public/WaveBroadcastIntrinsics.ush" 2557
"../../../Engine/Shaders/Private/ScreenSpaceDenoise/SSDMetadata.ush" 2558
"../../../Engine/Shaders/Private/ScreenSpaceDenoise/SSDSignalCore.ush" 2559
"../../../Engine/Shaders/Private/ScreenSpaceDenoise/DenoisingCommon.ush" 2560
"../../../Engine/Shaders/Private/ScreenSpaceDenoise/SSDSignalArray.ush" 2561
"../../../Engine/Shaders/Private/ScreenSpaceDenoise/SSDSignalBufferEncoding.ush" 2562
"../../../Engine/Shaders/Private/ScreenSpaceDenoise/SSDPublicBufferEncoding.ush" 2563
"../../../Engine/Shaders/Private/Lumen/LumenBufferEncoding.ush" 2564
"../../../Engine/Shaders/Private/ScreenSpaceDenoise/SSDTemporalAccumulation.usf" 2565
"../../../Engine/Shaders/Private/ScreenSpaceDenoise/SSDSpatialKernel.ush" 2566
"../../../Engine/Shaders/Private/ScreenSpaceDenoise/SSDSignalAccumulatorArray.ush" 2567
"../../../Engine/Shaders/Private/ScreenSpaceDenoise/SSDSignalAccumulator.ush" 2568
"../../../Engine/Shaders/Private/ScreenSpaceDenoise/SSDSignalCompression.ush" 2569
"../../../Engine/Shaders/Private/ScreenSpaceDenoise/SSDSpatialAccumulation.usf" 2570
"../../../Engine/Shaders/Private/ScreenSpaceDenoise/SSDInjest.usf" 2571
"../../../Engine/Shaders/Private/ScreenSpaceDenoise/SSDCompressMetadata.usf" 2572
"../../../Engine/Shaders/Private/DownsampleDepthPixelShader.usf" 2573
"../../../Engine/Shaders/Private/ScreenPass.usf" 2574
"../../../Engine/Shaders/Private/HZB.usf" 2575
"../../../Engine/Shaders/Private/OcclusionFeedbackShaders.usf" 2576
"../../../Engine/Shaders/Private/HZBOcclusion.usf" 2577
"../../../Engine/Shaders/Private/OcclusionQueryPixelShader.usf" 2578
"../../../Engine/Shaders/Private/OcclusionQueryVertexShader.usf" 2579
"../../../Engine/Shaders/Private/HitProxyCopy.usf" 2580
"../../../Engine/Shaders/Private/HitProxyPixelShader.usf" 2581
"../../../Engine/Shaders/Private/HitProxyVertexShader.usf" 2582
"../../../Engine/Shaders/Private/SceneCulling/SceneCullingDebugRender.usf" 2583
"../../../Engine/Shaders/Private/SceneCulling/SceneCulling.ush" 2584
"../../../Engine/Shaders/Private/SceneCulling/SceneCullingBuildExplicitBounds.usf" 2585
"../../../Engine/Shaders/Private/SceneCapturePixelShader.usf" 2586
"../../../Engine/Shaders/Private/RendererUtils.usf" 2587
"../../../Engine/Shaders/Private/RTWriteMaskDecode.usf" 2588
"../../../Engine/Shaders/Private/ReflectionEnvironmentShaders.usf" 2589
"../../../Engine/Shaders/Private/RectLightAtlas.usf" 2590
"../../../Engine/Shaders/Private/RayTracing/TraceRayInlineStatistics.usf" 2591
"../../../Engine/Shaders/Private/RayTracing/CompositeSkyLightPS.usf" 2592
"../../../Engine/Shaders/Private/RayTracing/GenerateSkyLightVisibilityRaysCS.usf" 2593
"../../../Engine/Shaders/Private/RayTracing/RayTracingSkyLightCommon.ush" 2594
"../../../Engine/Shaders/Private/RayTracing/SkyLightVisibilityRaysData.ush" 2595
"../../../Engine/Shaders/Private/Raytracing/RaytracingSkylightRGS.usf" 2596
"../../../Engine/Shaders/Private/HairStrands/HairStrandsRaytracing.ush" 2597
"../../../Engine/Shaders/Private/Raytracing/RayTracingSkyLightEvaluation.ush" 2598
"../../../Engine/Shaders/Private/Raytracing/RayTracingDeferredShadingCommon.ush" 2599
"../../../Engine/Shaders/Private/RayTracing/RayTracingOcclusionRGS.usf" 2600
"../../../Engine/Shaders/Private/RayTracing/RayTracingDirectionalLight.ush" 2601
"../../../Engine/Shaders/Private/RayTracing/RayTracingRectLight.ush" 2602
"../../../Engine/Shaders/Private/RayTracing/RayTracingSphereLight.ush" 2603
"../../../Engine/Shaders/Private/RayTracing/RayTracingCapsuleLight.ush" 2604
"../../../Engine/Shaders/Private/Raytracing/RayTracingFeedback.usf" 2605
"../../../Engine/Shaders/Shared/RayTracingDebugTypes.h" 2606
"../../../Engine/Shaders/Private/RayTracing/RayTracingPrimaryRays.usf" 2607
"../../../Engine/Shaders/Private/RayTracing/RayTracingLightingCommon.ush" 2608
"../../../Engine/Shaders/Private/RayTracing/RayTracingLightCullingCommon.ush" 2609
"../../../Engine/Shaders/Private/RayTracing/RayTracingMaterialDefaultHitShaders.usf" 2610
"../../../Engine/Shaders/Private/RayTracing/RayTracingMaterialHitShaders.usf" 2611
"../../../Engine/Shaders/Private/RayTracing/RayTracingShaderUtils.ush" 2612
"../../../Engine/Shaders/Private/RayTracing/RayTracingCalcInterpolants.ush" 2613
"../../../Engine/Shaders/Private/LightmapCommon.ush" 2614
"../../../Engine/Shaders/Private/Lumen/LumenHardwareRayTracingPayloadCommon.ush" 2615
"../../../Engine/Shaders/Shared/LumenDefinitions.h" 2616
"../../../Engine/Shaders/Private/Substrate/SubstrateExport.ush" 2617
"../../../Engine/Shaders/Private/RayTracing/RayTracingLightingMS.usf" 2618
"../../../Engine/Shaders/Private/Lumen/LumenDiffuseColorBoost.ush" 2619
"../../../Engine/Shaders/Private/RayTracing/RayTracingLightFunctionCommon.ush" 2620
"../../../Engine/Shaders/Private/RayTracing/RayTracingBuildLightGrid.usf" 2621
"../../../Engine/Shaders/Private/Raytracing/RayTracingInstanceBufferUtil.usf" 2622
"../../../Engine/Shaders/Private/RayTracing/RayTracingDynamicMesh.usf" 2623
"../../../Engine/Shaders/Private/RayTracing/RayTracingDefaultDecalHitShader.usf" 2624
"../../../Engine/Shaders/Private/RayTracing/RayTracingDecalMaterialShader.usf" 2625
"../../../Engine/Shaders/Private/PathTracing/PathTracingShaderUtils.ush" 2626
"../../../Engine/Shaders/Private/PathTracing/PathTracingCommon.ush" 2627
"../../../Engine/Shaders/Private/PathTracing/Material/PathTracingMaterialCommon.ush" 2628
"../../../Engine/Shaders/Private/PathTracing/Utilities/PathTracingRIS.ush" 2629
"../../../Engine/Shaders/Private/RayTracing/RayTracingBuildDecalGrid.usf" 2630
"../../../Engine/Shaders/Private/RayTracing/RayTracingDebugHitStatsUtils.usf" 2631
"../../../Engine/Shaders/Private/RayTracing/RayTracingDebugInstanceOverlap.usf" 2632
"../../../Engine/Shaders/Private/RayTracing/RayTracingDebugPicking.usf" 2633
"../../../Engine/Shaders/Private/RayTracing/RayTracingDebugUtils.ush" 2634
"../../../Engine/Shaders/Private/RayTracing/RayTracingDebugTraversal.usf" 2635
"../../../Engine/Shaders/Private/RayTracing/RayTracingDeferredMaterials.ush" 2636
"../../../Engine/Shaders/Shared/ThirdParty/AMD/ags_shader_intrinsics_dx12.h" 2637
"../../../Engine/Shaders/Shared/RayTracingDebugDefinitions.h" 2638
"../../../Engine/Shaders/Private/RayTracing/RayTracingDebugHitStatsCHS.usf" 2639
"../../../Engine/Shaders/Private/RayTracing/RayTracingDebugHitStats.usf" 2640
"../../../Engine/Shaders/Private/RayTracing/RayTracingDebugMS.usf" 2641
"../../../Engine/Shaders/Private/RayTracing/RayTracingDebugCHS.usf" 2642
"../../../Engine/Shaders/Private/RayTracing/RayTracingDebug.usf" 2643
"../../../Engine/Shaders/Private/RayTracing/RayTracingBuiltInShaders.usf" 2644
"../../../Engine/Shaders/Private/RayTracing/RayTracingBarycentrics.usf" 2645
"../../../Engine/Shaders/Private/RayTracing/RayTracingAmbientOcclusionRGS.usf" 2646
"../../../Engine/Shaders/Private/VisualizeShadingModels.usf" 2647
"../../../Engine/Shaders/Private/MotionBlur/VisualizeMotionVectors.usf" 2648
"../../../Engine/Shaders/Private/TemporalSuperResolution/TSRVisualize.usf" 2649
"../../../Engine/Shaders/Private/TemporalSuperResolution/TSRColorSpace.ush" 2650
"../../../Engine/Shaders/Private/TemporalSuperResolution/TSRCommon.ush" 2651
"../../../Engine/Shaders/Public/DualPixelVectorization.ush" 2652
"../../../Engine/Shaders/Private/TemporalSuperResolution/TSRReprojectionField.ush" 2653
"../../../Engine/Shaders/Private/TemporalSuperResolution/TSRResolveHistory.usf" 2654
"../../../Engine/Shaders/Private/TemporalSuperResolution/TSRConvolutionNetwork.ush" 2655
"../../../Engine/Shaders/Private/TemporalSuperResolution/TSRKernels.ush" 2656
"../../../Engine/Shaders/Public/LaneVectorization.ush" 2657
"../../../Engine/Shaders/Private/TemporalSuperResolution/TSRUpdateHistory.usf" 2658
"../../../Engine/Shaders/Private/TemporalSuperResolution/TSRSpatialAntiAliasing.ush" 2659
"../../../Engine/Shaders/Private/TemporalSuperResolution/TSRSpatialAntiAliasing.usf" 2660
"../../../Engine/Shaders/Private/TemporalSuperResolution/TSRRejectShading.usf" 2661
"../../../Engine/Shaders/Private/TemporalSuperResolution/TSRShadingAnalysis.ush" 2662
"../../../Engine/Shaders/Private/TemporalSuperResolution/TSRConvolutionNetworkPass.ush" 2663
"../../../Engine/Shaders/Private/TemporalSuperResolution/TSRDecimateHistory.usf" 2664
"../../../Engine/Shaders/Private/TemporalSuperResolution/TSRDepthVelocityAnalysis.ush" 2665
"../../../Engine/Shaders/Private/TemporalSuperResolution/TSRClosestOccluder.ush" 2666
"../../../Engine/Shaders/Private/TemporalSuperResolution/TSRWeightRelaxation.usf" 2667
"../../../Engine/Shaders/Private/TemporalSuperResolution/TSRThinGeometryCommon.ush" 2668
"../../../Engine/Shaders/Private/TemporalSuperResolution/TSRDetectThinGeometry.usf" 2669
"../../../Engine/Shaders/Private/TemporalSuperResolution/TSRDilateVelocity.usf" 2670
"../../../Engine/Shaders/Private/MotionBlur/MotionBlurVelocityFlatten.ush" 2671
"../../../Engine/Shaders/Private/MotionBlur/MotionBlurCommon.ush" 2672
"../../../Engine/Shaders/Private/TemporalSuperResolution/TSRClearPrevTextures.usf" 2673
"../../../Engine/Shaders/Private/TemporalSuperResolution/TSRMeasureCoverage.usf" 2674
"../../../Engine/Shaders/Private/TemporalSuperResolution/TSRMeasureFlickeringLuma.usf" 2675
"../../../Engine/Shaders/Private/TemporalAA.usf" 2676
"../../../Engine/Shaders/Private/FilterPixelShader.usf" 2677
"../../../Engine/Shaders/Private/FilterVertexShader.usf" 2678
"../../../Engine/Shaders/Private/VisualizeVirtualTexture.usf" 2679
"../../../Engine/Shaders/Private/PostProcessVisualizeBuffer.usf" 2680
"../../../Engine/Shaders/Private/PostProcessVisualizeLocalExposure.usf" 2681
"../../../Engine/Shaders/Private/PostProcessHistogramCommon.ush" 2682
"../../../Engine/Shaders/Private/PostProcessVisualizeLevelInstance.usf" 2683
"../../../Engine/Shaders/Private/PostProcessVisualizeHDR.usf" 2684
"../../../Engine/Shaders/Private/ShaderComplexityApplyPixelShader.usf" 2685
"../../../Engine/Shaders/Private/QuadOverdraw.ush" 2686
"../../../Engine/Shaders/Private/PostProcessUpscale.usf" 2687
"../../../Engine/Shaders/Private/PostProcessTonemap.usf" 2688
"../../../Engine/Shaders/Private/PostProcessing/FilmGrainPackConstants.usf" 2689
"../../../Engine/Shaders/Private/PostProcessing/FilmGrainReduce.usf" 2690
"../../../Engine/Shaders/Private/PostProcessTestImage.usf" 2691
"../../../Engine/Shaders/Private/PostProcessSubsurface.usf" 2692
"../../../Engine/Shaders/Private/SeparableSSS.ush" 2693
"../../../Engine/Shaders/Private/SubsurfaceBurleyNormalized.ush" 2694
"../../../Engine/Shaders/Private/PostProcessSelectionOutline.usf" 2695
"../../../Engine/Shaders/Private/MotionBlur/MotionBlurVisualize.usf" 2696
"../../../Engine/Shaders/Private/MotionBlur/MotionBlurApply.usf" 2697
"../../../Engine/Shaders/Private/MotionBlur/MotionBlurFilterTileClassify.usf" 2698
"../../../Engine/Shaders/Private/MotionBlur/MotionBlurTileScatter.usf" 2699
"../../../Engine/Shaders/Private/MotionBlur/MotionBlurTileGather.usf" 2700
"../../../Engine/Shaders/Private/MotionBlur/MotionBlurVelocityFlatten.usf" 2701
"../../../Engine/Shaders/Private/PostProcessMobile.usf" 2702
"../../../Engine/Shaders/Private/PostProcessMitchellNetravali.usf" 2703
"../../../Engine/Shaders/Private/PostProcessMaterialShaders.usf" 2704
"../../../Engine/Shaders/Private/NeuralPostProcessCommon.usf" 2705
"../../../Engine/Shaders/Private/PostProcessLocalExposure.usf" 2706
"../../../Engine/Shaders/Private/PostProcessLensFlares.usf" 2707
"../../../Engine/Shaders/Private/PostProcessGBufferHints.usf" 2708
"../../../Engine/Shaders/Private/PostProcessHMD.usf" 2709
"../../../Engine/Shaders/Private/Histogram.usf" 2710
"../../../Engine/Shaders/Private/PostProcessHistogramReduce.usf" 2711
"../../../Engine/Shaders/Private/PostProcessHistogram.usf" 2712
"../../../Engine/Shaders/Private/Bloom/BloomFinalizeApplyConstants.usf" 2713
"../../../Engine/Shaders/Private/Bloom/BloomCommon.ush" 2714
"../../../Engine/Shaders/Private/Bloom/BloomResizeKernel.usf" 2715
"../../../Engine/Shaders/Private/Bloom/BloomDownsampleKernel.usf" 2716
"../../../Engine/Shaders/Private/Bloom/BloomClampKernel.usf" 2717
"../../../Engine/Shaders/Private/Bloom/BloomPackKernelConstants.usf" 2718
"../../../Engine/Shaders/Private/Bloom/BloomSumScatterDispersionEnergy.usf" 2719
"../../../Engine/Shaders/Private/Bloom/BloomReduceKernelSurvey.usf" 2720
"../../../Engine/Shaders/Private/Bloom/BloomSurveyKernelCenterEnergy.usf" 2721
"../../../Engine/Shaders/Private/Bloom/BloomSurveyMaxScatterDispersion.usf" 2722
"../../../Engine/Shaders/Private/Bloom/BloomFindKernelCenter.usf" 2723
"../../../Engine/Shaders/Private/PostProcessEyeAdaptation.usf" 2724
"../../../Engine/Shaders/Private/TranslucencyVolumeCommon.ush" 2725
"../../../Engine/Shaders/Private/PostProcessEyeAdaptationUtils.usf" 2726
"../../../Engine/Shaders/Private/PostProcessDownsample.usf" 2727
"../../../Engine/Shaders/Private/PostProcessDOF.usf" 2728
"../../../Engine/Shaders/Private/PostProcessDeviceEncodingOnly.usf" 2729
"../../../Engine/Shaders/Private/PostProcessCompositePrimitives.usf" 2730
"../../../Engine/Shaders/Private/PostProcessCombineLUTs.usf" 2731
"../../../Engine/Shaders/Private/PostProcessVisualizeDOF.usf" 2732
"../../../Engine/Shaders/Private/PostProcessBloom.usf" 2733
"../../../Engine/Shaders/Private/PostProcessAmbientOcclusionMobile.usf" 2734
"../../../Engine/Shaders/Private/PostProcessAmbientOcclusionCommon.ush" 2735
"../../../Engine/Shaders/Private/FXAAShader.usf" 2736
"../../../Engine/Shaders/Private/Fxaa3_11.ush" 2737
"../../../Engine/Shaders/Private/PaniniProjection.usf" 2738
"../../../Engine/Shaders/Private/DiaphragmDOF/DOFRecombine.usf" 2739
"../../../Engine/Shaders/Private/DiaphragmDOF/DOFHybridScatterPixelShader.usf" 2740
"../../../Engine/Shaders/Private/DiaphragmDOF/DOFHybridScatterCommon.ush" 2741
"../../../Engine/Shaders/Private/DiaphragmDOF/DOFVignetteCommon.ush" 2742
"../../../Engine/Shaders/Private/DiaphragmDOF/DOFHybridScatterVertexShader.usf" 2743
"../../../Engine/Shaders/Private/DiaphragmDOF/DOFPostfiltering.usf" 2744
"../../../Engine/Shaders/Private/DiaphragmDOF/DOFGatherTileSuggest.ush" 2745
"../../../Engine/Shaders/Private/DiaphragmDOF/DOFCocTileCommon.ush" 2746
"../../../Engine/Shaders/Private/DiaphragmDOF/DOFGatherPass.usf" 2747
"../../../Engine/Shaders/Private/DiaphragmDOF/DOFGatherCommon.ush" 2748
"../../../Engine/Shaders/Private/DiaphragmDOF/DOFGatherAccumulator.ush" 2749
"../../../Engine/Shaders/Private/DiaphragmDOF/DOFGatherKernel.ush" 2750
"../../../Engine/Shaders/Private/DiaphragmDOF/DOFBokehLUT.usf" 2751
"../../../Engine/Shaders/Private/DiaphragmDOF/DOFHybridScatterCompilation.usf" 2752
"../../../Engine/Shaders/Private/DiaphragmDOF/DOFReduce.usf" 2753
"../../../Engine/Shaders/Private/DiaphragmDOF/DOFDownsample.ush" 2754
"../../../Engine/Shaders/Private/DiaphragmDOF/DOFHybridScatterCompilation.ush" 2755
"../../../Engine/Shaders/Private/DiaphragmDOF/DOFDownsample.usf" 2756
"../../../Engine/Shaders/Private/DiaphragmDOF/DOFCocTileDilate.usf" 2757
"../../../Engine/Shaders/Private/DiaphragmDOF/DOFCocTileFlatten.usf" 2758
"../../../Engine/Shaders/Private/DiaphragmDOF/DOFSetup.usf" 2759
"../../../Engine/Shaders/Private/Tools/DebugAlphaChannel.usf" 2760
"../../../Engine/Shaders/Private/PostProcessAlphaInvert.usf" 2761
"../../../Engine/Shaders/Private/PlanarReflectionShaders.usf" 2762
"../../../Engine/Shaders/Private/PhysicsFieldVisualizer.usf" 2763
"../../../Engine/Shaders/Private/PathTracing/PathTracingSpatialTemporalDenoising.usf" 2764
"../../../Engine/Shaders/Private/ColorDifference.ush" 2765
"../../../Engine/Shaders/Private/PathTracing/PathTracingCompositingPixelShader.usf" 2766
"../../../Engine/Shaders/Private/PathTracing/PathTracingAdaptiveUtils.ush" 2767
"../../../Engine/Shaders/Private/PathTracing/PathTracingDefaultHitShader.usf" 2768
"../../../Engine/Shaders/Private/PathTracing/PathTracingGPULightmassMaterialHitShader.usf" 2769
"../../../Engine/Shaders/Private/PathTracing/PathTracingMaterialHitShader.usf" 2770
"../../../Engine/Shaders/Private/PathTracing/Material/PathTracingSubstrateCommon.ush" 2771
"../../../Engine/Shaders/Private/PathTracing/PathTracingLightingMissShader.usf" 2772
"../../../Engine/Shaders/Private/PathTracing/PathTracingMissShader.usf" 2773
"../../../Engine/Shaders/Private/PathTracing/PathTracingAdaptiveStart.usf" 2774
"../../../Engine/Shaders/Private/PathTracing/PathTracingBuildAdaptiveError.usf" 2775
"../../../Engine/Shaders/Private/PathTracing/PathTracingVolumetricCloudMaterialShader.usf" 2776
"../../../Engine/Shaders/Private/PathTracing/Volume/PathTracingCloudsMaterialCommon.ush" 2777
"../../../Engine/Shaders/Private/PathTracing/Volume/PathTracingVolumeCommon.ush" 2778
"../../../Engine/Shaders/Private/PathTracing/Volume/PathTracingCloudsCommon.ush" 2779
"../../../Engine/Shaders/Private/PathTracing/Volume/PathTracingFog.ush" 2780
"../../../Engine/Shaders/Private/PathTracing/Volume/PathTracingAtmosphere.ush" 2781
"../../../Engine/Shaders/Private/PathTracing/Volume/PathTracingAtmosphereCommon.ush" 2782
"../../../Engine/Shaders/Private/PathTracing/Volume/PathTracingVolumeSampling.ush" 2783
"../../../Engine/Shaders/Private/PathTracing/PathTracingBuildCloudAccelerationMap.usf" 2784
"../../../Engine/Shaders/Private/PathTracing/PathTracingBuildAtmosphereLUT.usf" 2785
"../../../Engine/Shaders/Private/PathTracing/PathTracingSwizzleScanlines.usf" 2786
"../../../Engine/Shaders/Private/PathTracing/PathTracingInitExtinctionCoefficient.usf" 2787
"../../../Engine/Shaders/Private/PathTracing/PathTracingCopyDepth.usf" 2788
"../../../Engine/Shaders/Private/PathTracing/PathTracingDebug.usf" 2789
"../../../Engine/Shaders/Private/RayTracing/RayTracingDecalGrid.ush" 2790
"../../../Engine/Shaders/Private/PathTracing/Material/PathTracingMaterialSampling.ush" 2791
"../../../Engine/Shaders/Private/PathTracing/Material/PathTracingLambert.ush" 2792
"../../../Engine/Shaders/Private/PathTracing/Material/PathTracingSubstrate.ush" 2793
"../../../Engine/Shaders/Private/PathTracing/Material/PathTracingSubstrateFoliage.ush" 2794
"../../../Engine/Shaders/Private/PathTracing/Material/PathTracingSubstrateSolidGlass.ush" 2795
"../../../Engine/Shaders/Private/PathTracing/Material/PathTracingSubstrateThinGlass.ush" 2796
"../../../Engine/Shaders/Private/PathTracing/Material/PathTracingSolidGlass.ush" 2797
"../../../Engine/Shaders/Private/PathTracing/Material/PathTracingEnergyConservation.ush" 2798
"../../../Engine/Shaders/Private/PathTracing/Material/PathTracingThinGlass.ush" 2799
"../../../Engine/Shaders/Private/PathTracing/Material/PathTracingDefaultLit.ush" 2800
"../../../Engine/Shaders/Private/PathTracing/Material/PathTracingClearCoat.ush" 2801
"../../../Engine/Shaders/Private/PathTracing/Material/PathTracingTwoSidedFoliage.ush" 2802
"../../../Engine/Shaders/Private/PathTracing/Material/PathTracingCloth.ush" 2803
"../../../Engine/Shaders/Private/PathTracing/Material/PathTracingSubsurfaceProfile.ush" 2804
"../../../Engine/Shaders/Private/PathTracing/Material/PathTracingEye.ush" 2805
"../../../Engine/Shaders/Private/PathTracing/Material/PathTracingHair.ush" 2806
"../../../Engine/Shaders/Private/PathTracing/Material/PathTracingMedium.ush" 2807
"../../../Engine/Shaders/Private/PathTracing/Light/PathTracingLightSampling.ush" 2808
"../../../Engine/Shaders/Private/PathTracing/Light/PathTracingLightCommon.ush" 2809
"../../../Engine/Shaders/Private/PathTracing/Light/PathTracingDirectionalLight.ush" 2810
"../../../Engine/Shaders/Private/PathTracing/Light/PathTracingPointLight.ush" 2811
"../../../Engine/Shaders/Private/PathTracing/Light/PathTracingCapsuleLight.ush" 2812
"../../../Engine/Shaders/Private/PathTracing/Light/PathTracingRectLight.ush" 2813
"../../../Engine/Shaders/Private/PathTracing/Light/PathTracingSkyLight.ush" 2814
"../../../Engine/Shaders/Private/PathTracing/Light/PathTracingLightGrid.ush" 2815
"../../../Engine/Shaders/Private/PathTracing/PathTracing.usf" 2816
"../../../Engine/Shaders/Private/PathTracing/PathTracingCore.ush" 2817
"../../../Engine/Shaders/Private/HeterogeneousVolumes/HeterogeneousVolumesVoxelGridTypes.ush" 2818
"../../../Engine/Shaders/Private/PathTracing/Volume/PathTracingVolume.ush" 2819
"../../../Engine/Shaders/Private/PathTracing/Volume/PathTracingClouds.ush" 2820
"../../../Engine/Shaders/Private/PathTracing/Volume/PathTracingHeterogeneousVolumes.ush" 2821
"../../../Engine/Shaders/Private/HeterogeneousVolumes/HeterogeneousVolumesVoxelGridTraversal.ush" 2822
"../../../Engine/Shaders/Private/HeterogeneousVolumes/HeterogeneousVolumesVoxelGridUtils.ush" 2823
"../../../Engine/Shaders/Private/HeterogeneousVolumes/HeterogeneousVolumesFrustumVoxelGridUtils.ush" 2824
"../../../Engine/Shaders/Private/PathTracing/PathTracingBuildLightGrid.usf" 2825
"../../../Engine/Shaders/Private/PathTracing/PathTracingSkylightMISCompensation.usf" 2826
"../../../Engine/Shaders/Private/PathTracing/PathTracingSkylightPrepare.usf" 2827
"../../../Engine/Shaders/Private/OIT/OITSorting.usf" 2828
"../../../Engine/Shaders/Private/OITCombine.usf" 2829
"../../../Engine/Shaders/Private/OITCommon.ush" 2830
"../../../Engine/Shaders/Private/Nanite/Voxel/RasterizeBricks.usf" 2831
"../../../Engine/Shaders/Private/Nanite/Voxel/Brick.ush" 2832
"../../../Engine/Shaders/Private/Nanite/Voxel/Voxel.ush" 2833
"../../../Engine/Shaders/Private/Nanite/Voxel/ScatterBricks.usf" 2834
"../../../Engine/Shaders/Private/Nanite/Voxel/TileBricks.usf" 2835
"../../../Engine/Shaders/Private/Nanite/Voxel/AutoVoxel.usf" 2836
"../../../Engine/Shaders/Private/Nanite/NaniteDebugViews.usf" 2837
"../../../Engine/Shaders/Private/Nanite/NaniteEditorCommon.ush" 2838
"../../../Engine/Shaders/Private/BinarySearch.ush" 2839
"../../../Engine/Shaders/Private/Nanite/NaniteDepthDecode.usf" 2840
"../../../Engine/Shaders/Private/HTileEncoding.ush" 2841
"../../../Engine/Shaders/Private/Nanite/NaniteVisualize.usf" 2842
"../../../Engine/Shaders/Private/Nanite/NaniteStreamOut.usf" 2843
"../../../Engine/Shaders/Private/Nanite/NaniteHierarchyTraversal.ush" 2844
"../../../Engine/Shaders/Private/Nanite/NaniteSkinningUpdateViewData.usf" 2845
"../../../Engine/Shaders/Private/Skinning/TransformProviders.usf" 2846
"../../../Engine/Shaders/Private/Nanite/NaniteShadeBinning.usf" 2847
"../../../Engine/Shaders/Private/Nanite/NaniteShadeCommon.ush" 2848
"../../../Engine/Shaders/Private/Nanite/NaniteFastClear.usf" 2849
"../../../Engine/Shaders/Private/Nanite/NaniteExportGBuffer.usf" 2850
"../../../Engine/Shaders/Private/Nanite/NaniteClusterCulling.usf" 2851
"../../../Engine/Shaders/Private/Nanite/NanitePrintStats.usf" 2852
"../../../Engine/Shaders/Private/Nanite/NaniteRasterizer.usf" 2853
"../../../Engine/Shaders/Private/Nanite/NaniteRasterizationCommon.ush" 2854
"../../../Engine/Shaders/Private/Nanite/NaniteRasterizer.ush" 2855
"../../../Engine/Shaders/Private/Nanite/NaniteWritePixel.ush" 2856
"../../../Engine/Shaders/Private/Nanite/NaniteTessellation.ush" 2857
"../../../Engine/Shaders/Private/WorkDistribution.ush" 2858
"../../../Engine/Shaders/Private/Nanite/NaniteDice.ush" 2859
"../../../Engine/Shaders/Private/ShaderBundleWorkGraphCommon.ush" 2860
"../../../Engine/Shaders/Public/RootConstants.ush" 2861
"../../../Engine/Shaders/Public/Platform/D3D/D3DRootConstants.ush" 2862
"../../../Engine/Shaders/Private/Nanite/NaniteSplit.usf" 2863
"../../../Engine/Shaders/Private/Nanite/NaniteRasterBinning.usf" 2864
"../../../Engine/Shaders/Private/Nanite/NaniteInstanceCulling.usf" 2865
"../../../Engine/Shaders/Private/Nanite/NaniteImposter.ush" 2866
"../../../Engine/Shaders/Private/Nanite/NaniteInstanceHierarchyCulling.usf" 2867
"../../../Engine/Shaders/Private/WorkGroupLoadBalancer.ush" 2868
"../../../Engine/Shaders/Private/Nanite/NanitePrimitiveFilter.usf" 2869
"../../../Engine/Shaders/Private/Nanite/NaniteRasterClear.usf" 2870
"../../../Engine/Shaders/Private/Nanite/NaniteDepthExport.usf" 2871
"../../../Engine/Shaders/Private/Nanite/NaniteEmitShadow.usf" 2872
"../../../Engine/Shaders/Private/MobileDeferredUtils.usf" 2873
"../../../Engine/Shaders/Private/MobileLocalLightsBuffer.usf" 2874
"../../../Engine/Shaders/Private/MobileFog.usf" 2875
"../../../Engine/Shaders/Private/DistortApplyScreenPS.usf" 2876
"../../../Engine/Shaders/Private/MobileDeferredShading.usf" 2877
"../../../Engine/Shaders/Private/MobileBasePassPixelShader.usf" 2878
"../../../Engine/Shaders/Private/MobileBasePassCommon.ush" 2879
"../../../Engine/Shaders/Private/BasePassCommon.ush" 2880
"../../../Engine/Shaders/Private/ShadingModelsMaterial.ush" 2881
"../../../Engine/Shaders/Private/ThinTranslucentCommon.ush" 2882
"../../../Engine/Shaders/Private/SingleLayerWaterShading.ush" 2883
"../../../Engine/Shaders/Private/DistortionCommon.ush" 2884
"../../../Engine/Shaders/Private/Substrate/SubstrateMobileForwardLighting.ush" 2885
"../../../Engine/Shaders/Private/MobileBasePassVertexShader.usf" 2886
"../../../Engine/Shaders/Private/MeshEdges.usf" 2887
"../../../Engine/Shaders/Private/MegaLights/MegaLightsVSMTracing.usf" 2888
"../../../Engine/Shaders/Private/MegaLights/MegaLights.ush" 2889
"../../../Engine/Shaders/Shared/MegaLightsDefinitions.h" 2890
"../../../Engine/Shaders/Private/HairStrands/HairStrandsVisibilityUtils.ush" 2891
"../../../Engine/Shaders/Private/MegaLights/MegaLightsRayTracing.ush" 2892
"../../../Engine/Shaders/Private/MegaLights/MegaLightsRayTracing.usf" 2893
"../../../Engine/Shaders/Private/DistanceField/GlobalDistanceFieldUtils.ush" 2894
"../../../Engine/Shaders/Private/Lumen/LumenScreenTracing.ush" 2895
"../../../Engine/Shaders/Private/MegaLights/MegaLightsVolumeRayTracing.usf" 2896
"../../../Engine/Shaders/Private/MegaLights/MegaLightsVolume.ush" 2897
"../../../Engine/Shaders/Private/MegaLights/MegaLightsVolumeHardwareRayTracing.usf" 2898
"../../../Engine/Shaders/Private/Lumen/LumenHardwareRayTracingCommon.ush" 2899
"../../../Engine/Shaders/Private/RayTracing/RayTracingReflectionEnvironment.ush" 2900
"../../../Engine/Shaders/Private/Lumen/LumenHardwareRayTracingPlatformCommon.ush" 2901
"../../../Engine/Shaders/Private/Lumen/LumenReflectionsCombine.ush" 2902
"../../../Engine/Shaders/Private/Lumen/LumenTracingCommon.ush" 2903
"../../../Engine/Shaders/Private/Lumen/SurfaceCache/LumenSurfaceCacheSampling.ush" 2904
"../../../Engine/Shaders/Private/Lumen/SurfaceCache/LumenSurfaceCache.ush" 2905
"../../../Engine/Shaders/Private/Lumen/LumenCardCommon.ush" 2906
"../../../Engine/Shaders/Private/Lumen/LumenCardTileShadowDownsampleFactor.ush" 2907
"../../../Engine/Shaders/Private/MegaLights/MegaLightsHardwareRayTracing.usf" 2908
"../../../Engine/Shaders/Private/MegaLights/MegaLights.usf" 2909
"../../../Engine/Shaders/Private/MegaLights/MegaLightsShading.ush" 2910
"../../../Engine/Shaders/Private/MegaLights/MegaLightsFilterVisibleLightHash.usf" 2911
"../../../Engine/Shaders/Private/MegaLights/MegaLightsDenoiserSpatial.usf" 2912
"../../../Engine/Shaders/Private/Lumen/LumenReflectionDenoiserCommon.ush" 2913
"../../../Engine/Shaders/Private/MegaLights/MegaLightsDenoiserTemporal.usf" 2914
"../../../Engine/Shaders/Private/MegaLights/MegaLightsShading.usf" 2915
"../../../Engine/Shaders/Private/StochasticLighting/StochasticLightingUpsample.ush" 2916
"../../../Engine/Shaders/Private/MegaLights/MegaLightsVisibleLightHash.usf" 2917
"../../../Engine/Shaders/Private/MegaLights/MegaLightsVolumeShading.usf" 2918
"../../../Engine/Shaders/Private/MegaLights/MegaLightsSampling.usf" 2919
"../../../Engine/Shaders/Private/MegaLights/MegaLightsSampling.ush" 2920
"../../../Engine/Shaders/Private/MegaLights/MegaLightsVolumeSampling.usf" 2921
"../../../Engine/Shaders/Private/MaterialCache/MaterialCacheABufferPages.usf" 2922
"../../../Engine/Shaders/Private/MaterialCache/MaterialCacheShade.usf" 2923
"../../../Engine/Shaders/Private/MaterialCache/MaterialCacheUnwrapNaniteShade.usf" 2924
"../../../Engine/Shaders/Private/MaterialCache/MaterialCacheUnwrapPixelShader.usf" 2925
"../../../Engine/Shaders/Private/MaterialCache/MaterialCacheUnwrapVertexShader.usf" 2926
"../../../Engine/Shaders/Private/Lumen/LumenVisualizeRadianceCache.usf" 2927
"../../../Engine/Shaders/Private/Lumen/LumenRadianceCacheCommon.ush" 2928
"../../../Engine/Shaders/Private/Lumen/LumenVisualizeHardwareRayTracing.usf" 2929
"../../../Engine/Shaders/Private/Lumen/LumenVisualize.ush" 2930
"../../../Engine/Shaders/Private/Lumen/LumenHairTracing.ush" 2931
"../../../Engine/Shaders/Private/Lumen/LumenVisualize.usf" 2932
"../../../Engine/Shaders/Private/Lumen/LumenSoftwareRayTracing.ush" 2933
"../../../Engine/Shaders/Private/DistanceField/GlobalDistanceFieldObjectGrid.ush" 2934
"../../../Engine/Shaders/Private/DistanceFieldLightingShared.ush" 2935
"../../../Engine/Shaders/Private/Lumen/LumenVisualizeTraces.ush" 2936
"../../../Engine/Shaders/Private/Lumen/LumenTranslucencyVolumeLighting.usf" 2937
"../../../Engine/Shaders/Private/Lumen/LumenRadianceCacheMarkCommon.ush" 2938
"../../../Engine/Shaders/Private/Lumen/LumenTranslucencyVolumeLightingShared.ush" 2939
"../../../Engine/Shaders/Private/Lumen/LumenScreenProbeCommon.ush" 2940
"../../../Engine/Shaders/Private/RayTracing/RayGenUtils.ush" 2941
"../../../Engine/Shaders/Private/Lumen/LumenRadianceCacheTracingCommon.ush" 2942
"../../../Engine/Shaders/Private/Lumen/LumenTranslucencyVolumeHardwareRayTracing.usf" 2943
"../../../Engine/Shaders/Private/Lumen/LumenTranslucencyRadianceCacheMarkShaders.usf" 2944
"../../../Engine/Shaders/Private/Lumen/SurfaceCache/LumenSurfaceCache.usf" 2945
"../../../Engine/Shaders/Private/Lumen/LumenShortRangeAOHardwareRayTracing.usf" 2946
"../../../Engine/Shaders/Private/Lumen/LumenScreenSpaceBentNormal.ush" 2947
"../../../Engine/Shaders/Private/Lumen/LumenScreenSpaceBentNormal.usf" 2948
"../../../Engine/Shaders/Private/Lumen/LumenScreenProbeTracing.usf" 2949
"../../../Engine/Shaders/Private/Lumen/LumenScreenProbeTracingCommon.ush" 2950
"../../../Engine/Shaders/Private/Lumen/LumenFloatQuantization.ush" 2951
"../../../Engine/Shaders/Private/Lumen/LumenScreenProbeImportanceSampling.usf" 2952
"../../../Engine/Shaders/Private/Lumen/LumenScreenProbeImportanceSamplingShared.ush" 2953
"../../../Engine/Shaders/Private/Lumen/LumenScreenProbeHardwareRayTracing.usf" 2954
"../../../Engine/Shaders/Private/Lumen/LumenScreenProbeDebug.usf" 2955
"../../../Engine/Shaders/Private/Lumen/LumenScreenProbeGather.usf" 2956
"../../../Engine/Shaders/Private/Lumen/LumenScreenProbeGatherTemporal.usf" 2957
"../../../Engine/Shaders/Private/Lumen/LumenScreenProbeFiltering.usf" 2958
"../../../Engine/Shaders/Private/Lumen/LumenSceneLighting.usf" 2959
"../../../Engine/Shaders/Private/Lumen/LumenCardTile.ush" 2960
"../../../Engine/Shaders/Private/Lumen/LumenSceneLighting.ush" 2961
"../../../Engine/Shaders/Private/Lumen/Radiosity/LumenRadiosity.ush" 2962
"../../../Engine/Shaders/Private/Lumen/LumenSceneLightingDebug.usf" 2963
"../../../Engine/Shaders/Private/Lumen/LumenScene.usf" 2964
"../../../Engine/Shaders/Private/Lumen/LumenSceneDirectLightingHardwareRayTracing.usf" 2965
"../../../Engine/Shaders/Private/Lumen/LumenSceneDirectLightingStochastic.ush" 2966
"../../../Engine/Shaders/Private/Lumen/LumenReflectionCommon.ush" 2967
"../../../Engine/Shaders/Private/Lumen/LumenSceneDirectLighting.ush" 2968
"../../../Engine/Shaders/Private/Lumen/LumenSceneDebugHardwareRayTracing.usf" 2969
"../../../Engine/Shaders/Private/Lumen/LumenSceneDirectLightingStochastic.usf" 2970
"../../../Engine/Shaders/Private/Lumen/LumenSceneDirectLightingSoftwareRayTracing.usf" 2971
"../../../Engine/Shaders/Private/DistanceFieldShadowingShared.ush" 2972
"../../../Engine/Shaders/Private/Lumen/LumenSceneDirectLightingPerLightShadowCommon.ush" 2973
"../../../Engine/Shaders/Private/Lumen/LumenSceneDirectLightingShadowMask.usf" 2974
"../../../Engine/Shaders/Private/Lumen/LumenSceneDirectLighting.usf" 2975
"../../../Engine/Shaders/Private/Lumen/LumenSceneDirectLightingCulling.usf" 2976
"../../../Engine/Shaders/Private/Lumen/LumenCardComputeShader.usf" 2977
"../../../Engine/Shaders/Private/Lumen/LumenCardBasePass.ush" 2978
"../../../Engine/Shaders/Private/Lumen/LumenCardPixelShader.usf" 2979
"../../../Engine/Shaders/Private/Lumen/LumenCardVertexShader.usf" 2980
"../../../Engine/Shaders/Private/Lumen/LumenReSTIRGather.usf" 2981
"../../../Engine/Shaders/Private/Lumen/LumenReflectionTracing.usf" 2982
"../../../Engine/Shaders/Private/Lumen/LumenReflectionDenoiserSpatial.usf" 2983
"../../../Engine/Shaders/Private/Lumen/LumenReflectionDenoiserClear.usf" 2984
"../../../Engine/Shaders/Private/Lumen/LumenReflectionDenoiserTemporal.usf" 2985
"../../../Engine/Shaders/Private/Lumen/LumenReflectionResolve.usf" 2986
"../../../Engine/Shaders/Private/Lumen/LumenReflections.usf" 2987
"../../../Engine/Shaders/Private/Lumen/RayTracedTranslucency.usf" 2988
"../../../Engine/Shaders/Private/Lumen/LumenReflectionHardwareRayTracing.usf" 2989
"../../../Engine/Shaders/Private/Lumen/Radiosity/LumenVisualizeRadiosityProbes.usf" 2990
"../../../Engine/Shaders/Private/Lumen/Radiosity/LumenRadiosity.usf" 2991
"../../../Engine/Shaders/Private/Lumen/Radiosity/LumenRadiosityHardwareRayTracing.usf" 2992
"../../../Engine/Shaders/Private/Lumen/Radiosity/LumenRadiosityCulling.usf" 2993
"../../../Engine/Shaders/Private/Lumen/LumenRadianceCacheHardwareRayTracing.usf" 2994
"../../../Engine/Shaders/Private/Lumen/LumenRadianceCache.usf" 2995
"../../../Engine/Shaders/Private/Lumen/LumenRadianceCacheUpdate.ush" 2996
"../../../Engine/Shaders/Private/Lumen/LumenRadianceCacheDebug.usf" 2997
"../../../Engine/Shaders/Private/Lumen/LumenRadianceCacheUpdate.usf" 2998
"../../../Engine/Shaders/Private/Lumen/LumenMeshSDFCulling.usf" 2999
"../../../Engine/Shaders/Private/HybridIndirectLighting.ush" 3000
"../../../Engine/Shaders/Private/MeshDistanceFieldCommon.ush" 3001
"../../../Engine/Shaders/Private/Lumen/LumenIrradianceFieldGather.usf" 3002
"../../../Engine/Shaders/Private/Lumen/LumenHardwareRayTracingMaterials.usf" 3003
"../../../Engine/Shaders/Private/Lumen/LumenFrontLayerTranslucency.usf" 3004
"../../../Engine/Shaders/Private/LocalFogVolumes/LocalFogVolumeSplat.usf" 3005
"../../../Engine/Shaders/Private/LocalFogVolumes/LocalFogVolumeTiledCulling.usf" 3006
"../../../Engine/Shaders/Private/LightShaftShader.usf" 3007
"../../../Engine/Shaders/Private/StationaryLightOverlapShaders.usf" 3008
"../../../Engine/Shaders/Private/DeferredLightPixelShaders.usf" 3009
"../../../Engine/Shaders/Private/DeferredLightVertexShaders.usf" 3010
"../../../Engine/Shaders/Private/LightMapDensityShader.usf" 3011
"../../../Engine/Shaders/Private/LightGridInjection.usf" 3012
"../../../Engine/Shaders/Shared/LightGridDefinitions.h" 3013
"../../../Engine/Shaders/Private/LightFunctionPixelShader.usf" 3014
"../../../Engine/Shaders/Private/LightFunctionVertexShader.usf" 3015
"../../../Engine/Shaders/Private/LightFunctionAtlas/LightFunctionAtlasRender.usf" 3016
"../../../Engine/Shaders/Private/InstanceCulling/InstanceCullingOcclusionQuery.usf" 3017
"../../../Engine/Shaders/Private/InstanceCulling/InstanceCullingSetup.ush" 3018
"../../../Engine/Shaders/Private/InstanceCulling/BuildInstanceDrawCommands.usf" 3019
"../../../Engine/Shaders/Private/InstanceCulling/InstanceCompactionCommon.ush" 3020
"../../../Engine/Shaders/Private/SceneDataMobileWriter.ush" 3021
"../../../Engine/Shaders/Private/InstanceCulling/CompactVisibleInstances.usf" 3022
"../../../Engine/Shaders/Private/ReflectionEnvironmentPixelShader.usf" 3023
"../../../Engine/Shaders/Private/AmbientCubemapComposite.usf" 3024
"../../../Engine/Shaders/Private/DiffuseIndirectComposite.usf" 3025
"../../../Engine/Shaders/Private/IESAtlas.usf" 3026
"../../../Engine/Shaders/Private/HeterogeneousVolumes/HeterogeneousVolumesVoxelGridShadows.usf" 3027
"../../../Engine/Shaders/Private/HeterogeneousVolumes/HeterogeneousVolumesStochasticFiltering.ush" 3028
"../../../Engine/Shaders/Private/HeterogeneousVolumes/HeterogeneousVolumesVoxelGridRenderingUtils.ush" 3029
"../../../Engine/Shaders/Private/HeterogeneousVolumes/HeterogeneousVolumesLightingUtils.ush" 3030
"../../../Engine/Shaders/Private/HeterogeneousVolumes/HeterogeneousVolumesVoxelGridRendering.usf" 3031
"../../../Engine/Shaders/Private/HeterogeneousVolumes/HeterogeneousVolumesVoxelGridPipeline.usf" 3032
"../../../Engine/Shaders/Private/HeterogeneousVolumes/HeterogeneousVolumesMaterialBakingPipeline.usf" 3033
"../../../Engine/Shaders/Private/HeterogeneousVolumes/HeterogeneousVolumesLiveShadingUtils.ush" 3034
"../../../Engine/Shaders/Private/HeterogeneousVolumes/HeterogeneousVolumesFrustumVoxelGrid.usf" 3035
"../../../Engine/Shaders/Private/HeterogeneousVolumes/HeterogeneousVolumesSparseVoxelPipeline.usf" 3036
"../../../Engine/Shaders/Private/HeterogeneousVolumes/HeterogeneousVolumesSparseVoxelUtils.ush" 3037
"../../../Engine/Shaders/Private/HeterogeneousVolumes/HeterogeneousVolumesSparseVoxelUniformBufferUtils.ush" 3038
"../../../Engine/Shaders/Private/HeterogeneousVolumes/HeterogeneousVolumesPreshadingPipeline.usf" 3039
"../../../Engine/Shaders/Private/HeterogeneousVolumes/HeterogeneousVolumesLiveShadingShadows.usf" 3040
"../../../Engine/Shaders/Private/HeterogeneousVolumes/HeterogeneousVolumesLiveShadingGlobalPipeline.usf" 3041
"../../../Engine/Shaders/Private/HeterogeneousVolumes/HeterogeneousVolumesLiveShadingPipeline.usf" 3042
"../../../Engine/Shaders/Private/HeterogeneousVolumes/HeterogeneousVolumesHardwareRayTracing.usf" 3043
"../../../Engine/Shaders/Private/HeterogeneousVolumes/HeterogeneousVolumesAmbientOcclusionPipeline.usf" 3044
"../../../Engine/Shaders/Private/HeterogeneousVolumes/HeterogeneousVolumesComposite.usf" 3045
"../../../Engine/Shaders/Private/HdrCustomResolveShaders.usf" 3046
"../../../Engine/Shaders/Private/HairStrands/RenderCurveRaster.usf" 3047
"../../../Engine/Shaders/Private/HairStrands/HairStrandsVoxelRasterCompute.usf" 3048
"../../../Engine/Shaders/Private/HairStrands/HairStrandsHitProxy.usf" 3049
"../../../Engine/Shaders/Private/HairStrands/HairStrandsVisibilityRasterComputeNaive.usf" 3050
"../../../Engine/Shaders/Private/HairStrands/HairStrandsVisibilityRasterHW.usf" 3051
"../../../Engine/Shaders/Private/HairStrands/HairStrandsVisibilityRasterCompute.usf" 3052
"../../../Engine/Shaders/Private/HairStrands/HairStrandsVisibilityRasterClassification.usf" 3053
"../../../Engine/Shaders/Private/HairStrands/HairStrandsCoverage.usf" 3054
"../../../Engine/Shaders/Private/HairStrands/HairStrandsVisibilityDepthPS.usf" 3055
"../../../Engine/Shaders/Private/HairStrands/HairStrandsVisibilityTransmittanceDepthPS.usf" 3056
"../../../Engine/Shaders/Private/HairStrands/HairStrandsVisibilityFillOpaqueDepthPS.usf" 3057
"../../../Engine/Shaders/Private/HairStrands/HairStrandsVisibilityCompactionComputeRaster.usf" 3058
"../../../Engine/Shaders/Private/HairStrands/HairStrandsVisibilityCompaction.usf" 3059
"../../../Engine/Shaders/Private/HairStrands/HairStrandsVisibilityCopyIndirectArg.usf" 3060
"../../../Engine/Shaders/Private/HairStrands/HairStrandsVisibilityClearPS.usf" 3061
"../../../Engine/Shaders/Private/HairStrands/HairStrandsVisibilityPS.usf" 3062
"../../../Engine/Shaders/Private/HairStrands/HairStrandsVisibilityVS.usf" 3063
"../../../Engine/Shaders/Private/HairStrands/HairStrandsVelocity.usf" 3064
"../../../Engine/Shaders/Private/HairStrands/HairStrandsVisibilityComputeSampleCoverage.usf" 3065
"../../../Engine/Shaders/Private/HairStrands/HairStrandsMaterialPS.usf" 3066
"../../../Engine/Shaders/Private/HairStrands/HairStrandsMaterialCommon.ush" 3067
"../../../Engine/Shaders/Private/HairStrands/HairStrandsMaterialVS.usf" 3068
"../../../Engine/Shaders/Private/HairStrands/HairStrandsLightSample.usf" 3069
"../../../Engine/Shaders/Private/HairStrands/HairStrandsDeepShadowMask.usf" 3070
"../../../Engine/Shaders/Private/HairStrands/HairStrandsDeepTransmittanceMask.usf" 3071
"../../../Engine/Shaders/Private/HairStrands/HairStrandsVisibilityTile.usf" 3072
"../../../Engine/Shaders/Private/HairStrands/HairStrandsDeepShadowPS.usf" 3073
"../../../Engine/Shaders/Private/HairStrands/HairStrandsDeepShadowVS.usf" 3074
"../../../Engine/Shaders/Private/HairStrands/HairStrandsAABB.usf" 3075
"../../../Engine/Shaders/Private/HairStrands/HairStrandsLUT.usf" 3076
"../../../Engine/Shaders/Private/HairStrands/HairStrandsForwardRaster.usf" 3077
"../../../Engine/Shaders/Private/HairStrands/HairStrandsForwardCulling.usf" 3078
"../../../Engine/Shaders/Private/HairStrands/HairStrandsEnvironmentLighting.usf" 3079
"../../../Engine/Shaders/Private/HairStrands/HairStrandsEnvironmentAO.usf" 3080
"../../../Engine/Shaders/Private/HairStrands/HairStrandsDeepShadowAllocation.usf" 3081
"../../../Engine/Shaders/Private/HairStrands/HairStrandsVoxelDebug.usf" 3082
"../../../Engine/Shaders/Private/HairStrands/HairStrandsComposition.usf" 3083
"../../../Engine/Shaders/Private/HairStrands/HairStrandsGBufferCommon.ush" 3084
"../../../Engine/Shaders/Private/GPUScene/GPUSceneDataManagement.usf" 3085
"../../../Engine/Shaders/Private/GPUSceneDebugRender.usf" 3086
"../../../Engine/Shaders/Private/GPUFeedbackCompaction.usf" 3087
"../../../Engine/Shaders/Private/GPUFastFourierTransform.usf" 3088
"../../../Engine/Shaders/Private/GPUFastFourierTransform2DCore.ush" 3089
"../../../Engine/Shaders/Private/GPUFastFourierTransformCore.ush" 3090
"../../../Engine/Shaders/Private/GPUBenchmark.usf" 3091
"../../../Engine/Shaders/Private/DistanceField/GlobalDistanceFieldDebug.usf" 3092
"../../../Engine/Shaders/Private/DistanceField/GlobalDistanceFieldUpdate.ush" 3093
"../../../Engine/Shaders/Private/DistanceField/GlobalDistanceFieldMip.usf" 3094
"../../../Engine/Shaders/Private/DistanceField/GlobalDistanceField.usf" 3095
"../../../Engine/Shaders/Private/DistanceField/GlobalDistanceFieldCompositeObjects.usf" 3096
"../../../Engine/Shaders/Private/DistanceField/GlobalDistanceFieldHeightfields.usf" 3097
"../../../Engine/Shaders/Private/HeightfieldLightingShared.ush" 3098
"../../../Engine/Shaders/Private/GenerateConservativeDepth.usf" 3099
"../../../Engine/Shaders/Private/HeightFogPixelShader.usf" 3100
"../../../Engine/Shaders/Private/HeightFogVertexShader.usf" 3101
"../../../Engine/Shaders/Private/DistortFiltering.usf" 3102
"../../../Engine/Shaders/Private/DistortAccumulatePS.usf" 3103
"../../../Engine/Shaders/Private/DistortAccumulateVS.usf" 3104
"../../../Engine/Shaders/Private/DistanceFieldVisualization.usf" 3105
"../../../Engine/Shaders/Private/DistanceFieldStreaming.usf" 3106
"../../../Engine/Shaders/Private/DistanceFieldShadowing.usf" 3107
"../../../Engine/Shaders/Private/DistanceFieldScreenGridLighting.usf" 3108
"../../../Engine/Shaders/Private/DistanceFieldObjectCulling.usf" 3109
"../../../Engine/Shaders/Private/DistanceFieldLightingPost.usf" 3110
"../../../Engine/Shaders/Private/DitheredTransitionStencil.usf" 3111
"../../../Engine/Shaders/Private/CopyDepthTexture.usf" 3112
"../../../Engine/Shaders/Private/CopyDepthTextureCS.usf" 3113
"../../../Engine/Shaders/Private/DeferredDecal.usf" 3114
"../../../Engine/Shaders/Private/DecalCommon.ush" 3115
"../../../Engine/Shaders/Private/DebugViewModeVertexShader.usf" 3116
"../../../Engine/Shaders/Private/DebugViewModeCommon.ush" 3117
"../../../Engine/Shaders/Private/DebugViewModePixelShader.usf" 3118
"../../../Engine/Shaders/Private/DebugProbes.usf" 3119
"../../../Engine/Shaders/Private/MeshDecals.usf" 3120
"../../../Engine/Shaders/Private/PostProcessAmbientOcclusion.usf" 3121
"../../../Engine/Shaders/Private/ClusteredDeferredShadingPixelShader.usf" 3122
"../../../Engine/Shaders/Private/ClusteredDeferredShadingVertexShader.usf" 3123
"../../../Engine/Shaders/Private/CapsuleShadowShaders.usf" 3124
"../../../Engine/Shaders/Private/BasePassPixelShader.usf" 3125
"../../../Engine/Shaders/Private/ForwardLightingCommon.ush" 3126
"../../../Engine/Shaders/Private/Substrate/SubstrateForwardLighting.ush" 3127
"../../../Engine/Shaders/Private/ComputeShaderOutputCommon.ush" 3128
"../../../Engine/Shaders/Private/BasePassVertexShader.usf" 3129
"../../../Engine/Shaders/Private/BasePassVertexCommon.ush" 3130
"../../../Engine/Shaders/Private/SimpleElementVolumeTexturePreviewPixelShader.usf" 3131
"../../../Engine/Shaders/Private/SimpleElementTexture2DPreviewPixelShader.usf" 3132
"../../../Engine/Shaders/Private/meshpaintdilatepixelshader.usf" 3133
"../../../Engine/Shaders/Private/meshpaintdilatevertexshader.usf" 3134
"../../../Engine/Shaders/Private/MeshPaintPixelShader.usf" 3135
"../../../Engine/Shaders/Private/MeshPaintVertexShader.usf" 3136
"../../../Engine/Shaders/Private/SlateElementPixelShader.usf" 3137
"../../../Engine/Shaders/Private/SlateShaderCommon.ush" 3138
"../../../Engine/Shaders/Private/SlateMaskingShader.usf" 3139
"../../../Engine/Shaders/Private/SlateVertexShader.usf" 3140
"../../../Engine/Shaders/Private/CompositeUIPixelShader.usf" 3141
"../../../Engine/Shaders/Private/ColorDeficiency.ush" 3142
"../../../Engine/Shaders/Private/SlatePostProcessColorDeficiencyPixelShader.usf" 3143
"../../../Engine/Shaders/Private/SlatePostProcessPixelShader.usf" 3144
"../../../Engine/Shaders/Private/Tools/VisualizeTexture.usf" 3145
"../../../Engine/Shaders/Private/UpdateDescriptorHandle.usf" 3146
"../../../Engine/Shaders/Private/ByteBuffer.usf" 3147
"../../../Engine/Shaders/Private/ShaderBundleWorkGraphDispatch.usf" 3148
"../../../Engine/Shaders/Private/ShaderBundleDispatch.usf" 3149
"../../../Engine/Shaders/Private/ResolveVertexShader.usf" 3150
"../../../Engine/Shaders/Private/ResolvePixelShader.usf" 3151
"../../../Engine/Shaders/Private/Tools/SetupIndirectArgs.usf" 3152
"../../../Engine/Shaders/Private/ClearReplacementShaders.usf" 3153
"../../../Engine/Shaders/Private/Tools/DrawTexture.usf" 3154
"../../../Engine/Shaders/Private/RayTracing/RayTracingValidation.usf" 3155
"../../../Engine/Shaders/Private/RenderGraphUtilities.usf" 3156
"../../../Engine/Shaders/Private/OneColorShader.usf" 3157
"../../../Engine/Shaders/Private/OculusShaders.usf" 3158
"../../../Engine/Shaders/Private/MediaShaders.usf" 3159
"../../../Engine/Shaders/Private/GPUMessaging.usf" 3160
"../../../Engine/Shaders/Private/Tools/GPUDebugCrashUtils.usf" 3161
"../../../Engine/Shaders/Private/NullPixelShader.usf" 3162
"../../../Engine/Shaders/Private/ComputeGenerateMips.usf" 3163
"../../../Engine/Shaders/Private/Tools/DumpTexture.usf" 3164
"../../../Engine/Shaders/Private/CopyTextureShaders.usf" 3165
"../../../Engine/Shaders/Private/Tools/FullscreenVertexShader.usf" 3166
"../../../Engine/Shaders/Private/RayTracing/RayTracingDispatchDesc.usf" 3167
"../../../Engine/Shaders/Private/Bink.usf" 3168
"../../../Engine/Shaders/Private/VelocityShader.usf" 3169
"../../../Engine/Shaders/Private/DepthOnlyPixelShader.usf" 3170
"../../../Engine/Shaders/Private/PositionOnlyDepthVertexShader.usf" 3171
"../../../Engine/Shaders/Private/DepthOnlyVertexShader.usf" 3172
"../../../Engine/Shaders/Private/AnisotropyPassShader.usf" 3173
"/Engine/EngineResources/WhiteSquareTexture" 3174
"../../../Engine/Content/EngineResources/WhiteSquareTexture.uasset" 3175
"/Engine/EngineResources/GradientTexture0" 3176
"../../../Engine/Content/EngineResources/GradientTexture0.uasset" 3177
"/Engine/EngineResources/Black" 3178
"../../../Engine/Content/EngineResources/Black.uasset" 3179
"/Engine/EditorResources/S_Actor" 3180
"../../../Engine/Content/EditorResources/S_Actor.uasset" 3181
"/Engine/EngineFonts/RobotoDistanceField" 3182
"../../../Engine/Content/EngineFonts/RobotoDistanceField.uasset" 3183
"/Engine/EngineMaterials/DefaultTextMaterialOpaque" 3184
"../../../Engine/Content/EngineMaterials/DefaultTextMaterialOpaque.uasset" 3185
"/Engine/Functions/Engine_MaterialFunctions01/Shading/PowerToRoughness" 3186
"../../../Engine/Content/Functions/Engine_MaterialFunctions01/Shading/PowerToRoughness.uasset" 3187
"/Engine/Functions/Engine_MaterialFunctions01/Shading/ConvertFromDiffSpec" 3188
"../../../Engine/Content/Functions/Engine_MaterialFunctions01/Shading/ConvertFromDiffSpec.uasset" 3189
"/Engine/EngineMaterials/WorldGridMaterial" 3190
"../../../Engine/Content/EngineMaterials/WorldGridMaterial.uasset" 3191
"../../../Engine/Content/Functions/Engine_MaterialFunctions01/Opacity/CameraDepthFade.uasset" 3192
"../../../Engine/Content/EngineMaterials/T_Default_Material_Grid_M.uasset" 3193
"../../../Engine/Content/EngineMaterials/T_Default_Material_Grid_N.uasset" 3194
"/Engine/EngineMaterials/DefaultDeferredDecalMaterial" 3195
"../../../Engine/Content/EngineMaterials/DefaultDeferredDecalMaterial.uasset" 3196
"../../../Engine/Content/EngineMaterials/DefaultDiffuse.uasset" 3197
"/Engine/EngineMaterials/DefaultLightFunctionMaterial" 3198
"../../../Engine/Content/EngineMaterials/DefaultLightFunctionMaterial.uasset" 3199
"/Engine/EngineMaterials/DefaultPostProcessMaterial" 3200
"../../../Engine/Content/EngineMaterials/DefaultPostProcessMaterial.uasset" 3201
"../../../Engine/Content/Functions/Engine_MaterialFunctions02/Utility/BreakOutFloat2Components.uasset" 3202
"/Engine/EditorResources/S_Trigger" 3203
"../../../Engine/Content/EditorResources/S_Trigger.uasset" 3204
"/Engine/EditorResources/S_BoxReflectionCapture" 3205
"../../../Engine/Content/EditorResources/S_BoxReflectionCapture.uasset" 3206
"/Engine/EngineResources/DefaultTexture" 3207
"../../../Engine/Content/EngineResources/DefaultTexture.uasset" 3208
"/Engine/EditorResources/S_TriggerBox" 3209
"../../../Engine/Content/EditorResources/S_TriggerBox.uasset" 3210
"/Engine/EditorResources/S_TriggerCapsule" 3211
"../../../Engine/Content/EditorResources/S_TriggerCapsule.uasset" 3212
"/Engine/EditorResources/S_TriggerSphere" 3213
"../../../Engine/Content/EditorResources/S_TriggerSphere.uasset" 3214
"/Engine/EngineDamageTypes/DmgTypeBP_Environmental" 3215
"../../../Engine/Content/EngineDamageTypes/DmgTypeBP_Environmental.uasset" 3216
"/Engine/EngineMeshes/Sphere" 3217
"../../../Engine/Content/EngineMeshes/Sphere.uasset" 3218
"/Engine/EngineResources/DefaultTextureCube" 3219
"../../../Engine/Content/EngineResources/DefaultTextureCube.uasset" 3220
"/Engine/EngineResources/DefaultVolumeTexture" 3221
"../../../Engine/Content/EngineResources/DefaultVolumeTexture.uasset" 3222
"../../../Engine/Content/EngineResources/DefaultVolumeTexture2D.uasset" 3223
"/Engine/VREditor/TransformGizmo/SM_Sequencer_Node" 3224
"../../../Engine/Content/VREditor/TransformGizmo/SM_Sequencer_Node.uasset" 3225
"../../../Engine/Content/VREditor/TransformGizmo/Main.uasset" 3226
"../../../Engine/Content/VREditor/TransformGizmo/Xray.uasset" 3227
"/Engine/EditorResources/S_Solver" 3228
"../../../Engine/Content/EditorResources/S_Solver.uasset" 3229
"/Engine/EngineDebugMaterials/VolumeToRender" 3230
"../../../Engine/Content/EngineDebugMaterials/VolumeToRender.uasset" 3231
"/Engine/EngineDebugMaterials/M_VolumeRenderSphereTracePP" 3232
"../../../Engine/Content/EngineDebugMaterials/M_VolumeRenderSphereTracePP.uasset" 3233
"../../../Engine/Content/Functions/Engine_MaterialFunctions02/Utility/CameraDirectionVector.uasset" 3234
"/Engine/EditorMeshes/Camera/SM_CraneRig_Base" 3235
"../../../Engine/Content/EditorMeshes/Camera/SM_CraneRig_Base.uasset" 3236
"../../../Engine/Content/EditorMaterials/Camera/MI_CineMat_Rig.uasset" 3237
"../../../Engine/Content/EditorMaterials/Camera/CineMat.uasset" 3238
"/Engine/EditorMeshes/Camera/SM_CraneRig_Arm" 3239
"../../../Engine/Content/EditorMeshes/Camera/SM_CraneRig_Arm.uasset" 3240
"/Engine/EditorMeshes/Camera/SM_CraneRig_Mount" 3241
"../../../Engine/Content/EditorMeshes/Camera/SM_CraneRig_Mount.uasset" 3242
"/Engine/EditorMeshes/Camera/SM_CraneRig_Body" 3243
"../../../Engine/Content/EditorMeshes/Camera/SM_CraneRig_Body.uasset" 3244
"/Engine/EditorMeshes/Camera/SM_RailRig_Track" 3245
"../../../Engine/Content/EditorMeshes/Camera/SM_RailRig_Track.uasset" 3246
"/Engine/EditorMeshes/Camera/SM_RailRig_Mount" 3247
"../../../Engine/Content/EditorMeshes/Camera/SM_RailRig_Mount.uasset" 3248
"/Engine/EditorLandscapeResources/SplineEditorMesh" 3249
"../../../Engine/Content/EditorLandscapeResources/SplineEditorMesh.uasset" 3250
"../../../Engine/Content/EditorLandscapeResources/SplineEditorMeshMat.uasset" 3251
"/Engine/BasicShapes/Cube" 3252
"../../../Engine/Content/BasicShapes/Cube.uasset" 3253
"/CameraCalibrationCore/Materials/M_DefaultOddSquare" 3254
"../../Plugins/VirtualProduction/CameraCalibrationCore/Content/Materials/M_DefaultOddSquare.uasset" 3255
"/CameraCalibrationCore/Materials/M_DefaultEvenSquare" 3256
"../../Plugins/VirtualProduction/CameraCalibrationCore/Content/Materials/M_DefaultEvenSquare.uasset" 3257
"/HairStrands/Materials/HairDebugMaterial" 3258
"../../Plugins/Runtime/HairStrands/Content/Materials/HairDebugMaterial.uasset" 3259
"../../../Engine/Content/Functions/Engine_MaterialFunctions02/Utility/MakeFloat2.uasset" 3260
"../../../Engine/Content/Functions/Engine_MaterialFunctions02/Utility/MakeFloat3.uasset" 3261
"../../../Engine/Content/EngineMaterials/HairColorMap.uasset" 3262
"../../../Engine/Content/EngineMaterials/HairDebugColor.uasset" 3263
"../../Plugins/Runtime/HairStrands/Content/Materials/HairGroupColors.uasset" 3264
"/HairStrands/Materials/HairDefaultMaterial" 3265
"../../Plugins/Runtime/HairStrands/Content/Materials/HairDefaultMaterial.uasset" 3266
"/HairStrands/Materials/HairCardsDefaultMaterial" 3267
"../../Plugins/Runtime/HairStrands/Content/Materials/HairCardsDefaultMaterial.uasset" 3268
"/HairStrands/Materials/HairMeshesDefaultMaterial" 3269
"../../Plugins/Runtime/HairStrands/Content/Materials/HairMeshesDefaultMaterial.uasset" 3270
"/Engine/EngineMaterials/Widget3DPassThrough_Translucent" 3271
"../../../Engine/Content/EngineMaterials/Widget3DPassThrough_Translucent.uasset" 3272
"../../../Engine/Content/EngineMaterials/Widget3DPassThrough.uasset" 3273
"/Engine/EngineMaterials/Widget3DPassThrough_Translucent_OneSided" 3274
"../../../Engine/Content/EngineMaterials/Widget3DPassThrough_Translucent_OneSided.uasset" 3275
"/Engine/EngineMaterials/Widget3DPassThrough_Opaque" 3276
"../../../Engine/Content/EngineMaterials/Widget3DPassThrough_Opaque.uasset" 3277
"/Engine/EngineMaterials/Widget3DPassThrough_Opaque_OneSided" 3278
"../../../Engine/Content/EngineMaterials/Widget3DPassThrough_Opaque_OneSided.uasset" 3279
"/Engine/EngineMaterials/Widget3DPassThrough_Masked" 3280
"../../../Engine/Content/EngineMaterials/Widget3DPassThrough_Masked.uasset" 3281
"/Engine/EngineMaterials/Widget3DPassThrough_Masked_OneSided" 3282
"../../../Engine/Content/EngineMaterials/Widget3DPassThrough_Masked_OneSided.uasset" 3283
"/Engine/VREditor/ViewportInteractionAssetContainerData" 3284
"../../../Engine/Content/VREditor/ViewportInteractionAssetContainerData.uasset" 3285
"../../../Engine/Content/VREditor/SnapGrid/SnapGridMaterial.uasset" 3286
"../../../Engine/Content/VREditor/TransformGizmo/TransformGizmoMaterial_Inst.uasset" 3287
"../../../Engine/Content/VREditor/TransformGizmo/TranslucentTransformGizmoMaterial_Inst.uasset" 3288
"../../../Engine/Content/VREditor/SnapGrid/SnapGridPlaneMesh.uasset" 3289
"../../../Engine/Content/VREditor/Sounds/UI/Drop_Item_From_ContentBrowser.uasset" 3290
"../../../Engine/Content/VREditor/Sounds/UI/Gizmo_Handle_Clicked.uasset" 3291
"../../../Engine/Content/VREditor/Sounds/UI/Object_PickUp.uasset" 3292
"../../../Engine/Content/VREditor/Sounds/UI/Object_Snaps_To_Another_Actor.uasset" 3293
"../../../Engine/Content/VREditor/Sounds/UI/Object_Snaps_To_Grid.uasset" 3294
"../../../Engine/Content/VREditor/Sounds/UI/Scaling_Down.uasset" 3295
"../../../Engine/Content/VREditor/Sounds/UI/Scaling_Up.uasset" 3296
"../../../Engine/Content/VREditor/Sounds/UI/Selection_Changes.uasset" 3297
"../../../Engine/Content/VREditor/TransformGizmo/PlaneTranslationHandle.uasset" 3298
"../../../Engine/Content/VREditor/TransformGizmo/RotationHandleFull.uasset" 3299
"../../../Engine/Content/VREditor/TransformGizmo/RotationHandleIndicator.uasset" 3300
"../../../Engine/Content/VREditor/TransformGizmo/RotationHandleQuarter.uasset" 3301
"../../../Engine/Content/VREditor/TransformGizmo/StartRotationHandleIndicator.uasset" 3302
"../../../Engine/Content/VREditor/TransformGizmo/TransformGizmoFreeRotation.uasset" 3303
"../../../Engine/Content/VREditor/TransformGizmo/TranslateArrowHandle.uasset" 3304
"../../../Engine/Content/VREditor/TransformGizmo/UniformScaleHandle.uasset" 3305
"../../../Engine/Content/Functions/Engine_MaterialFunctions02/Math/Transform3x3Matrix.uasset" 3306
"../../../Engine/Content/Functions/Engine_MaterialFunctions02/SplitComponents.uasset" 3307
"../../../Engine/Content/VREditor/TransformGizmo/TransformGizmoMaterial.uasset" 3308
"../../../Engine/Content/VREditor/TransformGizmo/TranslucentTransformGizmoMaterial.uasset" 3309
"../../../Engine/Content/Functions/Engine_MaterialFunctions02/Utility/BreakOutFloat3Components.uasset" 3310
"../../../Engine/Content/VREditor/LaserPointer/VR_LaserPower_01.uasset" 3311
"/Engine/VREditor/TransformGizmo/BoundingBoxCorner" 3312
"../../../Engine/Content/VREditor/TransformGizmo/BoundingBoxCorner.uasset" 3313
"/Engine/VREditor/TransformGizmo/BoundingBoxEdge" 3314
"../../../Engine/Content/VREditor/TransformGizmo/BoundingBoxEdge.uasset" 3315
"/Engine/ArtTools/RenderToTexture/Meshes/S_1_Unit_Plane" 3316
"../../../Engine/Content/ArtTools/RenderToTexture/Meshes/S_1_Unit_Plane.uasset" 3317
"/Engine/EngineDebugMaterials/M_SimpleUnlitTranslucent" 3318
"../../../Engine/Content/EngineDebugMaterials/M_SimpleUnlitTranslucent.uasset" 3319
"/Engine/EngineFonts/Roboto" 3320
"../../../Engine/Content/EngineFonts/Roboto.uasset" 3321
"../../../Engine/Content/EngineFonts/Faces/DroidSansFallback.uasset" 3322
"../../../Engine/Content/EngineFonts/Faces/RobotoBold.uasset" 3323
"../../../Engine/Content/EngineFonts/Faces/RobotoBoldItalic.uasset" 3324
"../../../Engine/Content/EngineFonts/Faces/RobotoItalic.uasset" 3325
"../../../Engine/Content/EngineFonts/Faces/RobotoLight.uasset" 3326
"../../../Engine/Content/EngineFonts/Faces/RobotoRegular.uasset" 3327
"/Engine/EditorMaterials/ParticleSystems/PSysThumbnail_NoImage" 3328
"../../../Engine/Content/EditorMaterials/ParticleSystems/PSysThumbnail_NoImage.uasset" 3329
"/Engine/EditorMaterials/ParticleSystems/PSysThumbnail_OOD" 3330
"../../../Engine/Content/EditorMaterials/ParticleSystems/PSysThumbnail_OOD.uasset" 3331
"/Engine/EngineResources/LandscapeVisibilityLayerInfo" 3332
"../../../Engine/Content/EngineResources/LandscapeVisibilityLayerInfo.uasset" 3333
"/ACLPlugin/ACLAnimBoneCompressionSettings" 3334
"../../Plugins/Animation/ACLPlugin/Content/ACLAnimBoneCompressionSettings.uasset" 3335
"/Engine/Animation/DefaultRecorderBoneCompression" 3336
"../../../Engine/Content/Animation/DefaultRecorderBoneCompression.uasset" 3337
"/ACLPlugin/ACLAnimCurveCompressionSettings" 3338
"../../Plugins/Animation/ACLPlugin/Content/ACLAnimCurveCompressionSettings.uasset" 3339
"/Engine/Animation/DefaultVariableFrameStrippingSettings" 3340
"../../../Engine/Content/Animation/DefaultVariableFrameStrippingSettings.uasset" 3341
"/ControlRig/Controls/ControlRigXRayMaterial" 3342
"../../Plugins/Animation/ControlRig/Content/Controls/ControlRigXRayMaterial.uasset" 3343
"/ControlRig/Controls/DefaultGizmoLibraryNormalized" 3344
"../../Plugins/Animation/ControlRig/Content/Controls/DefaultGizmoLibraryNormalized.uasset" 3345
"/AudioWidgets/Resources/ScrubHandleDown_Clamped" 3346
"../../Plugins/Runtime/AudioWidgets/Content/Resources/ScrubHandleDown_Clamped.uasset" 3347
"/Paper2D/MaskedUnlitSpriteMaterial" 3348
"../../Plugins/2D/Paper2D/Content/MaskedUnlitSpriteMaterial.uasset" 3349
"../../Plugins/2D/Paper2D/Content/DefaultSpriteMaterial.uasset" 3350
"../../Plugins/2D/Paper2D/Content/PlaceholderTextures/DummySpriteTexture.uasset" 3351
"/Paper2D/OpaqueUnlitSpriteMaterial" 3352
"../../Plugins/2D/Paper2D/Content/OpaqueUnlitSpriteMaterial.uasset" 3353
"/Paper2D/DefaultPaperTerrainMaterial" 3354
"../../Plugins/2D/Paper2D/Content/DefaultPaperTerrainMaterial.uasset" 3355
"../../Plugins/2D/Paper2D/Content/DummySprite.uasset" 3356
"/ControlRig/M_Manip" 3357
"../../Plugins/Animation/ControlRig/Content/M_Manip.uasset" 3358
"../../../Engine/Content/Functions/Engine_MaterialFunctions02/WorldPositionOffset/CameraOffset.uasset" 3359
"/Engine/BasicShapes/Plane" 3360
"../../../Engine/Content/BasicShapes/Plane.uasset" 3361
"/Game/Ryuji/Material/M_AnimatedImage_CPP" 3362
"../../../../../../Users/xingh/Desktop/VR/KurumaIsu/Content/Ryuji/Material/M_AnimatedImage_CPP.uasset" 3363
"../../../../../../Users/xingh/Desktop/VR/KurumaIsu/Content/Ryuji/Image/kurumaisu.uasset" 3364
"/Game/Sound/SFX/ElevatorDoor" 3365
"../../../../../../Users/xingh/Desktop/VR/KurumaIsu/Content/Sound/SFX/ElevatorDoor.uasset" 3366
"/Game/Sound/SFX/ElevatorEngine" 3367
"../../../../../../Users/xingh/Desktop/VR/KurumaIsu/Content/Sound/SFX/ElevatorEngine.uasset" 3368
"/Game/Sound/SFX/ElevatorButton" 3369
"../../../../../../Users/xingh/Desktop/VR/KurumaIsu/Content/Sound/SFX/ElevatorButton.uasset" 3370
"/Game/Sound/SFX/DoorOpen" 3371
"../../../../../../Users/xingh/Desktop/VR/KurumaIsu/Content/Sound/SFX/DoorOpen.uasset" 3372
"/Game/Characters/Nuigurumi/PP_NuiInnerGlowScreenV2" 3373
"../../../../../../Users/xingh/Desktop/VR/KurumaIsu/Content/Characters/Nuigurumi/PP_NuiInnerGlowScreenV2.uasset" 3374
"/Game/Sound/SFX/MonsterFirst" 3375
"../../../../../../Users/xingh/Desktop/VR/KurumaIsu/Content/Sound/SFX/MonsterFirst.uasset" 3376
"/Game/Sound/SFX/MonsterSound" 3377
"../../../../../../Users/xingh/Desktop/VR/KurumaIsu/Content/Sound/SFX/MonsterSound.uasset" 3378
"../../../Engine/Intermediate/ProjectFiles/PrimaryProjectPath.txt" 3379
"/OpenXR/Devices/HTCVive/HTCViveController" 3380
"../../Plugins/Runtime/OpenXR/Content/Devices/HTCVive/HTCViveController.uasset" 3381
"../../Plugins/Runtime/OpenXR/Content/Devices/HTCVive/MI_HTCVive.uasset" 3382
"../../Plugins/Runtime/OpenXR/Content/Devices/M_XRController.uasset" 3383
"../../../Engine/Content/EngineMaterials/BaseFlattenNormalMap.uasset" 3384
"../../Plugins/Runtime/OpenXR/Content/Devices/HTCVive/BaseTexture.uasset" 3385
"/OpenXR/Devices/MicrosoftMixedReality/Left/left_MicrosoftMixedRealityController" 3386
"../../Plugins/Runtime/OpenXR/Content/Devices/MicrosoftMixedReality/Left/left_MicrosoftMixedRealityController.uasset" 3387
"../../Plugins/Runtime/OpenXR/Content/Devices/MicrosoftMixedReality/MI_MicrosoftMixedReality.uasset" 3388
"../../Plugins/Runtime/OpenXR/Content/Devices/MicrosoftMixedReality/BaseTexture.uasset" 3389
"../../Plugins/Runtime/OpenXR/Content/Devices/MicrosoftMixedReality/EmissiveTexture.uasset" 3390
"../../Plugins/Runtime/OpenXR/Content/Devices/MicrosoftMixedReality/MRTexture.uasset" 3391
"../../Plugins/Runtime/OpenXR/Content/Devices/MicrosoftMixedReality/NormalTexture.uasset" 3392
"/OpenXR/Devices/MicrosoftMixedReality/Right/right_MicrosoftMixedRealityController" 3393
"../../Plugins/Runtime/OpenXR/Content/Devices/MicrosoftMixedReality/Right/right_MicrosoftMixedRealityController.uasset" 3394
"/OpenXR/Devices/OculusGo/OculusGoController" 3395
"../../Plugins/Runtime/OpenXR/Content/Devices/OculusGo/OculusGoController.uasset" 3396
"../../Plugins/Runtime/OpenXR/Content/Devices/OculusGo/MI_OculusGo.uasset" 3397
"../../Plugins/Runtime/OpenXR/Content/Devices/OculusGo/BaseTexture.uasset" 3398
"/OpenXR/Devices/OculusTouch/Left/left_OculusTouchController" 3399
"../../Plugins/Runtime/OpenXR/Content/Devices/OculusTouch/Left/left_OculusTouchController.uasset" 3400
"../../Plugins/Runtime/OpenXR/Content/Devices/OculusTouch/MI_OculusTouch.uasset" 3401
"../../Plugins/Runtime/OpenXR/Content/Devices/OculusTouch/BaseTexture.uasset" 3402
"../../Plugins/Runtime/OpenXR/Content/Devices/OculusTouch/MRTexture.uasset" 3403
"/OpenXR/Devices/OculusTouch/Right/right_OculusTouchController" 3404
"../../Plugins/Runtime/OpenXR/Content/Devices/OculusTouch/Right/right_OculusTouchController.uasset" 3405
"/OpenXR/Devices/ValveIndex/Left/left_ValveIndexController" 3406
"../../Plugins/Runtime/OpenXR/Content/Devices/ValveIndex/Left/left_ValveIndexController.uasset" 3407
"../../Plugins/Runtime/OpenXR/Content/Devices/ValveIndex/Left/MI_left_ValveIndex.uasset" 3408
"../../Plugins/Runtime/OpenXR/Content/Devices/ValveIndex/BaseTexture.uasset" 3409
"../../Plugins/Runtime/OpenXR/Content/Devices/ValveIndex/MRTexture.uasset" 3410
"/OpenXR/Devices/ValveIndex/Right/right_ValveIndexController" 3411
"../../Plugins/Runtime/OpenXR/Content/Devices/ValveIndex/Right/right_ValveIndexController.uasset" 3412
"../../Plugins/Runtime/OpenXR/Content/Devices/ValveIndex/Right/MI_right_ValveIndex.uasset" 3413
"/OpenXR/Devices/OculusTouch_v2/Left/left_OculusTouch_v2Controller" 3414
"../../Plugins/Runtime/OpenXR/Content/Devices/OculusTouch_v2/Left/left_OculusTouch_v2Controller.uasset" 3415
"../../Plugins/Runtime/OpenXR/Content/Devices/OculusTouch_v2/MI_OculusTouch_v2.uasset" 3416
"../../Plugins/Runtime/OpenXR/Content/Devices/OculusTouch_v2/BaseTexture.uasset" 3417
"../../Plugins/Runtime/OpenXR/Content/Devices/OculusTouch_v2/MRTexture.uasset" 3418
"/OpenXR/Devices/OculusTouch_v2/Right/right_OculusTouch_v2Controller" 3419
"../../Plugins/Runtime/OpenXR/Content/Devices/OculusTouch_v2/Right/right_OculusTouch_v2Controller.uasset" 3420
"/OpenXR/Devices/OculusTouch_v3/Left/left_OculusTouch_v3Controller" 3421
"../../Plugins/Runtime/OpenXR/Content/Devices/OculusTouch_v3/Left/left_OculusTouch_v3Controller.uasset" 3422
"../../Plugins/Runtime/OpenXR/Content/Devices/OculusTouch_v3/MI_OculusTouch_v3.uasset" 3423
"../../Plugins/Runtime/OpenXR/Content/Devices/OculusTouch_v3/BaseTexture.uasset" 3424
"../../Plugins/Runtime/OpenXR/Content/Devices/OculusTouch_v3/MRTexture.uasset" 3425
"/OpenXR/Devices/OculusTouch_v3/Right/right_OculusTouch_v3Controller" 3426
"../../Plugins/Runtime/OpenXR/Content/Devices/OculusTouch_v3/Right/right_OculusTouch_v3Controller.uasset" 3427
"/SpeedTreeImporter/SpeedTree9/SpeedTreeMaster" 3428
"../../Plugins/Editor/SpeedTreeImporter/Content/SpeedTree9/SpeedTreeMaster.uasset" 3429
"../../../Engine/Content/Functions/Engine_MaterialFunctions02/ObjectLocalBounds.uasset" 3430
"../../../Engine/Content/Functions/Engine_MaterialFunctions02/SafeNormalize.uasset" 3431
"../../../Engine/Content/Functions/Engine_MaterialFunctions02/Utility/VectorLength.uasset" 3432
"../../../Engine/Content/Functions/Engine_MaterialFunctions02/UVs/BoundingBoxBased_0-1_UVW.uasset" 3433
"../../../Engine/Content/Functions/Engine_MaterialFunctions02/WorldPositionOffset/ObjectScale.uasset" 3434
"../../Plugins/Editor/SpeedTreeImporter/Content/SpeedTree9/SpeedTreeBranchMotion.uasset" 3435
"../../Plugins/Editor/SpeedTreeImporter/Content/SpeedTree9/SpeedTreeCameraFacing.uasset" 3436
"../../Plugins/Editor/SpeedTreeImporter/Content/SpeedTree9/SpeedTreeWind.uasset" 3437
"../../Plugins/Editor/SpeedTreeImporter/Content/SpeedTree9/SpeedTreeWindMotion.uasset" 3438
"../../Plugins/Editor/SpeedTreeImporter/Content/SpeedTree9/UnpackDirection.uasset" 3439
"../../Plugins/Editor/SpeedTreeImporter/Content/SpeedTree9/UnpackInteger3.uasset" 3440
"../../Plugins/Editor/SpeedTreeImporter/Content/SpeedTree9/Empty.uasset" 3441
"../../Plugins/Editor/SpeedTreeImporter/Content/SpeedTree9/EmptyNormal.uasset" 3442
"../../Plugins/Editor/SpeedTreeImporter/Content/SpeedTree9/game_wind_noise.uasset" 3443
"/SpeedTreeImporter/SpeedTree9/SpeedTreeBillboardMaster" 3444
"../../Plugins/Editor/SpeedTreeImporter/Content/SpeedTree9/SpeedTreeBillboardMaster.uasset" 3445
"../../Plugins/Editor/SpeedTreeImporter/Content/SpeedTree9/SpeedTreeBillboard.uasset" 3446
"/MediaPlate/SM_MediaPlateScreen" 3447
"../../Plugins/Media/MediaPlate/Content/SM_MediaPlateScreen.uasset" 3448
"/Engine/BasicShapes/BasicShapeMaterial" 3449
"../../../Engine/Content/BasicShapes/BasicShapeMaterial.uasset" 3450
"/Engine/EditorMaterials/Dataflow/DataflowVertexMaterial" 3451
"../../../Engine/Content/EditorMaterials/Dataflow/DataflowVertexMaterial.uasset" 3452
"/Engine/EditorMaterials/Dataflow/DataflowTwoSidedVertexMaterial" 3453
"../../../Engine/Content/EditorMaterials/Dataflow/DataflowTwoSidedVertexMaterial.uasset" 3454
"/Engine/EditorLandscapeResources/LayerVisMaterial" 3455
"../../../Engine/Content/EditorLandscapeResources/LayerVisMaterial.uasset" 3456
"../../../Engine/Content/EditorLandscapeResources/WhiteSquareTexture.uasset" 3457
"/Engine/EditorLandscapeResources/SelectBrushMaterial_Selected" 3458
"../../../Engine/Content/EditorLandscapeResources/SelectBrushMaterial_Selected.uasset" 3459
"../../../Engine/Content/EditorLandscapeResources/SelectBrushMaterial.uasset" 3460
"../../../Engine/Content/Functions/Engine_MaterialFunctions03/Math/WithinRangeFloat2.uasset" 3461
"../../../Engine/Content/EditorLandscapeResources/DefaultAlphaTexture.uasset" 3462
"/Engine/EditorLandscapeResources/SelectBrushMaterial_SelectedRegion" 3463
"../../../Engine/Content/EditorLandscapeResources/SelectBrushMaterial_SelectedRegion.uasset" 3464
"/Engine/EditorLandscapeResources/MaskBrushMaterial_MaskedRegion" 3465
"../../../Engine/Content/EditorLandscapeResources/MaskBrushMaterial_MaskedRegion.uasset" 3466
"../../../Engine/Content/EditorLandscapeResources/MaskBrushMaterial.uasset" 3467
"/Engine/EditorLandscapeResources/ColorMaskBrushMaterial_MaskedRegion" 3468
"../../../Engine/Content/EditorLandscapeResources/ColorMaskBrushMaterial_MaskedRegion.uasset" 3469
"../../../Engine/Content/EditorLandscapeResources/ColorMaskBrushMaterial.uasset" 3470
"/Engine/EditorLandscapeResources/LandscapeDirtyMaterial" 3471
"../../../Engine/Content/EditorLandscapeResources/LandscapeDirtyMaterial.uasset" 3472
"/Engine/EditorLandscapeResources/LandscapeLayerUsageMaterial" 3473
"../../../Engine/Content/EditorLandscapeResources/LandscapeLayerUsageMaterial.uasset" 3474
"../../../Engine/Content/Functions/Engine_MaterialFunctions01/Debug/DebugIntValues.uasset" 3475
"../../../Engine/Content/Functions/Engine_MaterialFunctions01/Texturing/ScaleUVsByCenter.uasset" 3476
"../../../Engine/Content/Functions/Engine_MaterialFunctions02/WorldPositionOffset/LocalPosition.uasset" 3477
"../../../Engine/Content/Functions/Engine_MaterialFunctions01/Texturing/TextureCropping.uasset" 3478
"../../../Engine/Content/Functions/Engine_MaterialFunctions02/ExampleContent/DebugNumberStrip.uasset" 3479
"C:/Users/xingh/AppData/Local/UnrealEngine/Editor/UInteractiveToolsPresetCollectionAsset_DefaultCollection.json" 3480
"/Engine/EngineMaterials/NaniteHiddenSectionMaterial" 3481
"../../../Engine/Content/EngineMaterials/NaniteHiddenSectionMaterial.uasset" 3482
"/Engine/EngineMaterials/RemoveSurfaceMaterial" 3483
"../../../Engine/Content/EngineMaterials/RemoveSurfaceMaterial.uasset" 3484
"/Engine/EngineDebugMaterials/DebugMeshMaterial" 3485
"../../../Engine/Content/EngineDebugMaterials/DebugMeshMaterial.uasset" 3486
"/Engine/EngineMaterials/EmissiveMeshMaterial" 3487
"../../../Engine/Content/EngineMaterials/EmissiveMeshMaterial.uasset" 3488
"../../../Engine/Content/EngineMaterials/DefaultWhiteGrid_Low.uasset" 3489
"/Engine/EngineMaterials/M_InvalidLightmapSettings" 3490
"../../../Engine/Content/EngineMaterials/M_InvalidLightmapSettings.uasset" 3491
"../../../Engine/Content/EngineMaterials/InvalidLightmapSettings.uasset" 3492
"/Engine/EngineMaterials/GizmoMaterial" 3493
"../../../Engine/Content/EngineMaterials/GizmoMaterial.uasset" 3494
"/Engine/EngineMaterials/PhAT_JointLimitMaterial" 3495
"../../../Engine/Content/EngineMaterials/PhAT_JointLimitMaterial.uasset" 3496
"/Engine/EngineMaterials/FlattenMaterial" 3497
"../../../Engine/Content/EngineMaterials/FlattenMaterial.uasset" 3498
"../../../Engine/Content/EngineMaterials/BaseFlattenDiffuseMap.uasset" 3499
"../../../Engine/Content/EngineMaterials/BaseFlattenEmissiveMap.uasset" 3500
"../../../Engine/Content/EngineMaterials/BaseFlattenGrayscaleMap.uasset" 3501
"../../../Engine/Content/EngineMaterials/BaseFlattenLinearColor.uasset" 3502
"../../../Engine/Content/Functions/Engine_MaterialFunctions02/PivotPainter2/Black_1x1_EXR_Texture.uasset" 3503
"/Engine/EngineMaterials/FlattenMaterial_VT" 3504
"../../../Engine/Content/EngineMaterials/FlattenMaterial_VT.uasset" 3505
"../../../Engine/Content/EngineMaterials/BaseFlattenDiffuseMap_VT.uasset" 3506
"../../../Engine/Content/EngineMaterials/BaseFlattenEmissiveMap_VT.uasset" 3507
"../../../Engine/Content/EngineMaterials/BaseFlattenGrayscaleMap_VT.uasset" 3508
"../../../Engine/Content/EngineMaterials/BaseFlattenLinearColor_VT.uasset" 3509
"../../../Engine/Content/EngineMaterials/BaseFlattenNormalMap_VT.uasset" 3510
"../../../Engine/Content/EngineMaterials/Black_1x1_EXR_Texture_VT.uasset" 3511
"/Engine/EngineMaterials/FlattenMaterial_WS_Normal_VT" 3512
"../../../Engine/Content/EngineMaterials/FlattenMaterial_WS_Normal_VT.uasset" 3513
"/Engine/EngineMaterials/Good64x64TilingNoiseHighFreq" 3514
"../../../Engine/Content/EngineMaterials/Good64x64TilingNoiseHighFreq.uasset" 3515
"/Engine/EngineMaterials/DefaultBokeh" 3516
"../../../Engine/Content/EngineMaterials/DefaultBokeh.uasset" 3517
"/Engine/EngineMaterials/MiniFont" 3518
"../../../Engine/Content/EngineMaterials/MiniFont.uasset" 3519
"/Engine/EngineMaterials/WeightMapPlaceholderTexture" 3520
"../../../Engine/Content/EngineMaterials/WeightMapPlaceholderTexture.uasset" 3521
"/Engine/EngineMaterials/WeightMapArrayPlaceholderTexture" 3522
"../../../Engine/Content/EngineMaterials/WeightMapArrayPlaceholderTexture.uasset" 3523
"/Engine/EngineMaterials/DefaultWhiteGrid" 3524
"../../../Engine/Content/EngineMaterials/DefaultWhiteGrid.uasset" 3525
"/Engine/EngineMaterials/PreintegratedSkinBRDF" 3526
"../../../Engine/Content/EngineMaterials/PreintegratedSkinBRDF.uasset" 3527
"/Engine/EngineMaterials/LTC/GGX_LTCAmp" 3528
"../../../Engine/Content/EngineMaterials/LTC/GGX_LTCAmp.uasset" 3529
"/Engine/EngineMaterials/LTC/GGX_LTCMat" 3530
"../../../Engine/Content/EngineMaterials/LTC/GGX_LTCMat.uasset" 3531
"/Engine/EngineMaterials/EnergyConservation/GGX_ReflectionEnergy" 3532
"../../../Engine/Content/EngineMaterials/EnergyConservation/GGX_ReflectionEnergy.uasset" 3533
"/Engine/EngineMaterials/EnergyConservation/GGX_TransmissionEnergyArray" 3534
"../../../Engine/Content/EngineMaterials/EnergyConservation/GGX_TransmissionEnergyArray.uasset" 3535
"/Engine/EngineMaterials/EnergyConservation/SheenLegacy_Energy" 3536
"../../../Engine/Content/EngineMaterials/EnergyConservation/SheenLegacy_Energy.uasset" 3537
"/Engine/EngineMaterials/DefaultPhysicalMaterial" 3538
"../../../Engine/Content/EngineMaterials/DefaultPhysicalMaterial.uasset" 3539
"/Engine/EngineMaterials/DefaultDestructiblePhysicalMaterial" 3540
"../../../Engine/Content/EngineMaterials/DefaultDestructiblePhysicalMaterial.uasset" 3541
"C:/Users/xingh/AppData/Local/UnrealEngine/Editor/ProjectEditorRecords.json" 3542
"/Niagara/ParameterDefinitions/SpriteRenderer" 3543
"../../Plugins/FX/Niagara/Content/ParameterDefinitions/SpriteRenderer.uasset" 3544
"/Niagara/ParameterDefinitions/RibbonRenderer" 3545
"../../Plugins/FX/Niagara/Content/ParameterDefinitions/RibbonRenderer.uasset" 3546
"/Niagara/ParameterDefinitions/MeshRenderer" 3547
"../../Plugins/FX/Niagara/Content/ParameterDefinitions/MeshRenderer.uasset" 3548
"/Niagara/ParameterDefinitions/LightRenderer" 3549
"../../Plugins/FX/Niagara/Content/ParameterDefinitions/LightRenderer.uasset" 3550
"/Niagara/ParameterDefinitions/DecalRenderer" 3551
"../../Plugins/FX/Niagara/Content/ParameterDefinitions/DecalRenderer.uasset" 3552
"/Niagara/ParameterDefinitions/CoreParameters" 3553
"../../Plugins/FX/Niagara/Content/ParameterDefinitions/CoreParameters.uasset" 3554
"/DeformerGraph/Deformers/DG_LinearBlendSkin_Morph_Cloth" 3555
"../../Plugins/Animation/DeformerGraph/Content/Deformers/DG_LinearBlendSkin_Morph_Cloth.uasset" 3556
"../../Plugins/Animation/DeformerGraph/Content/DeformerFunctions/DG_Function_LinearBlendSkin_Morph_Cloth.uasset" 3557
"/DeformerGraph/Deformers/DG_LinearBlendSkin_Morph_Cloth_RecomputeNormals" 3558
"../../Plugins/Animation/DeformerGraph/Content/Deformers/DG_LinearBlendSkin_Morph_Cloth_RecomputeNormals.uasset" 3559
"../../Plugins/Animation/DeformerGraph/Content/DeformerFunctions/DG_Function_ComputeNormalsTangents.uasset" 3560
"../../Plugins/Animation/DeformerGraph/Content/DeformerFunctions/DG_Function_LinearBlendSkin_Morph_Cloth_PositionOnly.uasset" 3561
"/Engine/BasicShapes/Sphere" 3562
"../../../Engine/Content/BasicShapes/Sphere.uasset" 3563
"../../../Engine/Content/EngineMaterials/DefaultMaterial.uasset" 3564
"/Engine/BasicShapes/Cylinder" 3565
"../../../Engine/Content/BasicShapes/Cylinder.uasset" 3566
"/Engine/BasicShapes/Cone" 3567
"../../../Engine/Content/BasicShapes/Cone.uasset" 3568
"/Engine/EngineFonts/DroidSansMono" 3569
"../../../Engine/Content/EngineFonts/DroidSansMono.uasset" 3570
"../../../Engine/Content/EngineFonts/Faces/DroidSansMono.uasset" 3571
"../../../Engine/Documentation/Source/Shared/Types/ABrush/ABrush.JPN.udn" 3572
"../../../Engine/Content/Internationalization/icudt64l/brkitr/ja.res" 3573
"../../../Engine/Content/Internationalization/icudt64l/brkitr/root.res" 3574
"../../../Engine/Content/Internationalization/icudt64l/brkitr/char.brk" 3575
"../../../Engine/Content/Internationalization/icudt64l/brkitr/word.brk" 3576
"/Engine/EditorResources/SequenceRecorder/Countdown" 3577
"../../../Engine/Content/EditorResources/SequenceRecorder/Countdown.uasset" 3578
"/Engine/EditorResources/SequenceRecorder/RecordingIndicator" 3579
"../../../Engine/Content/EditorResources/SequenceRecorder/RecordingIndicator.uasset" 3580
"/Engine/EditorMaterials/PhAT_UnselectedMaterial" 3581
"../../../Engine/Content/EditorMaterials/PhAT_UnselectedMaterial.uasset" 3582
"/Engine/EditorMaterials/PhAT_NoCollisionMaterial" 3583
"../../../Engine/Content/EditorMaterials/PhAT_NoCollisionMaterial.uasset" 3584
"/Engine/EditorResources/S_Terrain" 3585
"../../../Engine/Content/EditorResources/S_Terrain.uasset" 3586
"../../../Engine/Plugins/FX/Niagara/Shaders/Private/NiagaraDataInterfaceTexture2DArrayTemplate.ush" 3587
"../../../Engine/Plugins/FX/Niagara/Shaders/Private/NiagaraDataInterfaceActorComponentTemplate.ush" 3588
"../../../Engine/Plugins/FX/Niagara/Shaders/Private/NiagaraDataInterfaceArrayTemplate.ush" 3589
"../../../Engine/Plugins/FX/Niagara/Shaders/Private/NiagaraDataInterfaceArrayRWTemplate.ush" 3590
"../../../Engine/Plugins/FX/Niagara/Shaders/Private/NiagaraDataInterfaceAsyncGpuTrace.ush" 3591
"../../../Engine/Plugins/FX/Niagara/Shaders/Private/NiagaraDataInterfaceAsyncGpuTraceTemplate.ush" 3592
"../../../Engine/Plugins/FX/Niagara/Shaders/Private/NiagaraDataInterfaceCamera.ush" 3593
"../../../Engine/Plugins/Experimental/ChaosNiagara/Shaders/NiagaraDataInterfaceChaosDestruction.ush" 3594
"../../../Engine/Plugins/FX/Niagara/Shaders/Private/NiagaraDataInterfaceCollisionQuery.ush" 3595
"C:/Users/xingh/Desktop/VR/KurumaIsu/Intermediate/ShaderAutogen/PCD3D_SM5/AutogenShaderHeaders.ush" 3596
"../../../Engine/Plugins/FX/Niagara/Shaders/Private/NiagaraDataInterfaceCollisionQueryTemplate.ush" 3597
"../../../Engine/Plugins/FX/Niagara/Shaders/Private/NiagaraDataInterfaceCurveTemplate.ush" 3598
"../../../Engine/Plugins/FX/Niagara/Shaders/Private/NiagaraDataInterfaceCubeTextureTemplate.ush" 3599
"../../../Engine/Plugins/FX/Niagara/Shaders/Private/DataChannel/NiagaraDataInterfaceDataChannelCommon.ush" 3600
"../../../Engine/Plugins/FX/Niagara/Shaders/Private/DataChannel/NiagaraDataInterfaceDataChannelTemplateCommon.ush" 3601
"../../../Engine/Plugins/FX/Niagara/Shaders/Private/DataChannel/NiagaraDataInterfaceDataChannelTemplateReadCommon.ush" 3602
"../../../Engine/Plugins/FX/Niagara/Shaders/Private/DataChannel/NiagaraDataInterfaceDataChannelTemplate_Read.ush" 3603
"../../../Engine/Plugins/FX/Niagara/Shaders/Private/DataChannel/NiagaraDataInterfaceDataChannelTemplate_Consume.ush" 3604
"../../../Engine/Plugins/FX/Niagara/Shaders/Private/DataChannel/NiagaraDataInterfaceDataChannelTemplateWriteCommon.ush" 3605
"../../../Engine/Plugins/FX/Niagara/Shaders/Private/DataChannel/NiagaraDataInterfaceDataChannelTemplate_Append.ush" 3606
"../../../Engine/Plugins/FX/Niagara/Shaders/Private/NiagaraDataInterfaceDataTableTemplate.ush" 3607
"../../../Engine/Plugins/FX/Niagara/Shaders/Private/NiagaraDataInterfaceDebugDraw.ush" 3608
"../../../Engine/Plugins/FX/Niagara/Shaders/Private/NiagaraDataInterfaceDebugDrawTemplate.ush" 3609
"../../../Engine/Plugins/FX/Niagara/Shaders/Private/NiagaraDataInterfaceDynamicMeshTemplate.ush" 3610
"../../../Engine/Plugins/FX/Niagara/Shaders/Private/NiagaraDataInterfaceEmitterPropertiesTemplate.ush" 3611
"../../../Engine/Plugins/FX/Niagara/Shaders/Private/NiagaraDataInterfaceExportTemplate.ush" 3612
"../../../Engine/Plugins/FX/Niagara/Shaders/Private/NiagaraDataInterfaceGBufferTemplate.ush" 3613
"../../../Engine/Plugins/Experimental/ChaosNiagara/Shaders/NiagaraDataInterfaceGeometryCollection.ush" 3614
"../../../Engine/Plugins/FX/Niagara/Shaders/Private/NiagaraTransformUtils.ush" 3615
"../../../Engine/Plugins/Runtime/HairStrands/Shaders/Private/NiagaraStrandsExternalForce.ush" 3616
"../../../Engine/Plugins/Runtime/HairStrands/Shaders/Private/NiagaraHookeSpringMaterial.ush" 3617
"../../../Engine/Plugins/Runtime/HairStrands/Shaders/Private/NiagaraAngularSpringMaterial.ush" 3618
"../../../Engine/Plugins/Runtime/HairStrands/Shaders/Private/NiagaraConstantVolumeMaterial.ush" 3619
"../../../Engine/Plugins/Runtime/HairStrands/Shaders/Private/NiagaraCosseratRodMaterial.ush" 3620
"../../../Engine/Plugins/Runtime/HairStrands/Shaders/Private/NiagaraStaticCollisionConstraint.ush" 3621
"../../../Engine/Plugins/Runtime/HairStrands/Shaders/Private/NiagaraDataInterfaceHairStrands.ush" 3622
"../../../Engine/Plugins/Runtime/HairStrands/Shaders/Private/NiagaraDataInterfaceHairStrandsTemplate.ush" 3623
"../../../Engine/Plugins/FX/Niagara/Shaders/Private/NiagaraDataInterfaceIntRenderTarget2D.ush" 3624
"../../../Engine/Plugins/FX/Niagara/Shaders/Private/NiagaraDataInterfaceLandscape.ush" 3625
"../../../Engine/Plugins/FX/Niagara/Shaders/Private/NiagaraDataInterfaceMemoryBufferTemplate.ush" 3626
"../../../Engine/Plugins/FX/Niagara/Shaders/Private/NiagaraDataInterfaceMeshRendererInfoTemplate.ush" 3627
"../../../Engine/Plugins/FX/Niagara/Shaders/Private/NiagaraDataInterfaceOcclusion.ush" 3628
"../../../Engine/Plugins/FX/Niagara/Shaders/Private/NiagaraDataInterfacePhysicsAsset.ush" 3629
"../../../Engine/Plugins/Experimental/ChaosNiagara/Shaders/NiagaraDataInterfacePhysicsField.ush" 3630
"../../../Engine/Plugins/FX/Niagara/Shaders/Private/NiagaraDataInterfacePlatformSetTemplate.ush" 3631
"../../../Engine/Plugins/Runtime/HairStrands/Shaders/Private/NiagaraDataInterfaceVelocityGrid.ush" 3632
"../../../Engine/Plugins/Runtime/HairStrands/Shaders/Private/NiagaraDataInterfaceVelocityGridTemplate.ush" 3633
"../../../Engine/Plugins/Runtime/HairStrands/Shaders/Private/NiagaraDataInterfacePressureGrid.ush" 3634
"../../../Engine/Plugins/Runtime/HairStrands/Shaders/Private/NiagaraDataInterfacePressureGridTemplate.ush" 3635
"../../../Engine/Plugins/FX/Niagara/Shaders/Private/NiagaraDataInterfaceRenderTarget2DTemplate.ush" 3636
"../../../Engine/Plugins/FX/Niagara/Shaders/Private/NiagaraDataInterfaceRenderTarget2DArrayTemplate.ush" 3637
"../../../Engine/Plugins/FX/Niagara/Shaders/Private/NiagaraDataInterfaceRenderTargetCubeTemplate.ush" 3638
"../../../Engine/Plugins/FX/Niagara/Shaders/Private/NiagaraDataInterfaceRenderTargetVolumeTemplate.ush" 3639
"../../../Engine/Plugins/FX/Niagara/Shaders/Private/NiagaraDataInterfaceRigidMeshCollisionQuery.ush" 3640
"../../../Engine/Plugins/FX/Niagara/Shaders/Private/NiagaraDistanceFieldQueries.ush" 3641
"../../../Engine/Plugins/FX/Niagara/Shaders/Private/NiagaraDataInterfaceSceneCapture2DTemplate.ush" 3642
"../../../Engine/Plugins/FX/Niagara/Shaders/Private/NiagaraDataInterfaceSimCacheReaderTemplate.ush" 3643
"../../../Engine/Plugins/FX/Niagara/Shaders/Private/NiagaraDataInterfaceSimpleCounterTemplate.ush" 3644
"../../../Engine/Plugins/FX/Niagara/Shaders/Private/NiagaraDataInterfaceSkeletalMesh.ush" 3645
"../../../Engine/Plugins/FX/Niagara/Shaders/Private/NiagaraBaryCentricUtils.ush" 3646
"../../../Engine/Plugins/FX/Niagara/Shaders/Private/NiagaraDataInterfaceSkeletalMeshTemplate.ush" 3647
"../../../Engine/Plugins/FX/Niagara/Shaders/Private/NiagaraDataInterfaceSocketReaderTemplate.ush" 3648
"../../../Engine/Plugins/FX/Niagara/Shaders/Private/NiagaraDataInterfaceSparseVolumeTextureTemplate.ush" 3649
"../../../Engine/Plugins/FX/Niagara/Shaders/Private/NiagaraDataInterfaceSplineTemplate.ush" 3650
"../../../Engine/Plugins/FX/Niagara/Shaders/Private/NiagaraDataInterfaceSpriteRendererInfoTemplate.ush" 3651
"../../../Engine/Plugins/FX/Niagara/Shaders/Private/NiagaraDataInterfaceStaticMeshTemplate.ush" 3652
"../../../Engine/Plugins/FX/Niagara/Shaders/Private/NiagaraDataInterfaceTextureTemplate.ush" 3653
"../../../Engine/Plugins/FX/Niagara/Shaders/Private/NiagaraDataInterfaceVirtualTexture.ush" 3654
"../../../Engine/Plugins/FX/Niagara/Shaders/Private/NiagaraDataInterfaceVirtualTextureTemplate.ush" 3655
"../../../Engine/Plugins/FX/Niagara/Shaders/Private/NiagaraDataInterfaceVolumeCache.ush" 3656
"../../../Engine/Plugins/FX/Niagara/Shaders/Private/NiagaraDataInterfaceVolumeTextureTemplate.ush" 3657
"/Game/VRTemplate/VFX/NPC_VRTemplate" 3658
"../../../../../../Users/xingh/Desktop/VR/KurumaIsu/Content/VRTemplate/VFX/NPC_VRTemplate.uasset" 3659
"../../../../../../Users/xingh/Desktop/VR/KurumaIsu/Intermediate/ShaderAutogen/PCD3D_SM5/AutogenShaderHeaders.ush" 3660
"C:/Users/xingh/Desktop/VR/KurumaIsu/Content/Level/Floor/LV_Stage4F_BuiltData.uasset" 3661
"C:/Users/xingh/Desktop/VR/KurumaIsu/Content/Level/Rooms/Material/RoomTile/Tile5/Concrete042B_4K-PNG_NormalDX.uasset" 3662
"C:/Users/xingh/Desktop/VR/KurumaIsu/Content/Level/Rooms/Material/RoomTile/Tile4/Tiles136A_4K-PNG_Color.uasset" 3663
"C:/Users/xingh/Desktop/VR/KurumaIsu/Content/Level/Rooms/Material/RoomTile/Tile4/Tiles136A_4K-PNG_AmbientOcclusion.uasset" 3664
"C:/Users/xingh/Desktop/VR/KurumaIsu/Content/Level/Rooms/Material/RoomTile/Tile4/Tiles136A_4K-PNG_Roughness.uasset" 3665
"C:/Users/xingh/Desktop/VR/KurumaIsu/Content/Level/Rooms/Material/RoomTile/Tile5/Concrete042B_4K-PNG_Roughness.uasset" 3666
"C:/Users/xingh/Desktop/VR/KurumaIsu/Content/Level/Rooms/Material/RoomTile/RoomTile4.uasset" 3667
"C:/Users/xingh/Desktop/VR/KurumaIsu/Content/Yoshida/BP_ExitKey2.uasset" 3668
"C:/Users/xingh/Desktop/VR/KurumaIsu/Content/TripoModels/Key1/Key1.uasset" 3669
"C:/Users/xingh/Desktop/VR/KurumaIsu/Content/TripoModels/Key3/Textures/Key3_Tex.uasset" 3670
"C:/Users/xingh/Desktop/VR/KurumaIsu/Content/Level/Rooms/Material/Dirt/mold/Wallpaper002C_4K-PNG_Color.uasset" 3671
"C:/Users/xingh/Desktop/VR/KurumaIsu/Content/Level/Rooms/Material/Dirt/ground/Ground045_4K-PNG_Color.uasset" 3672
"C:/Users/xingh/Desktop/VR/KurumaIsu/Content/TripoModels/Key1/Key1_Mat.uasset" 3673
"C:/Users/xingh/Desktop/VR/KurumaIsu/Content/TripoModels/Key4/Textures/Key4_Tex.uasset" 3674
"C:/Users/xingh/Desktop/VR/KurumaIsu/Content/Yoshida/BP_ItemLight3.uasset" 3675
"C:/Users/xingh/Desktop/VR/KurumaIsu/Content/Yoshida/BP_ExitKey3.uasset" 3676
"C:/Users/xingh/Desktop/VR/KurumaIsu/Content/TripoModels/Key3/Key3_Mat.uasset" 3677
"C:/Users/xingh/Desktop/VR/KurumaIsu/Content/TripoModels/Key4/Key4_Mat.uasset" 3678
"C:/Users/xingh/Desktop/VR/KurumaIsu/Content/Level/Rooms/Material/RoomTile/Tile4/Tiles136A_4K-PNG_NormalDX.uasset" 3679
"C:/Users/xingh/Desktop/VR/KurumaIsu/Content/TripoModels/Key4/Key4.uasset" 3680
"/Game/Level/Floor/LV_Stage4F_BuiltData" 3681
"C:/Users/xingh/Desktop/VR/KurumaIsu/Content/Level/Rooms/Material/RoomTile/Tile5/Concrete042B_4K-PNG_Color.uasset" 3682
"C:/Users/xingh/Desktop/VR/KurumaIsu/Content/Yoshida/BP_ItemLight2.uasset" 3683
"C:/Users/xingh/Desktop/VR/KurumaIsu/Content/Level/Rooms/Material/RoomTile/RoomTile5.uasset" 3684
"C:/Users/xingh/Desktop/VR/KurumaIsu/Content/TripoModels/Key3/Key3.uasset" 3685
"C:/Users/xingh/Desktop/VR/KurumaIsu/Content/TripoModels/Key1/Textures/Key1_Tex.uasset" 3686
"C:/Users/xingh/Desktop/VR/KurumaIsu/Content/Yoshida/BP_ExitKey1.uasset" 3687
"C:/Users/xingh/Desktop/VR/KurumaIsu/Content/Level/Rooms/Material/RoomTile/Tile5/Concrete042B_4K-PNG_AmbientOcclusion.uasset" 3688
"C:/Users/xingh/Desktop/VR/KurumaIsu/Content/Characters/Monster/BP_MonsterDeactiveTrigger.uasset" 3689
"C:/Users/xingh/Desktop/VR/KurumaIsu/Content/TripoModels/Key2/Key2_Mat.uasset" 3690
"C:/Users/xingh/Desktop/VR/KurumaIsu/Content/TripoModels/Key2/Textures/Key2_Tex.uasset" 3691
"C:/Users/xingh/Desktop/VR/KurumaIsu/Content/Yoshida/BP_ItemLight1.uasset" 3692
"C:/Users/xingh/Desktop/VR/KurumaIsu/Content/TripoModels/Key2/Key2.uasset" 3693
"/Game/Level/Rooms/Material/RoomTile/Tile5/Concrete042B_4K-PNG_NormalDX" 3694
"/Game/Level/Rooms/Material/RoomTile/Tile5/Concrete042B_4K-PNG_Roughness" 3695
"/Game/Level/Rooms/Material/RoomTile/Tile4/Tiles136A_4K-PNG_AmbientOcclusion" 3696
"/Game/Level/Rooms/Material/RoomTile/Tile4/Tiles136A_4K-PNG_Color" 3697
"/Game/Level/Rooms/Material/RoomTile/Tile4/Tiles136A_4K-PNG_Roughness" 3698
"/Game/TripoModels/Key3/Textures/Key3_Tex" 3699
"C:/Users/xingh/Desktop/VR/KurumaIsu/Content/Yoshida/BP_ItemLight4.uasset" 3700
"C:/Users/xingh/Desktop/VR/KurumaIsu/Content/Yoshida/CURVE_ItemLight.uasset" 3701
"C:/Users/xingh/Desktop/VR/KurumaIsu/Content/Yoshida/BP_HorrorSpotLight.uasset" 3702
"/Game/Level/Rooms/Material/Dirt/ground/Ground045_4K-PNG_Color" 3703
"C:/Users/xingh/Desktop/VR/KurumaIsu/Content/TripoModels/rack/rack_Mat.uasset" 3704
"C:/Users/xingh/Desktop/VR/KurumaIsu/Content/TripoModels/rack/Textures/rack_Tex.uasset" 3705
"C:/Users/xingh/Desktop/VR/KurumaIsu/Content/Yoshida/BP_ExitKey4.uasset" 3706
"C:/Users/xingh/Desktop/VR/KurumaIsu/Content/Yoshida/BP_ItemGenerater.uasset" 3707
"/Game/Level/Rooms/Material/RoomTile/Tile5/Concrete042B_4K-PNG_AmbientOcclusion" 3708
"/Game/Level/Rooms/Material/RoomTile/Tile5/Concrete042B_4K-PNG_Color" 3709
"/Game/Level/Rooms/Material/RoomTile/RoomTile5" 3710
"../../../Engine/Content/Functions/Engine_MaterialFunctions01/Gradient/LinearGradient.uasset" 3711
"../../../Engine/Content/Functions/Engine_MaterialFunctions01/ImageAdjustment/CheapContrast.uasset" 3712
"../../../Engine/Content/Functions/Engine_MaterialFunctions01/Texturing/WorldAlignedNormal.uasset" 3713
"../../../Engine/Content/Functions/Engine_MaterialFunctions01/Texturing/WorldAlignedTexture.uasset" 3714
"../../../Engine/Content/Functions/Engine_MaterialFunctions02/Math/CreateThirdOrthogonalVector.uasset" 3715
"../../../Engine/Content/Functions/Engine_MaterialFunctions02/WorldAlignedNormals_HighQuality.uasset" 3716
"../../../Engine/Content/EngineMaterials/DefaultNormal_Uncompressed.uasset" 3717
"/Game/Level/Rooms/Material/RoomTile/Tile4/Tiles136A_4K-PNG_NormalDX" 3718
"/Game/Level/Rooms/Material/Dirt/mold/Wallpaper002C_4K-PNG_Color" 3719
"/Game/Level/Rooms/Material/RoomTile/RoomTile4" 3720
"/Game/Characters/Monster/BP_MonsterDeactiveTrigger" 3721
"../../../Engine/Content/EditorBlueprintResources/StandardMacros.uasset" 3722
"../../../../../../Users/xingh/Desktop/VR/KurumaIsu/Content/Characters/Monster/BPMonster.uasset" 3723
"../../../../../../Users/xingh/Desktop/VR/KurumaIsu/Content/Characters/Blueprints/WheelChairPawn.uasset" 3724
"../../../../../../Users/xingh/Desktop/VR/KurumaIsu/Content/Characters/Monster/BPMonsterAIController.uasset" 3725
"../../../../../../Users/xingh/Desktop/VR/KurumaIsu/Content/Ryuji/WBP/WBP_Fade.uasset" 3726
"../../../../../../Users/xingh/Desktop/VR/KurumaIsu/Content/Sound/SFX/MonsterCaptured_01.uasset" 3727
"../../../../../../Users/xingh/Desktop/VR/KurumaIsu/Content/Sound/SFX/MonsterCaptured_02.uasset" 3728
"../../../../../../Users/xingh/Desktop/VR/KurumaIsu/Content/TripoModels/Monster/Monster.uasset" 3729
"../../../../../../Users/xingh/Desktop/VR/KurumaIsu/Content/Characters/MannequinsXR/Meshes/ABP_MannequinsXR.uasset" 3730
"../../../../../../Users/xingh/Desktop/VR/KurumaIsu/Content/Characters/MannequinsXR/B_MannequinsXR.uasset" 3731
"../../../../../../Users/xingh/Desktop/VR/KurumaIsu/Content/VRTemplate/Blueprints/B_AssetGuideline.uasset" 3732
"../../../../../../Users/xingh/Desktop/VR/KurumaIsu/Content/VRTemplate/Blueprints/GrabComponent.uasset" 3733
"../../../../../../Users/xingh/Desktop/VR/KurumaIsu/Content/VRTemplate/Blueprints/Menu.uasset" 3734
"../../../../../../Users/xingh/Desktop/VR/KurumaIsu/Content/VRTemplate/Blueprints/VRTeleportVisualizer.uasset" 3735
"../../../../../../Users/xingh/Desktop/VR/KurumaIsu/Content/VRTemplate/Input/Actions/Debug/IA_Hand_Debug_Move_Left.uasset" 3736
"../../../../../../Users/xingh/Desktop/VR/KurumaIsu/Content/VRTemplate/Input/Actions/Debug/IA_Hand_Debug_Move_Right.uasset" 3737
"../../../../../../Users/xingh/Desktop/VR/KurumaIsu/Content/VRTemplate/Input/Actions/Hands/IA_Hand_Grasp_Left.uasset" 3738
"../../../../../../Users/xingh/Desktop/VR/KurumaIsu/Content/VRTemplate/Input/Actions/Hands/IA_Hand_Grasp_Right.uasset" 3739
"../../../../../../Users/xingh/Desktop/VR/KurumaIsu/Content/VRTemplate/Input/Actions/Hands/IA_Hand_IndexCurl_Left.uasset" 3740
"../../../../../../Users/xingh/Desktop/VR/KurumaIsu/Content/VRTemplate/Input/Actions/Hands/IA_Hand_IndexCurl_Right.uasset" 3741
"../../../../../../Users/xingh/Desktop/VR/KurumaIsu/Content/VRTemplate/Input/Actions/Hands/IA_Hand_Point_Left.uasset" 3742
"../../../../../../Users/xingh/Desktop/VR/KurumaIsu/Content/VRTemplate/Input/Actions/Hands/IA_Hand_Point_Right.uasset" 3743
"../../../../../../Users/xingh/Desktop/VR/KurumaIsu/Content/VRTemplate/Input/Actions/Hands/IA_Hand_ThumbUp_Left.uasset" 3744
"../../../../../../Users/xingh/Desktop/VR/KurumaIsu/Content/VRTemplate/Input/Actions/Hands/IA_Hand_ThumbUp_Right.uasset" 3745
"../../../../../../Users/xingh/Desktop/VR/KurumaIsu/Content/VRTemplate/Input/Actions/IA_Grab_Left.uasset" 3746
"../../../../../../Users/xingh/Desktop/VR/KurumaIsu/Content/VRTemplate/Input/Actions/IA_Grab_Right.uasset" 3747
"../../../../../../Users/xingh/Desktop/VR/KurumaIsu/Content/VRTemplate/Input/Actions/IA_Menu_Toggle_Left.uasset" 3748
"../../../../../../Users/xingh/Desktop/VR/KurumaIsu/Content/VRTemplate/Input/Actions/IA_Menu_Toggle_Right.uasset" 3749
"../../../../../../Users/xingh/Desktop/VR/KurumaIsu/Content/VRTemplate/Input/Actions/IA_Move.uasset" 3750
"../../../../../../Users/xingh/Desktop/VR/KurumaIsu/Content/VRTemplate/Input/Actions/IA_Smooth_Move.uasset" 3751
"../../../../../../Users/xingh/Desktop/VR/KurumaIsu/Content/VRTemplate/Input/Actions/IA_Smooth_Turn.uasset" 3752
"../../../../../../Users/xingh/Desktop/VR/KurumaIsu/Content/VRTemplate/Input/Actions/IA_Turn.uasset" 3753
"../../../../../../Users/xingh/Desktop/VR/KurumaIsu/Content/Yoshida/IA_DebugInput.uasset" 3754
"../../../../../../Users/xingh/Desktop/VR/KurumaIsu/Content/Yoshida/IA_LeftButtonA.uasset" 3755
"../../../../../../Users/xingh/Desktop/VR/KurumaIsu/Content/Yoshida/IA_LeftStick.uasset" 3756
"../../../../../../Users/xingh/Desktop/VR/KurumaIsu/Content/Yoshida/IA_RightStick.uasset" 3757
"../../../../../../Users/xingh/Desktop/VR/KurumaIsu/Content/VRTemplate/Input/IMC_Default.uasset" 3758
"../../../../../../Users/xingh/Desktop/VR/KurumaIsu/Content/VRTemplate/Input/IMC_Hands.uasset" 3759
"../../../../../../Users/xingh/Desktop/VR/KurumaIsu/Content/VRTemplate/Input/IMC_Hands_Debug.uasset" 3760
"../../../../../../Users/xingh/Desktop/VR/KurumaIsu/Content/VRTemplate/VFX/NS_TeleportTrace.uasset" 3761
"../../../Engine/Content/VREditor/Devices/Generic/GenericHMD.uasset" 3762
"../../../../../../Users/xingh/Desktop/VR/KurumaIsu/Content/Characters/Kurumaisu/kurumaisu_model.uasset" 3763
"../../../../../../Users/xingh/Desktop/VR/KurumaIsu/Content/Characters/MannequinsXR/Meshes/SKM_MannyXR_right.uasset" 3764
"../../../../../../Users/xingh/Desktop/VR/KurumaIsu/Content/Characters/Monster/BTMonster.uasset" 3765
"../../../../../../Users/xingh/Desktop/VR/KurumaIsu/Content/TripoModels/Monster/Monster_Mat.uasset" 3766
"../../../../../../Users/xingh/Desktop/VR/KurumaIsu/Content/Characters/MannequinsXR/Animations/A_MannequinsXR_Grasp_Right.uasset" 3767
"../../../../../../Users/xingh/Desktop/VR/KurumaIsu/Content/Characters/MannequinsXR/Animations/A_MannequinsXR_Idle_Right.uasset" 3768
"../../../../../../Users/xingh/Desktop/VR/KurumaIsu/Content/Characters/MannequinsXR/Animations/A_MannequinsXR_IndexCurl_Right.uasset" 3769
"../../../../../../Users/xingh/Desktop/VR/KurumaIsu/Content/Characters/MannequinsXR/Animations/A_MannequinsXR_Point_Right.uasset" 3770
"../../../../../../Users/xingh/Desktop/VR/KurumaIsu/Content/Characters/MannequinsXR/Animations/A_MannequinsXR_ThumbUp_Right.uasset" 3771
"../../../../../../Users/xingh/Desktop/VR/KurumaIsu/Content/Characters/MannequinsXR/Animations/MDT_MannequinsXR.uasset" 3772
"../../../../../../Users/xingh/Desktop/VR/KurumaIsu/Content/Characters/MannequinsXR/Meshes/SK_MannequinsXR.uasset" 3773
"../../../../../../Users/xingh/Desktop/VR/KurumaIsu/Content/Characters/MannequinsXR/Meshes/SKM_MannyXR_left.uasset" 3774
"../../../../../../Users/xingh/Desktop/VR/KurumaIsu/Content/VRTemplate/Haptics/GrabHapticEffect.uasset" 3775
"../../../../../../Users/xingh/Desktop/VR/KurumaIsu/Content/VRTemplate/Blueprints/GrabType.uasset" 3776
"../../../../../../Users/xingh/Desktop/VR/KurumaIsu/Content/VRTemplate/Input/Actions/IA_Menu_Cursor_Left.uasset" 3777
"../../../../../../Users/xingh/Desktop/VR/KurumaIsu/Content/VRTemplate/Input/Actions/IA_Menu_Cursor_Right.uasset" 3778
"../../../../../../Users/xingh/Desktop/VR/KurumaIsu/Content/VRTemplate/Input/Actions/IA_Menu_Interact_Left.uasset" 3779
"../../../../../../Users/xingh/Desktop/VR/KurumaIsu/Content/VRTemplate/Input/Actions/IA_Menu_Interact_Right.uasset" 3780
"../../../../../../Users/xingh/Desktop/VR/KurumaIsu/Content/VRTemplate/Input/IMC_Menu.uasset" 3781
"../../../../../../Users/xingh/Desktop/VR/KurumaIsu/Content/VRTemplate/Materials/M_VRCursor.uasset" 3782
"../../../../../../Users/xingh/Desktop/VR/KurumaIsu/Content/VRTemplate/VFX/NS_MenuLaser.uasset" 3783
"../../../../../../Users/xingh/Desktop/VR/KurumaIsu/Content/VRTemplate/Blueprints/WidgetMenu.uasset" 3784
"../../../../../../Users/xingh/Desktop/VR/KurumaIsu/Content/VRTemplate/VFX/NS_PlayAreaBounds.uasset" 3785
"../../../../../../Users/xingh/Desktop/VR/KurumaIsu/Content/VRTemplate/VFX/NS_TeleportRing.uasset" 3786
"../../../../../../Users/xingh/Desktop/VR/KurumaIsu/Content/VRTemplate/Input/B_InputModifier_XAxisPositiveOnly.uasset" 3787
"../../../../../../Users/xingh/Desktop/VR/KurumaIsu/Content/Yoshida/IA_RightButtonA.uasset" 3788
"../../../../../../Users/xingh/Desktop/VR/KurumaIsu/Content/VRTemplate/Materials/DefaultRibbonMaterial_NoGradient.uasset" 3789
"../../Plugins/FX/Niagara/Content/DynamicInputs/Helpers/SimulationPosition.uasset" 3790
"../../Plugins/FX/Niagara/Content/DynamicInputs/Multiply/Multiply_VectorByFloat.uasset" 3791
"../../Plugins/FX/Niagara/Content/DynamicInputs/ValueFromCurve/ColorFromCurve.uasset" 3792
"../../Plugins/FX/Niagara/Content/DynamicInputs/ValueFromCurve/FloatFromCurve.uasset" 3793
"../../Plugins/FX/Niagara/Content/Functions/Localspace/SimulationPosition.uasset" 3794
"../../Plugins/FX/Niagara/Content/Modules/Beams/BeamEmitterSetup.uasset" 3795
"../../Plugins/FX/Niagara/Content/Modules/Beams/BeamWidth.uasset" 3796
"../../Plugins/FX/Niagara/Content/Modules/Beams/SpawnBeam.uasset" 3797
"../../Plugins/FX/Niagara/Content/Modules/Emitter/EmitterState.uasset" 3798
"../../Plugins/FX/Niagara/Content/Modules/Emitter/SpawnBurst_Instantaneous.uasset" 3799
"../../Plugins/FX/Niagara/Content/Modules/Solvers/SolveForcesAndVelocity.uasset" 3800
"../../Plugins/FX/Niagara/Content/Modules/Spawn/Initialization/InitializeParticle.uasset" 3801
"../../Plugins/FX/Niagara/Content/Modules/System/SystemState.uasset" 3802
"../../Plugins/FX/Niagara/Content/Modules/Update/Color/Color.uasset" 3803
"../../Plugins/FX/Niagara/Content/Modules/Update/Lifetime/ParticleState.uasset" 3804
"../../Plugins/FX/Niagara/Content/Enums/ENiagara_EmitterStateOptions.uasset" 3805
"../../Plugins/FX/Niagara/Content/Enums/ENiagara_InfiniteLoopDuration.uasset" 3806
"../../Plugins/FX/Niagara/Content/Enums/ENiagaraEmitterLifeCycleMode.uasset" 3807
"../../Plugins/FX/Niagara/Content/Enums/ENiagaraEmitterScalabilityMode_Limited.uasset" 3808
"../../Plugins/FX/Niagara/Content/Enums/ENiagaraInactiveMode.uasset" 3809
"../../Plugins/FX/Niagara/Content/Enums/ENiagaraSystemInactiveMode.uasset" 3810
"../../../Engine/Content/VREditor/Devices/Generic/GenericHMDMaterial.uasset" 3811
"../../../../../../Users/xingh/Desktop/VR/KurumaIsu/Content/Characters/Kurumaisu/kurumai.uasset" 3812
"../../../../../../Users/xingh/Desktop/VR/KurumaIsu/Content/Characters/MannequinsXR/Materials/Instances/Manny/MI_Manny_02.uasset" 3813
"../../../../../../Users/xingh/Desktop/VR/KurumaIsu/Content/Characters/MannequinsXR/Meshes/SkeletalMeshLODSettings_MannequinsXR.uasset" 3814
"../../../../../../Users/xingh/Desktop/VR/KurumaIsu/Content/Characters/Monster/BBMonster.uasset" 3815
"../../../../../../Users/xingh/Desktop/VR/KurumaIsu/Content/TripoModels/Materials/M_Tripo_PBR_Master.uasset" 3816
"../../../../../../Users/xingh/Desktop/VR/KurumaIsu/Content/TripoModels/Monster/Textures/Monster_basecolor.uasset" 3817
"../../../../../../Users/xingh/Desktop/VR/KurumaIsu/Content/TripoModels/Monster/Textures/Monster_metallic.uasset" 3818
"../../../../../../Users/xingh/Desktop/VR/KurumaIsu/Content/TripoModels/Monster/Textures/Monster_normal.uasset" 3819
"../../../../../../Users/xingh/Desktop/VR/KurumaIsu/Content/TripoModels/Monster/Textures/Monster_roughness.uasset" 3820
"../../../Engine/Content/Animation/DefaultAnimCurveCompressionSettings.uasset" 3821
"../../Plugins/FX/Niagara/Content/Modules/Spawn/Initialization/V2/InitializeParticle.uasset" 3822
"../../Plugins/FX/Niagara/Content/Enums/ENiagara_ColorInitializationMode.uasset" 3823
"../../Plugins/FX/Niagara/Content/Enums/ENiagara_LifetimeMode.uasset" 3824
"../../Plugins/FX/Niagara/Content/Enums/ENiagara_MassInitializationMode.uasset" 3825
"../../Plugins/FX/Niagara/Content/Enums/ENiagara_PositionInitializationMode.uasset" 3826
"../../Plugins/FX/Niagara/Content/Enums/ENiagara_SizeScaleMode.uasset" 3827
"../../Plugins/FX/Niagara/Content/Enums/ENiagara_SpriteRotationMode.uasset" 3828
"../../Plugins/FX/Niagara/Content/Enums/ENiagara_UVFlippingMode.uasset" 3829
"../../Plugins/FX/Niagara/Content/Enums/ENiagaraChannelCorrelation.uasset" 3830
"../../Plugins/FX/Niagara/Content/Enums/ENiagaraRandomnessMode.uasset" 3831
"../../Plugins/FX/Niagara/Content/Enums/Ribbons/ENiagara_UnsetDirectSetRandom.uasset" 3832
"../../../../../../Users/xingh/Desktop/VR/KurumaIsu/Content/VRTemplate/Materials/M_TeleportNoise.uasset" 3833
"../../Plugins/FX/Niagara/Content/DynamicInputs/Arrays/SelectVectorFromArray.uasset" 3834
"../../Plugins/FX/Niagara/Content/DynamicInputs/Execution/ReturnExecIndex.uasset" 3835
"../../Plugins/FX/Niagara/Content/DynamicInputs/Execution/ReturnNormalizedExecIndex.uasset" 3836
"../../Plugins/FX/Niagara/Content/DynamicInputs/Multiply/Multiply_Vector.uasset" 3837
"../../Plugins/FX/Niagara/Content/Modules/Spawn/Initialization/InitializeRibbon.uasset" 3838
"../../Plugins/FX/Niagara/Content/Enums/ENiagara_WrapClamp.uasset" 3839
"../../Plugins/FX/Niagara/Content/Enums/ENiagaraArraySamplingMode.uasset" 3840
"../../Plugins/FX/Niagara/Content/Enums/ENiagaraRandomnessEvaluation.uasset" 3841
"../../Plugins/FX/Niagara/Content/Enums/Ribbons/ENiagara_UnsetDirectSet.uasset" 3842
"../../../../../../Users/xingh/Desktop/VR/KurumaIsu/Content/VRTemplate/Materials/M_TeleportCylinder.uasset" 3843
"../../Plugins/FX/Niagara/Content/Modules/Spawn/Location/TorusLocation.uasset" 3844
"../../Plugins/FX/Niagara/Content/Enums/ENiagaraTorusDistributionMode.uasset" 3845
"../../Plugins/FX/Niagara/Content/Enums/ENiagaraTorusMode.uasset" 3846
"../../Plugins/FX/Niagara/Content/Functions/Localspace/TransformVector.uasset" 3847
"../../Plugins/FX/Niagara/Content/Functions/DirectionAndLengthSafe.uasset" 3848
"../../Plugins/FX/Niagara/Content/Functions/Localspace/TransformPosition.uasset" 3849
"../../Plugins/FX/Niagara/Content/Functions/NormalizedExecutionIndex.uasset" 3850
"../../Plugins/FX/Niagara/Content/Functions/Spline/FindPositionOnBezierSpline.uasset" 3851
"../../Plugins/FX/Niagara/Content/Functions/Emitter/EmitterChangeState.uasset" 3852
"../../Plugins/FX/Niagara/Content/Icons/Modules/T_Icon_Scalability_Emitter.uasset" 3853
"../../Plugins/FX/Niagara/Content/Icons/Modules/T_Icon_Scalability_System.uasset" 3854
"../../Plugins/FX/Niagara/Content/Functions/V2/CalculateRandomRangeFloat.uasset" 3855
"../../Plugins/FX/Niagara/Content/Functions/Drag/DragVelocity.uasset" 3856
"../../Plugins/FX/Niagara/Content/Functions/Math/CentimeterMeterConversion.uasset" 3857
"../../Plugins/FX/Niagara/Content/Functions/Rotation/MultiplyVectorWithQuaternion.uasset" 3858
"../../Plugins/FX/Niagara/Content/Modules/Solvers/ApplyRotationVector.uasset" 3859
"../../Plugins/FX/Niagara/Content/Icons/Modules/T_Icon_Solver_LimitAccel.uasset" 3860
"../../Plugins/FX/Niagara/Content/Icons/Modules/T_Icon_Solver_LimitSpeed.uasset" 3861
"../../Plugins/FX/Niagara/Content/Icons/Modules/T_Icon_Solver_RotationalSolve.uasset" 3862
"../../Plugins/FX/Niagara/Content/Functions/RandomRangeFloat.uasset" 3863
"../../Plugins/FX/Niagara/Content/Functions/System/SystemChangeState.uasset" 3864
"../../Plugins/FX/Niagara/Content/Functions/Math/SaturateFloat.uasset" 3865
"../../Plugins/FX/Niagara/Content/Icons/Modules/T_Icon_Particle_InfiniteLife.uasset" 3866
"../../../../../../Users/xingh/Desktop/VR/KurumaIsu/Content/Characters/Kurumaisu/KuIsu_AlbedoTransparency.uasset" 3867
"../../../../../../Users/xingh/Desktop/VR/KurumaIsu/Content/Characters/Kurumaisu/KuIsu_MetallicSmoothness.uasset" 3868
"../../../../../../Users/xingh/Desktop/VR/KurumaIsu/Content/Characters/Kurumaisu/low_02_KI_Normal.uasset" 3869
"../../../../../../Users/xingh/Desktop/VR/KurumaIsu/Content/Characters/Kurumaisu/low_02_KI_Roughness.uasset" 3870
"../../../../../../Users/xingh/Desktop/VR/KurumaIsu/Content/Characters/MannequinsXR/Materials/Instances/Manny/MI_Manny_01.uasset" 3871
"../../../../../../Users/xingh/Desktop/VR/KurumaIsu/Content/Characters/MannequinsXR/Textures/Manny/T_Manny_02_ASAOPMASK_MSK.uasset" 3872
"../../../../../../Users/xingh/Desktop/VR/KurumaIsu/Content/Characters/MannequinsXR/Textures/Manny/T_Manny_02_BN.uasset" 3873
"../../../../../../Users/xingh/Desktop/VR/KurumaIsu/Content/Characters/MannequinsXR/Textures/Manny/T_Manny_02_CCRCCPlastic_MSK.uasset" 3874
"../../../../../../Users/xingh/Desktop/VR/KurumaIsu/Content/Characters/MannequinsXR/Textures/Manny/T_Manny_02_D.uasset" 3875
"../../../../../../Users/xingh/Desktop/VR/KurumaIsu/Content/Characters/MannequinsXR/Textures/Manny/T_Manny_02_MSR_MSK.uasset" 3876
"../../../../../../Users/xingh/Desktop/VR/KurumaIsu/Content/Characters/MannequinsXR/Textures/Manny/T_Manny_02_N.uasset" 3877
"../../../../../../Users/xingh/Desktop/VR/KurumaIsu/Content/Characters/MannequinsXR/Textures/Manny/T_Manny_02_Tan.uasset" 3878
"../../../../../../Users/xingh/Desktop/VR/KurumaIsu/Content/TripoModels/Materials/T_Tripo_Default_Black_Linear.uasset" 3879
"../../../../../../Users/xingh/Desktop/VR/KurumaIsu/Content/TripoModels/Materials/T_Tripo_Default_Normal.uasset" 3880
"../../../../../../Users/xingh/Desktop/VR/KurumaIsu/Content/TripoModels/Materials/T_Tripo_Default_White.uasset" 3881
"../../../../../../Users/xingh/Desktop/VR/KurumaIsu/Content/TripoModels/Materials/T_Tripo_Default_White_Linear.uasset" 3882
"../../Plugins/FX/Niagara/Content/Functions/LinearColor/HueShiftLinearColor.uasset" 3883
"../../Plugins/FX/Niagara/Content/Functions/V2/CalculateRandomBool.uasset" 3884
"../../Plugins/FX/Niagara/Content/Functions/V2/CalculateRandomRange.uasset" 3885
"../../Plugins/FX/Niagara/Content/Functions/V2/CalculateRandomRangeInteger.uasset" 3886
"../../../Engine/Content/Functions/Engine_MaterialFunctions02/Utility/DepthFromWorldPosition.uasset" 3887
"../../../../../../Users/xingh/Desktop/VR/KurumaIsu/Content/VRTemplate/Materials/Functions/MF_OccludedPixels.uasset" 3888
"../../Plugins/FX/Niagara/Content/Functions/Localspace/PositionToVector.uasset" 3889
"../../Plugins/FX/Niagara/Content/Functions/ParametricTorus.uasset" 3890
"../../Plugins/FX/Niagara/Content/Functions/ParametricTorusKnot.uasset" 3891
"../../Plugins/FX/Niagara/Content/Functions/PolarToCartesianCoordinates.uasset" 3892
"../../Plugins/FX/Niagara/Content/Functions/RandomRange.uasset" 3893
"../../Plugins/FX/Niagara/Content/Functions/Rotation/AxisAngleToQuaternion.uasset" 3894
"../../Plugins/FX/Niagara/Content/Functions/Rotation/FindQuatBetween.uasset" 3895
"../../Plugins/FX/Niagara/Content/Functions/Rotation/MultiplyQuaternion.uasset" 3896
"../../Plugins/FX/Niagara/Content/Functions/Localspace/TransformBase.uasset" 3897
"../../Plugins/FX/Niagara/Content/Functions/GetRandomInfo.uasset" 3898
"../../../../../../Users/xingh/Desktop/VR/KurumaIsu/Content/Characters/MannequinsXR/Materials/M_Mannequin.uasset" 3899
"../../../../../../Users/xingh/Desktop/VR/KurumaIsu/Content/Characters/MannequinsXR/Textures/Manny/T_Manny_01_ASAOPMASK_MSK.uasset" 3900
"../../../../../../Users/xingh/Desktop/VR/KurumaIsu/Content/Characters/MannequinsXR/Textures/Manny/T_Manny_01_BN.uasset" 3901
"../../../../../../Users/xingh/Desktop/VR/KurumaIsu/Content/Characters/MannequinsXR/Textures/Manny/T_Manny_01_CCRCCPlastic_MSK.uasset" 3902
"../../../../../../Users/xingh/Desktop/VR/KurumaIsu/Content/Characters/MannequinsXR/Textures/Manny/T_Manny_01_D.uasset" 3903
"../../../../../../Users/xingh/Desktop/VR/KurumaIsu/Content/Characters/MannequinsXR/Textures/Manny/T_Manny_01_MSR_MSK.uasset" 3904
"../../../../../../Users/xingh/Desktop/VR/KurumaIsu/Content/Characters/MannequinsXR/Textures/Manny/T_Manny_01_N.uasset" 3905
"../../../../../../Users/xingh/Desktop/VR/KurumaIsu/Content/Characters/MannequinsXR/Textures/Manny/T_Manny_01_Tan.uasset" 3906
"../../Plugins/FX/Niagara/Content/Functions/ChannelMasks/SelectV4Channel.uasset" 3907
"../../Plugins/FX/Niagara/Content/Enums/ENiagaraVector4_Channels.uasset" 3908
"../../../../../../Users/xingh/Desktop/VR/KurumaIsu/Content/Characters/MannequinsXR/Materials/Functions/MF_Diffraction.uasset" 3909
"../../../../../../Users/xingh/Desktop/VR/KurumaIsu/Content/Characters/MannequinsXR/Materials/Functions/MF_logo3layers.uasset" 3910
"../../../../../../Users/xingh/Desktop/VR/KurumaIsu/Content/Characters/MannequinsXR/Materials/Functions/ML_BaseColorFallOff.uasset" 3911
"../../../../../../Users/xingh/Desktop/VR/KurumaIsu/Content/Characters/MannequinsXR/Materials/Functions/ChromaticCurve.uasset" 3912
"../../../../../../Users/xingh/Desktop/VR/KurumaIsu/Content/Characters/MannequinsXR/Materials/Functions/CA_Mannequin.uasset" 3913
"../../../../../../Users/xingh/Desktop/VR/KurumaIsu/Content/Characters/MannequinsXR/Textures/Shared/T_UE_Logo_M.uasset" 3914
"/Game/TripoModels/Key1/Textures/Key1_Tex" 3915
"/Game/TripoModels/Key1/Key1_Mat" 3916
"/Game/TripoModels/Key1/Key1" 3917
"/Game/TripoModels/Key2/Textures/Key2_Tex" 3918
"/Game/TripoModels/Key2/Key2_Mat" 3919
"/Game/TripoModels/Key2/Key2" 3920
"/Game/TripoModels/Key3/Key3_Mat" 3921
"/Game/TripoModels/Key3/Key3" 3922
"/Game/TripoModels/Key4/Textures/Key4_Tex" 3923
"/Game/TripoModels/Key4/Key4_Mat" 3924
"/Game/TripoModels/Key4/Key4" 3925
"C:/Users/xingh/Desktop/VR/KurumaIsu/Content/Yoshida/WBP_Quest.uasset" 3926
"C:/Users/xingh/Desktop/VR/KurumaIsu/Content/TripoModels/rack/rack.uasset" 3927
"C:/Users/xingh/Desktop/VR/KurumaIsu/Content/TripoModels/whiteboard/whiteboard_Mat.uasset" 3928
"C:/Users/xingh/Desktop/VR/KurumaIsu/Content/Yoshida/BP_WhiteBoard.uasset" 3929
"C:/Users/xingh/Desktop/VR/KurumaIsu/Content/Characters/Monster/BP_MonsterActiveTrigger.uasset" 3930
"C:/Users/xingh/Desktop/VR/KurumaIsu/Content/Import/TX_Door_NN_06a_NRM.uasset" 3931
"C:/Users/xingh/Desktop/VR/KurumaIsu/Content/Import/TX_Door_NN_06a_RMA.uasset" 3932
"C:/Users/xingh/Desktop/VR/KurumaIsu/Content/TripoModels/whiteboard/Textures/whiteboard_basecolor.uasset" 3933
"C:/Users/xingh/Desktop/VR/KurumaIsu/Content/Yoshida/BP_ItemSpawnPoint.uasset" 3934
"C:/Users/xingh/Desktop/VR/KurumaIsu/Content/Import/TX_Fill_01_RMA.uasset" 3935
"C:/Users/xingh/Desktop/VR/KurumaIsu/Content/Import/TX_Door_NN_06a_ALB.uasset" 3936
"C:/Users/xingh/Desktop/VR/KurumaIsu/Content/Import/TX_Fill_01_NRM.uasset" 3937
"C:/Users/xingh/Desktop/VR/KurumaIsu/Content/Import/TX_Fill_01_ALB.uasset" 3938
"../../../Engine/Content/Functions/Engine_MaterialFunctions02/Utility/BlendAngleCorrectedNormals.uasset" 3939
"C:/Users/xingh/Desktop/VR/KurumaIsu/Content/Import/MF_Normal_Intensity_01a.uasset" 3940
"../../../Engine/Content/Functions/Engine_MaterialFunctions01/Shading/FuzzyShading.uasset" 3941
"C:/Users/xingh/Desktop/VR/KurumaIsu/Content/TripoModels/whiteboard/whiteboard.uasset" 3942
"C:/Users/xingh/Desktop/VR/KurumaIsu/Content/Import/MM_MasterMaterial_01a.uasset" 3943
"../../../Engine/Content/Functions/Engine_MaterialFunctions01/Texturing/FlattenNormal.uasset" 3944
"/Game/TripoModels/rack/rack_Mat" 3945
"/Game/Yoshida/BP_ItemGenerater" 3946
"/Game/Yoshida/BP_HorrorSpotLight" 3947
"/Game/Yoshida/BP_ExitKey4" 3948
"/Game/Yoshida/BP_ItemLight1" 3949
"/Game/Yoshida/BP_ExitKey1" 3950
"/Game/Yoshida/BP_ItemLight2" 3951
"/Game/Yoshida/BP_ExitKey2" 3952
"/Game/Yoshida/BP_ItemLight3" 3953
"/Game/Yoshida/BP_ExitKey3" 3954
"/Game/Yoshida/WBP_Quest" 3955
"/Game/TripoModels/rack/rack" 3956
"/Game/Characters/Monster/BP_MonsterActiveTrigger" 3957
"C:/Users/xingh/Desktop/VR/KurumaIsu/Content/Import/SM_Door_NN_06c.uasset" 3958
"C:/Users/xingh/Desktop/VR/KurumaIsu/Content/Level/Rooms/Material/Dirt/moss/Rock057_4K-PNG_Color.uasset" 3959
"C:/Users/xingh/Desktop/VR/KurumaIsu/Content/Level/Rooms/Material/RoomTile/Tile6/Concrete044D_4K-PNG_AmbientOcclusion.uasset" 3960
"C:/Users/xingh/Desktop/VR/KurumaIsu/Content/Ryuji/BP/BP_CountdownJumpscare.uasset" 3961
"C:/Users/xingh/Desktop/VR/KurumaIsu/Content/Ryuji/Material/M_TimerDisplay_Unlit.uasset" 3962
"C:/Users/xingh/Desktop/VR/KurumaIsu/Content/Level/MainGame_BuiltData.uasset" 3963
"C:/Users/xingh/Desktop/VR/KurumaIsu/Content/Ryuji/BP/BPMonster_Timer.uasset" 3964
"C:/Users/xingh/Desktop/VR/KurumaIsu/Content/Level/Rooms/Material/RoomTile/Tile6/Concrete044D_4K-PNG_Color.uasset" 3965
"C:/Users/xingh/Desktop/VR/KurumaIsu/Content/Level/Floor/LV_Stage4F.umap" 3966
"C:/Users/xingh/Desktop/VR/KurumaIsu/Content/Level/Rooms/Material/RoomTile/RoomTile6.uasset" 3967
"C:/Users/xingh/Desktop/VR/KurumaIsu/Content/TripoModels/rectangular_frame_3d_model/Textures/rectangular_frame_3d_model_basecolor.uasset" 3968
"C:/Users/xingh/Desktop/VR/KurumaIsu/Content/Sound/BGM/horror_01_drone_glitch_01.uasset" 3969
"C:/Users/xingh/Desktop/VR/KurumaIsu/Content/Import/MI_Door_NN_06a.uasset" 3970
"C:/Users/xingh/Desktop/VR/KurumaIsu/Content/Level/Rooms/Material/RoomTile/Tile6/Concrete044D_4K-PNG_Roughness.uasset" 3971
"/Game/Yoshida/BP_WhiteBoard" 3972
"C:/Users/xingh/Desktop/VR/KurumaIsu/Content/Yoshida/BP_SlideDoor.uasset" 3973
"C:/Users/xingh/Desktop/VR/KurumaIsu/Content/Level/Rooms/Material/RoomTile/Tile6/Concrete044D_4K-PNG_NormalDX.uasset" 3974
"/Game/Yoshida/BP_ItemSpawnPoint" 3975
"/Game/Import/TX_Door_NN_06a_ALB" 3976
"/Game/Import/TX_Fill_01_ALB" 3977
"/Game/Import/TX_Fill_01_NRM" 3978
"/Game/Import/MF_Normal_Intensity_01a" 3979
"/Game/Import/TX_Fill_01_RMA" 3980
"/Game/Import/TX_Door_NN_06a_NRM" 3981
"/Game/Import/TX_Door_NN_06a_RMA" 3982
"/Engine/Functions/Engine_MaterialFunctions01/Shading/FuzzyShading" 3983
"/Engine/Functions/Engine_MaterialFunctions02/Utility/BlendAngleCorrectedNormals" 3984
"/Game/Import/MM_MasterMaterial_01a" 3985
"C:/Users/xingh/Desktop/VR/KurumaIsu/Content/TripoModels/rectangular_frame_3d_model/rectangular_frame_3d_model.uasset" 3986
"C:/Users/xingh/Desktop/VR/KurumaIsu/Content/TripoModels/rectangular_frame_3d_model_Clone1/Textures/rectangular_frame_3d_model_Clone1_basecolor.uasset" 3987
"C:/Users/xingh/Desktop/VR/KurumaIsu/Content/TripoModels/rusty_double_metal_door_3d_model/rusty_double_metal_door_3d_model_Mat.uasset" 3988
"C:/Users/xingh/Desktop/VR/KurumaIsu/Content/TripoModels/rectangular_frame_3d_model/rectangular_frame_3d_model_Mat.uasset" 3989
"C:/Users/xingh/Desktop/VR/KurumaIsu/Content/Yoshida/Resource/ecg_sound_temp.uasset" 3990
"C:/Users/xingh/Desktop/VR/KurumaIsu/Content/TripoModels/rusty_double_metal_door_3d_model/Textures/rusty_double_metal_door_3d_model_basecolor.uasset" 3991
"C:/Users/xingh/Desktop/VR/KurumaIsu/Content/Yoshida/BP_ElevatorButton_DOWN.uasset" 3992
"C:/Users/xingh/Desktop/VR/KurumaIsu/Content/TripoModels/downButton/downButton_Mat.uasset" 3993
"/Game/TripoModels/rectangular_frame_3d_model/Textures/rectangular_frame_3d_model_basecolor" 3994
"C:/Users/xingh/Desktop/VR/KurumaIsu/Content/TripoModels/downButton/Textures/downButton_basecolor.uasset" 3995
"C:/Users/xingh/Desktop/VR/KurumaIsu/Content/Yoshida/BP_MoveInput.uasset" 3996
"C:/Users/xingh/Desktop/VR/KurumaIsu/Content/TripoModels/rectangular_frame_3d_model_Clone1/rectangular_frame_3d_model_Clone1_Mat.uasset" 3997
"C:/Users/xingh/Desktop/VR/KurumaIsu/Content/Yoshida/BP_ElectroCardiogram.uasset" 3998
"C:/Users/xingh/Desktop/VR/KurumaIsu/Content/Yoshida/Resource/ecg_Attenuation_temp.uasset" 3999
"C:/Users/xingh/Desktop/VR/KurumaIsu/Content/TripoModels/downButton/downButton.uasset" 4000
"C:/Users/xingh/Desktop/VR/KurumaIsu/Content/TripoModels/rectangular_frame_3d_model_Clone1/rectangular_frame_3d_model_Clone1.uasset" 4001
"C:/Users/xingh/Desktop/VR/KurumaIsu/Content/TripoModels/rusty_double_metal_door_3d_model/rusty_double_metal_door_3d_model.uasset" 4002
"/Game/Sound/BGM/horror_01_drone_glitch_01" 4003
"/Game/Ryuji/BP/BP_CountdownJumpscare" 4004
"/Game/Level/MainGame_BuiltData" 4005
"/Game/Level/Floor/LV_Stage4F" 4006
"../../../../../../Users/xingh/Desktop/VR/KurumaIsu/Content/Level/Floor/LV_Stage4F.umap" 4007
"/Game/TripoModels/rectangular_frame_3d_model_Clone1/Textures/rectangular_frame_3d_model_Clone1_basecolor" 4008
"C:/Users/xingh/Desktop/VR/KurumaIsu/Content/Yoshida/BP_HorrorSoundSensor.uasset" 4009
"C:/Users/xingh/Desktop/VR/KurumaIsu/Content/Yoshida/Resource/nc_Attenuation_temp.uasset" 4010
"C:/Users/xingh/Desktop/VR/KurumaIsu/Content/Yoshida/BP_NurseCall.uasset" 4011
"C:/Users/xingh/Desktop/VR/KurumaIsu/Content/Level/Rooms/Material/Ev/Wall/Concrete048_4K-PNG_NormalDX.uasset" 4012
"C:/Users/xingh/Desktop/VR/KurumaIsu/Content/Level/Rooms/Material/Ev/Wall/Concrete048_4K-PNG_AmbientOcclusion.uasset" 4013
"C:/Users/xingh/Desktop/VR/KurumaIsu/Content/Level/Rooms/Material/Ev/EvDoor.uasset" 4014
"C:/Users/xingh/Desktop/VR/KurumaIsu/Content/Level/Rooms/Material/Dirt/rust/Metal053C_4K-PNG_Color.uasset" 4015
"C:/Users/xingh/Desktop/VR/KurumaIsu/Content/Level/Rooms/Material/Ev/Floor/DiamondPlate005C_4K-PNG_NormalDX.uasset" 4016
"C:/Users/xingh/Desktop/VR/KurumaIsu/Content/Level/Rooms/Material/Ev/Door/Metal063_4K-PNG_NormalDX.uasset" 4017
"C:/Users/xingh/Desktop/VR/KurumaIsu/Content/Level/Rooms/Material/Ev/Door/Metal063_4K-PNG_Color.uasset" 4018
"C:/Users/xingh/Desktop/VR/KurumaIsu/Content/Level/Rooms/Material/Ev/EvWall.uasset" 4019
"C:/Users/xingh/Desktop/VR/KurumaIsu/Content/Yoshida/Resource/nc_sound_temp.uasset" 4020
"C:/Users/xingh/Desktop/VR/KurumaIsu/Content/Level/Rooms/Material/Ev/Floor/DiamondPlate005C_4K-PNG_AmbientOcclusion.uasset" 4021
"C:/Users/xingh/Desktop/VR/KurumaIsu/Content/Level/Rooms/Material/Ev/Wall/Concrete048_4K-PNG_Roughness.uasset" 4022
"C:/Users/xingh/Desktop/VR/KurumaIsu/Content/Level/Rooms/Material/Ev/Wall/Concrete048_4K-PNG_Color.uasset" 4023
"C:/Users/xingh/Desktop/VR/KurumaIsu/Content/Level/Rooms/Material/Ev/Floor/DiamondPlate005C_4K-PNG_Color.uasset" 4024
"/Game/Yoshida/BP_ElectroCardiogram" 4025
"C:/Users/xingh/Desktop/VR/KurumaIsu/Content/Level/Rooms/Material/Ev/Door/Metal063_4K-PNG_Roughness.uasset" 4026
"/Game/Yoshida/BP_MoveInput" 4027
"/Game/Yoshida/BP_ElevatorButton_DOWN" 4028
"/Game/Yoshida/Resource/nc_Attenuation_temp" 4029
"/Game/TripoModels/rusty_double_metal_door_3d_model/rusty_double_metal_door_3d_model" 4030
"/Game/TripoModels/rectangular_frame_3d_model_Clone1/rectangular_frame_3d_model_Clone1" 4031
"/Game/Yoshida/BP_HorrorSoundSensor" 4032
"/Game/TripoModels/rectangular_frame_3d_model/rectangular_frame_3d_model" 4033
"C:/Users/xingh/Desktop/VR/KurumaIsu/Content/Level/Rooms/Material/Ev/Floor/DiamondPlate005C_4K-PNG_Roughness.uasset" 4034
"C:/Users/xingh/Desktop/VR/KurumaIsu/Content/TripoModels/upLight/Textures/upLight_1_Tex.uasset" 4035
"C:/Users/xingh/Desktop/VR/KurumaIsu/Content/TripoModels/upLight/M_upLight.uasset" 4036
"C:/Users/xingh/Desktop/VR/KurumaIsu/Content/Yoshida/CURVE_Elevator.uasset" 4037
"C:/Users/xingh/Desktop/VR/KurumaIsu/Content/Yoshida/CURVE_HorrorLight3.uasset" 4038
"C:/Users/xingh/Desktop/VR/KurumaIsu/Content/Yoshida/BP_Elevator.uasset" 4039
"C:/Users/xingh/Desktop/VR/KurumaIsu/Content/Characters/Nuigurumi/M_Nuigurumi.uasset" 4040
"C:/Users/xingh/Desktop/VR/KurumaIsu/Content/Characters/Nuigurumi/nuigurumi_mat_V02_BaseColor.uasset" 4041
"C:/Users/xingh/Desktop/VR/KurumaIsu/Content/Yoshida/BP_HorrorLight.uasset" 4042
"C:/Users/xingh/Desktop/VR/KurumaIsu/Content/Yoshida/CURVE_HorrorLight2.uasset" 4043
"C:/Users/xingh/Desktop/VR/KurumaIsu/Content/Characters/Nuigurumi/nuigurumi_kaiga_Skeleton.uasset" 4044
"C:/Users/xingh/Desktop/VR/KurumaIsu/Content/Characters/Nuigurumi/nuigurumi_mat_V02_Normal.uasset" 4045
"C:/Users/xingh/Desktop/VR/KurumaIsu/Content/Characters/Nuigurumi/nuigurumi_mat_V02_Roughness.uasset" 4046
"/Game/Level/Rooms/Material/Ev/Floor/DiamondPlate005C_4K-PNG_NormalDX" 4047
"C:/Users/xingh/Desktop/VR/KurumaIsu/Content/TripoModels/upLight/upLight_1_Mat.uasset" 4048
"C:/Users/xingh/Desktop/VR/KurumaIsu/Content/Level/Rooms/Material/Ev/EvFloor.uasset" 4049
"C:/Users/xingh/Desktop/VR/KurumaIsu/Content/Yoshida/BPI_Elevator.uasset" 4050
"C:/Users/xingh/Desktop/VR/KurumaIsu/Content/Yoshida/CURVE_HorrorLight1.uasset" 4051
"/Game/Level/Rooms/Material/Ev/Floor/DiamondPlate005C_4K-PNG_Color" 4052
"/Game/Level/Rooms/Material/Ev/Floor/DiamondPlate005C_4K-PNG_AmbientOcclusion" 4053
"/Game/Level/Rooms/Material/Dirt/rust/Metal053C_4K-PNG_Color" 4054
"/Game/Level/Rooms/Material/Ev/EvDoor" 4055
"/Game/Level/Rooms/Material/Ev/EvWall" 4056
"/Game/Yoshida/BP_NurseCall" 4057
"/Game/Yoshida/CURVE_Elevator" 4058
"/Game/TripoModels/upLight/Textures/upLight_1_Tex" 4059
"/Game/Level/Rooms/Material/Ev/Floor/DiamondPlate005C_4K-PNG_Roughness" 4060
"C:/Users/xingh/Desktop/VR/KurumaIsu/Content/Yoshida/BP_ItemLight5.uasset" 4061
"C:/Users/xingh/Desktop/VR/KurumaIsu/Content/Characters/Nuigurumi/nuigurumi_kaiga.uasset" 4062
"C:/Users/xingh/Desktop/VR/KurumaIsu/Content/TripoModels/photo/photo_Mat.uasset" 4063
"../../../Engine/Content/Functions/Engine_MaterialFunctions02/Utility/BreakOutFloat4Components.uasset" 4064
"/Game/Characters/Nuigurumi/nuigurumi_kaiga_Skeleton" 4065
"../../../Engine/Content/EngineSky/M_SimpleSkyDome.uasset" 4066
"../../../Engine/Content/EngineSky/VolumetricClouds/VT_Lightning.uasset" 4067
"../../../Engine/Content/EngineSky/VolumetricClouds/VT_PerlinWorley_Balanced.uasset" 4068
"../../../Engine/Content/EngineSky/VolumetricClouds/T_Profile_08.uasset" 4069
"../../../Engine/Content/EngineSky/VolumetricClouds/m_SimpleVolumetricCloud_Inst.uasset" 4070
"../../../Engine/Content/Functions/Engine_MaterialFunctions02/Utility/MakeFloat4.uasset" 4071
"C:/Users/xingh/Desktop/VR/KurumaIsu/Content/Characters/Nuigurumi/Nuigurumi.uasset" 4072
"../../../Engine/Content/EngineSky/VolumetricClouds/m_SimpleVolumetricCloud.uasset" 4073
"C:/Users/xingh/Desktop/VR/KurumaIsu/Content/TripoModels/photo/Textures/photo_Tex.uasset" 4074
"C:/Users/xingh/Desktop/VR/KurumaIsu/Content/Yoshida/BP_Photo.uasset" 4075
"../../../Engine/Content/EngineSky/VolumetricClouds/T_CloudPattern.uasset" 4076
"../../../Engine/Content/Functions/Engine_MaterialFunctions01/Units/Km-to-Cm.uasset" 4077
"../../../Engine/Content/EngineSky/VolumetricClouds/T_CloudMask.uasset" 4078
"C:/Users/xingh/Desktop/VR/KurumaIsu/Content/TripoModels/photo/photo.uasset" 4079
"/Game/Characters/Nuigurumi/M_Nuigurumi" 4080
"/Game/Yoshida/BP_Elevator" 4081
"/Game/Yoshida/BP_ItemLight5" 4082
"../../../Engine/Content/EngineSky/T_Sky_Blue.uasset" 4083
"../../../Engine/Content/EngineSky/T_Sky_Clouds_M.uasset" 4084
"../../../Engine/Content/EngineSky/SM_SkySphere.uasset" 4085
"../../../Engine/Content/EngineSky/M_Sky_Panning_Clouds2.uasset" 4086
"../../../Engine/Content/EngineSky/T_Sky_Stars.uasset" 4087
"C:/Users/xingh/Desktop/VR/KurumaIsu/Content/Level/Floor/Stage1F_BuiltData.uasset" 4088
"C:/Users/xingh/Desktop/VR/KurumaIsu/Content/Level/Rooms/Material/RoomTile/Tile7/cracked_concrete_wall_ao_4k.uasset" 4089
"C:/Users/xingh/Desktop/VR/KurumaIsu/Content/Level/Rooms/Material/RoomTile/RoomTile7.uasset" 4090
"C:/Users/xingh/Desktop/VR/KurumaIsu/Content/Level/Rooms/Material/RoomTile/Tile7/cracked_concrete_wall_nor_dx_4k.uasset" 4091
"C:/Users/xingh/Desktop/VR/KurumaIsu/Content/VRTemplate/Blueprints/WheelChairGameMode.uasset" 4092
"C:/Users/xingh/Desktop/VR/KurumaIsu/Content/Level/Floor/Stage1F.umap" 4093
"C:/Users/xingh/Desktop/VR/KurumaIsu/Content/Level/Floor/Stage10F_BuiltData.uasset" 4094
"C:/Users/xingh/Desktop/VR/KurumaIsu/Content/Level/Rooms/Material/RoomTile/Tile7/cracked_concrete_wall_diff_4k.uasset" 4095
"C:/Users/xingh/Desktop/VR/KurumaIsu/Content/Level/Rooms/Material/RoomTile/Tile7/cracked_concrete_wall_rough_4k.uasset" 4096
"/Engine/EngineSky/M_SimpleSkyDome" 4097
"C:/Users/xingh/Desktop/VR/KurumaIsu/Content/Level/MainGame.umap" 4098
"/Engine/EngineSky/VolumetricClouds/m_SimpleVolumetricCloud_Inst" 4099
"/Game/Characters/Nuigurumi/Nuigurumi" 4100
"/Game/Level/Rooms/Material/RoomTile/Tile7/cracked_concrete_wall_ao_4k" 4101
"/Game/Level/Floor/Stage1F_BuiltData" 4102
"/Engine/EngineSky/SM_SkySphere" 4103
"C:/Users/xingh/Desktop/VR/KurumaIsu/Content/Level/Floor/Stage10F.umap" 4104
"C:/Users/xingh/Desktop/VR/KurumaIsu/Content/Level/Rooms/Material/RoomTile/Tile1/Tiles094_4K-PNG_NormalDX.uasset" 4105
"C:/Users/xingh/Desktop/VR/KurumaIsu/Content/Level/Rooms/Material/RoomTile/Tile1/Tiles094_4K-PNG_Roughness.uasset" 4106
"C:/Users/xingh/Desktop/VR/KurumaIsu/Content/Ryuji/BP/BP_LevelTransition.uasset" 4107
"C:/Users/xingh/Desktop/VR/KurumaIsu/Content/Level/Rooms/CalibrationRoom.umap" 4108
"C:/Users/xingh/Desktop/VR/KurumaIsu/Content/Ryuji/Image/nui.uasset" 4109
"C:/Users/xingh/Desktop/VR/KurumaIsu/Content/Ryuji/Image/key.uasset" 4110
"C:/Users/xingh/Desktop/VR/KurumaIsu/Content/Level/Rooms/Material/RoomTile/RoomTile1.uasset" 4111
"C:/Users/xingh/Desktop/VR/KurumaIsu/Content/Level/GameFlow/Title_BuiltData.uasset" 4112
"C:/Users/xingh/Desktop/VR/KurumaIsu/Content/Yoshida/WBP_InfoMessage.uasset" 4113
"C:/Users/xingh/Desktop/VR/KurumaIsu/Content/Ryuji/Image/key_Mat.uasset" 4114
"C:/Users/xingh/Desktop/VR/KurumaIsu/Content/TripoModels/upButton/Textures/upButton_Tex.uasset" 4115
"C:/Users/xingh/Desktop/VR/KurumaIsu/Content/Level/Rooms/CalibrationRoom_BuiltData.uasset" 4116
"C:/Users/xingh/Desktop/VR/KurumaIsu/Content/Level/Rooms/Material/RoomTile/Tile1/Tiles094_4K-PNG_Color.uasset" 4117
"C:/Users/xingh/Desktop/VR/KurumaIsu/Content/Yoshida/BP_ElevatorButton_UP.uasset" 4118
"C:/Users/xingh/Desktop/VR/KurumaIsu/Content/Ryuji/Image/wadachi_2_VR_Mat.uasset" 4119
"C:/Users/xingh/Desktop/VR/KurumaIsu/Content/Ryuji/Image/kurumaisu_Mat.uasset" 4120
"C:/Users/xingh/Desktop/VR/KurumaIsu/Content/Yoshida/CURVE_InfoLight.uasset" 4121
"C:/Users/xingh/Desktop/VR/KurumaIsu/Content/Ryuji/Image/nui_Mat.uasset" 4122
"C:/Users/xingh/Desktop/VR/KurumaIsu/Content/Ryuji/Image/wadachi_2_VR.uasset" 4123
"C:/Users/xingh/Desktop/VR/KurumaIsu/Content/Yoshida/BP_InfoMessage.uasset" 4124
"C:/Users/xingh/Desktop/VR/KurumaIsu/Content/Level/Rooms/Material/RoomTile/Tile1/Tiles094_4K-PNG_AmbientOcclusion.uasset" 4125
"C:/Users/xingh/Desktop/VR/KurumaIsu/Content/TripoModels/upButton/upButton_Mat.uasset" 4126
"C:/Users/xingh/Desktop/VR/KurumaIsu/Content/TripoModels/upButton/upButton.uasset" 4127
"/Game/Level/Floor/Stage10F_BuiltData" 4128
"/Game/Level/Floor/Stage1F" 4129
"../../../../../../Users/xingh/Desktop/VR/KurumaIsu/Content/Level/Floor/Stage1F.umap" 4130
"/Game/Level/MainGame" 4131
"../../../../../../Users/xingh/Desktop/VR/KurumaIsu/Content/Level/MainGame.umap" 4132
"/Game/Level/Floor/Stage10F" 4133
"../../../../../../Users/xingh/Desktop/VR/KurumaIsu/Content/Level/Floor/Stage10F.umap" 4134
"/Game/Level/Rooms/CalibrationRoom" 4135
"../../../../../../Users/xingh/Desktop/VR/KurumaIsu/Content/Level/Rooms/CalibrationRoom.umap" 4136
"../../../../../../Users/xingh/Desktop/VR/KurumaIsu/Content/Yoshida/BP_InfoMessage.uasset" 4137
"../../../../../../Users/xingh/Desktop/VR/KurumaIsu/Content/Level/Rooms/CalibrationRoom_BuiltData.uasset" 4138
"../../../../../../Users/xingh/Desktop/VR/KurumaIsu/Content/Yoshida/CURVE_InfoLight.uasset" 4139
"../../../../../../Users/xingh/Desktop/VR/KurumaIsu/Content/Yoshida/WBP_InfoMessage.uasset" 4140
"C:/Users/xingh/Desktop/VR/KurumaIsu/Content/Level/GameFlow/Title.umap" 4141
"../../../Engine/Content/EngineSounds/Submixes/MasterSubmixDefault.uasset" 4142
"../../../Engine/Content/EngineSounds/Submixes/MasterReverbSubmixDefault.uasset" 4143
"../../../Engine/Content/EngineSounds/Submixes/MasterEQSubmixDefault.uasset" 4144
"/Game/Yoshida/BP_ElevatorButton_UP" 4145
"../../../Engine/Content/EngineSounds/Submixes/MasterReverbEffectPreset.uasset" 4146
"C:/Users/xingh/Desktop/VR/KurumaIsu/Content/Ryuji/Image/ThanksForPlaying.uasset" 4147
"../../../Engine/Content/EngineSounds/Submixes/MasterEQEffectPreset.uasset" 4148
"C:/Users/xingh/Desktop/VR/KurumaIsu/Content/Ryuji/Image/ThanksForPlaying_Mat.uasset" 4149
"C:/Users/xingh/Desktop/VR/KurumaIsu/Content/TripoModels/modern_curved_reception_desk_3d_model/Textures/modern_curved_reception_desk_3d_model_basecolor.uasset" 4150
"/Game/Ryuji/Image/wadachi_2_VR_Mat" 4151
"/Game/Ryuji/Image/nui_Mat" 4152
"/Game/Ryuji/Image/kurumaisu_Mat" 4153
"/Game/Ryuji/Image/key_Mat" 4154
"/Game/Ryuji/BP/BP_LevelTransition" 4155
"/Game/Level/Rooms/Material/RoomTile/RoomTile1" 4156
"/Game/Level/GameFlow/Title_BuiltData" 4157
"C:/Users/xingh/Desktop/VR/KurumaIsu/Content/TripoModels/rusty_cracked_window_3d_model/rusty_cracked_window_3d_model_Mat.uasset" 4158
"C:/Users/xingh/Desktop/VR/KurumaIsu/Content/TripoModels/rusty_cracked_window_3d_model/rusty_cracked_window_3d_model.uasset" 4159
"C:/Users/xingh/Desktop/VR/KurumaIsu/Content/TripoModels/rusty_hospital_gurney_3d_model/rusty_hospital_gurney_3d_model_Mat.uasset" 4160
"C:/Users/xingh/Desktop/VR/KurumaIsu/Content/TripoModels/modern_curved_reception_desk_3d_model/modern_curved_reception_desk_3d_model.uasset" 4161
"C:/Users/xingh/Desktop/VR/KurumaIsu/Content/TripoModels/rusty_hospital_sign_3d_model/Textures/rusty_hospital_sign_3d_model_basecolor.uasset" 4162
"C:/Users/xingh/Desktop/VR/KurumaIsu/Content/TripoModels/rusty_cracked_window_3d_model/Textures/rusty_cracked_window_3d_model_basecolor.uasset" 4163
"C:/Users/xingh/Desktop/VR/KurumaIsu/Content/TripoModels/longchair/Textures/longchair_basecolor.uasset" 4164
"C:/Users/xingh/Desktop/VR/KurumaIsu/Content/TripoModels/rusty_hospital_gurney_3d_model/Textures/rusty_hospital_gurney_3d_model_basecolor.uasset" 4165
"C:/Users/xingh/Desktop/VR/KurumaIsu/Content/TripoModels/rusty_hospital_sign_3d_model/rusty_hospital_sign_3d_model_Mat.uasset" 4166
"C:/Users/xingh/Desktop/VR/KurumaIsu/Content/TripoModels/rusty_hospital_sign_3d_model/rusty_hospital_sign_3d_model.uasset" 4167
"../../../Engine/Plugins/Interchange/Assets/Content/gltf/MaterialFunctions/MF_Clearcoat.uasset" 4168
"C:/Users/xingh/Desktop/VR/KurumaIsu/Content/TripoModels/rusty_hospital_gurney_3d_model/rusty_hospital_gurney_3d_model.uasset" 4169
"C:/Users/xingh/Desktop/VR/KurumaIsu/Content/TripoModels/bed/Textures/bed_basecolor.uasset" 4170
"C:/Users/xingh/Desktop/VR/KurumaIsu/Content/TripoModels/bed/bed_Mat.uasset" 4171
"C:/Users/xingh/Desktop/VR/KurumaIsu/Content/TripoModels/longchair/longchair_Mat.uasset" 4172
"C:/Users/xingh/Desktop/VR/KurumaIsu/Content/TripoModels/modern_curved_reception_desk_3d_model/modern_curved_reception_desk_3d_model_Mat.uasset" 4173
"../../../Engine/Plugins/Interchange/Assets/Content/gltf/MaterialFunctions/MF_Emissive.uasset" 4174
"C:/Users/xingh/Desktop/VR/KurumaIsu/Content/TripoModels/longchair/longchair.uasset" 4175
"C:/Users/xingh/Desktop/VR/KurumaIsu/Content/TripoModels/bed/bed.uasset" 4176
"../../../Engine/Plugins/Interchange/Assets/Content/gltf/MaterialBodies/MF_ClearCoat_Body.uasset" 4177
"/Game/TripoModels/modern_curved_reception_desk_3d_model/Textures/modern_curved_reception_desk_3d_model_basecolor" 4178
"C:/Users/xingh/Desktop/VR/KurumaIsu/Content/Level/Rooms/DefaultRoom.umap" 4179
"C:/Users/xingh/Desktop/VR/KurumaIsu/Content/Level/GameFlow/Ending.umap" 4180
"../../../Engine/Plugins/Interchange/Assets/Content/gltf/Textures/T_Anisotropy_Direction_Linear.uasset" 4181
"/Game/Ryuji/Image/ThanksForPlaying_Mat" 4182
"/Engine/EngineSounds/Submixes/MasterReverbSubmixDefault" 4183
"/Game/Level/GameFlow/Title" 4184
"../../../../../../Users/xingh/Desktop/VR/KurumaIsu/Content/Level/GameFlow/Title.umap" 4185
"/InterchangeAssets/gltf/Textures/T_Anisotropy_Direction_Linear" 4186
"../../../Engine/Plugins/Interchange/Assets/Content/gltf/MaterialFunctions/MF_Normals.uasset" 4187
"../../../Engine/Plugins/Interchange/Assets/Content/gltf/Textures/T_Generic_N.uasset" 4188
"../../../Engine/Plugins/Interchange/Assets/Content/gltf/MaterialFunctions/MF_RotateNormals_TS.uasset" 4189
"../../../Engine/Plugins/Interchange/Assets/Content/gltf/Textures/T_White_Linear.uasset" 4190
"../../../Engine/Plugins/Interchange/Assets/Content/gltf/MaterialFunctions/MF_Specular.uasset" 4191
"../../../Engine/Plugins/Interchange/Assets/Content/gltf/MaterialFunctions/MF_MetallicRoughness.uasset" 4192
"../../../Engine/Plugins/Interchange/Assets/Content/gltf/MaterialFunctions/MF_Occlusion.uasset" 4193
"../../../Engine/Plugins/Interchange/Assets/Content/gltf/MaterialFunctions/MF_ScaleNormal.uasset" 4194
"../../../Engine/Plugins/Interchange/Assets/Content/gltf/MaterialFunctions/MF_SpecularAnisotropy.uasset" 4195
"/InterchangeAssets/gltf/MaterialFunctions/MF_Emissive" 4196
"../../Plugins/Interchange/Assets/Content/gltf/Textures/T_White_srgb.uasset" 4197
"/Game/Level/Rooms/DefaultRoom" 4198
"../../../../../../Users/xingh/Desktop/VR/KurumaIsu/Content/Level/Rooms/DefaultRoom.umap" 4199
"/Engine/EditorResources/LevelInstance" 4200
"../../../Engine/Content/EditorResources/LevelInstance.uasset" 4201
"/Engine/EditorResources/EmptyActor" 4202
"../../../Engine/Content/EditorResources/EmptyActor.uasset" 4203
"/Engine/EditorResources/AudioIcons/S_AudioComponent" 4204
"../../../Engine/Content/EditorResources/AudioIcons/S_AudioComponent.uasset" 4205
"/Engine/EditorResources/AudioIcons/S_AudioComponent_AutoActivate" 4206
"../../../Engine/Content/EditorResources/AudioIcons/S_AudioComponent_AutoActivate.uasset" 4207
"/Game/Level/GameFlow/Ending" 4208
"../../../../../../Users/xingh/Desktop/VR/KurumaIsu/Content/Level/GameFlow/Ending.umap" 4209
"../../../Engine/Plugins/Interchange/Assets/Content/Utilities/New_LUT.uasset" 4210
"../../../Engine/Plugins/Interchange/Assets/Content/Functions/MF_IridescenceNoLUT.uasset" 4211
"../../../Engine/Plugins/Interchange/Assets/Content/gltf/MaterialInstances/MI_ClearCoat_Opaque.uasset" 4212
"../../../Engine/Plugins/Interchange/Assets/Content/gltf/MaterialInstances/MI_ClearCoat_Mask.uasset" 4213
"../../../Engine/Plugins/Interchange/Assets/Content/gltf/MaterialInstances/MI_ClearCoat_Blend.uasset" 4214
"../../../Engine/Plugins/Interchange/Assets/Content/gltf/MaterialInstances/MI_Default_Opaque.uasset" 4215
"../../../Engine/Plugins/Interchange/Assets/Content/gltf/MaterialInstances/MI_Default_Blend.uasset" 4216
"../../../Engine/Content/Functions/Engine_MaterialFunctions03/Math/RemapValueRange.uasset" 4217
"../../../Engine/Plugins/Interchange/Assets/Content/gltf/MaterialFunctions/MF_TransformUVs.uasset" 4218
"../../../Engine/Plugins/Interchange/Assets/Content/gltf/MaterialInstances/MI_ClearCoat_Blend_DS.uasset" 4219
"../../../Engine/Plugins/Interchange/Assets/Content/gltf/M_ClearCoat.uasset" 4220
"../../../Engine/Plugins/Interchange/Assets/Content/gltf/MaterialInstances/MI_ClearCoat_Opaque_DS.uasset" 4221
"../../../Engine/Plugins/Interchange/Assets/Content/gltf/MaterialInstances/MI_ClearCoat_Mask_DS.uasset" 4222
"../../../Engine/Plugins/Interchange/Assets/Content/gltf/M_Default.uasset" 4223
"../../../Engine/Plugins/Interchange/Assets/Content/gltf/MaterialInstances/MI_Default_Mask.uasset" 4224
"../../../Engine/Plugins/Interchange/Assets/Content/gltf/MaterialFunctions/MF_BaseColor.uasset" 4225
"../../../Engine/Plugins/Interchange/Assets/Content/gltf/MaterialBodies/MF_Default_Body.uasset" 4226
"../../../Engine/Plugins/Interchange/Assets/Content/Functions/MF_Iridescence.uasset" 4227
"../../../Engine/Plugins/Interchange/Assets/Content/gltf/MaterialFunctions/MF_Iridescence.uasset" 4228
"../../../Engine/Plugins/Interchange/Assets/Content/gltf/MaterialFunctions/MF_IOR.uasset" 4229
"../../../Engine/Plugins/Interchange/Assets/Content/gltf/MaterialFunctions/MF_RotateV2.uasset" 4230
"/InterchangeAssets/gltf/MaterialFunctions/MF_Clearcoat" 4231
"/InterchangeAssets/gltf/MaterialFunctions/MF_MetallicRoughness" 4232
"/InterchangeAssets/gltf/MaterialFunctions/MF_Normals" 4233
"/InterchangeAssets/gltf/MaterialFunctions/MF_Occlusion" 4234
"/InterchangeAssets/gltf/MaterialFunctions/MF_Specular" 4235
"/InterchangeAssets/gltf/MaterialFunctions/MF_SpecularAnisotropy" 4236
"../../../Engine/Plugins/Interchange/Assets/Content/gltf/MaterialInstances/MI_Default_Mask_DS.uasset" 4237
"../../../Engine/Plugins/Interchange/Assets/Content/gltf/MaterialBodies/MF_Sheen_Body.uasset" 4238
"../../../Engine/Plugins/Interchange/Assets/Content/gltf/MaterialInstances/MI_Sheen_Opaque.uasset" 4239
"/InterchangeAssets/gltf/MaterialInstances/MI_Default_Mask" 4240
"../../../Engine/Plugins/Interchange/Assets/Content/gltf/MaterialInstances/MI_Default_Opaque_DS.uasset" 4241
"../../../Engine/Plugins/Interchange/Assets/Content/gltf/MaterialInstances/MI_Sheen_Blend.uasset" 4242
"../../../Engine/Plugins/Interchange/Assets/Content/gltf/M_Sheen.uasset" 4243
"../../../Engine/Plugins/Interchange/Assets/Content/gltf/MaterialInstances/MI_Sheen_Opaque_DS.uasset" 4244
"../../../Engine/Plugins/Interchange/Assets/Content/gltf/MaterialInstances/MI_Sheen_Mask.uasset" 4245
"../../../Engine/Plugins/Interchange/Assets/Content/gltf/MaterialInstances/MI_Default_Blend_DS.uasset" 4246
"../../../Engine/Plugins/Interchange/Assets/Content/gltf/MaterialFunctions/MF_Sheen.uasset" 4247
"/InterchangeAssets/gltf/MaterialInstances/MI_Default_Opaque" 4248
"/InterchangeAssets/gltf/MaterialBodies/MF_ClearCoat_Body" 4249
"/InterchangeAssets/gltf/MaterialInstances/MI_ClearCoat_Blend_DS" 4250
"/InterchangeAssets/gltf/MaterialInstances/MI_ClearCoat_Mask_DS" 4251
"/InterchangeAssets/gltf/MaterialInstances/MI_ClearCoat_Opaque_DS" 4252
"/InterchangeAssets/gltf/MaterialInstances/MI_Default_Blend" 4253
"/InterchangeAssets/gltf/MaterialInstances/MI_ClearCoat_Blend" 4254
"/InterchangeAssets/gltf/MaterialInstances/MI_ClearCoat_Mask" 4255
"/InterchangeAssets/gltf/MaterialInstances/MI_ClearCoat_Opaque" 4256
"../../../Engine/Plugins/Interchange/Assets/Content/gltf/MaterialFunctions/MF_Fresnel_DS.uasset" 4257
"../../../Engine/Plugins/Interchange/Assets/Content/gltf/MaterialInstances/MI_Sheen_Mask_DS.uasset" 4258
"../../../Engine/Plugins/Interchange/Assets/Content/gltf/MaterialBodies/MF_Transmission_Body.uasset" 4259
"../../../Engine/Plugins/Interchange/Assets/Content/gltf/MaterialFunctions/MF_PerceivedBrightness.uasset" 4260
"../../../Engine/Plugins/Interchange/Assets/Content/gltf/MaterialFunctions/MF_DiffuseSpecGloss.uasset" 4261
"../../../Engine/Plugins/Interchange/Assets/Content/gltf/MaterialInstances/MI_Transmission.uasset" 4262
"../../../Engine/Plugins/Interchange/Assets/Content/gltf/MaterialFunctions/MF_SpecGlossToMetalRoughness.uasset" 4263
"../../../Engine/Plugins/Interchange/Assets/Content/gltf/MaterialBodies/MF_SpecularGlossiness_Body.uasset" 4264
"../../../Engine/Content/Functions/Engine_MaterialFunctions02/Texturing/ScreenAlignedPixelToPixelUVs.uasset" 4265
"../../../Engine/Plugins/Interchange/Assets/Content/gltf/MaterialInstances/MI_Sheen_Blend_DS.uasset" 4266
"../../../Engine/Plugins/Interchange/Assets/Content/gltf/MaterialInstances/MI_SpecularGlossiness_Mask.uasset" 4267
"../../../Engine/Plugins/Interchange/Assets/Content/gltf/MaterialFunctions/MF_Transmission.uasset" 4268
"../../../Engine/Plugins/Interchange/Assets/Content/gltf/MaterialInstances/MI_SpecularGlossiness_Opaque_DS.uasset" 4269
"/InterchangeAssets/gltf/MaterialInstances/MI_Sheen_Opaque_DS" 4270
"../../../Engine/Content/Functions/Engine_MaterialFunctions02/Math/AddComponents.uasset" 4271
"../../../Engine/Plugins/Interchange/Assets/Content/gltf/MaterialFunctions/MF_MaxComponentValue.uasset" 4272
"../../../Engine/Plugins/Interchange/Assets/Content/gltf/M_Transmission.uasset" 4273
"../../../Engine/Plugins/Interchange/Assets/Content/gltf/MaterialInstances/MI_SpecularGlossiness_Opaque.uasset" 4274
"../../../Engine/Plugins/Interchange/Assets/Content/gltf/MaterialInstances/MI_SpecularGlossiness_Blend.uasset" 4275
"../../../Engine/Plugins/Interchange/Assets/Content/gltf/MaterialInstances/MI_Transmission_DS.uasset" 4276
"../../../Engine/Plugins/Interchange/Assets/Content/gltf/MaterialFunctions/MF_Temporal_Blur.uasset" 4277
"../../../Engine/Plugins/Interchange/Assets/Content/gltf/MaterialInstances/MI_SpecularGlossiness_Mask_DS.uasset" 4278
"../../../Engine/Plugins/Interchange/Assets/Content/gltf/M_SpecularGlossiness.uasset" 4279
"/InterchangeAssets/gltf/MaterialInstances/MI_Sheen_Blend" 4280
"../../../Engine/Plugins/Interchange/Assets/Shaders/ThinFilmFunctions.usf" 4281
"/InterchangeAssets/gltf/MaterialInstances/MI_Sheen_Mask" 4282
"/InterchangeAssets/gltf/MaterialInstances/MI_Sheen_Opaque" 4283
"/InterchangeAssets/gltf/MaterialInstances/MI_Default_Blend_DS" 4284
"/InterchangeAssets/gltf/MaterialInstances/MI_Default_Mask_DS" 4285
"/InterchangeAssets/gltf/MaterialInstances/MI_Default_Opaque_DS" 4286
"/InterchangeAssets/gltf/MaterialInstances/MI_SpecularGlossiness_Mask_DS" 4287
"/InterchangeAssets/gltf/MaterialInstances/MI_SpecularGlossiness_Opaque_DS" 4288
"/InterchangeAssets/gltf/MaterialInstances/MI_SpecularGlossiness_Blend" 4289
"/InterchangeAssets/gltf/MaterialInstances/MI_SpecularGlossiness_Mask" 4290
"/InterchangeAssets/gltf/MaterialInstances/MI_SpecularGlossiness_Opaque" 4291
"/InterchangeAssets/gltf/MaterialInstances/MI_Transmission_DS" 4292
"../../../Engine/Plugins/Interchange/Assets/Content/gltf/MaterialInstances/MI_SpecularGlossiness_Blend_DS.uasset" 4293
"C:/Users/xingh/Desktop/VR/KurumaIsu/Content/Level/Rooms/4F_Room3.umap" 4294
"C:/Users/xingh/Desktop/VR/KurumaIsu/Content/Level/Rooms/4F_Room2.umap" 4295
"C:/Users/xingh/Desktop/VR/KurumaIsu/Content/Level/Rooms/4F_Room1.umap" 4296
"C:/Users/xingh/Desktop/VR/KurumaIsu/Content/Level/Rooms/4F_GoalRoom.umap" 4297
"C:/Users/xingh/Desktop/VR/KurumaIsu/Content/Level/Rooms/4F_Room4.umap" 4298
"C:/Users/xingh/Desktop/VR/KurumaIsu/Content/Level/Rooms/4F_Room5.umap" 4299
"C:/Users/xingh/Desktop/VR/KurumaIsu/Content/Level/Rooms/WCWomen.umap" 4300
"C:/Users/xingh/Desktop/VR/KurumaIsu/Content/Level/Rooms/WCMen.umap" 4301
"C:/Users/xingh/Desktop/VR/KurumaIsu/Content/Level/Rooms/StaffRoom.umap" 4302
"/InterchangeAssets/gltf/MaterialInstances/MI_Transmission" 4303
"/InterchangeAssets/gltf/MaterialInstances/MI_Sheen_Blend_DS" 4304
"/InterchangeAssets/gltf/MaterialInstances/MI_Sheen_Mask_DS" 4305
"/Game/Level/Rooms/StaffRoom" 4306
"../../../../../../Users/xingh/Desktop/VR/KurumaIsu/Content/Level/Rooms/StaffRoom.umap" 4307
"/Game/Level/Rooms/WCMen" 4308
"../../../../../../Users/xingh/Desktop/VR/KurumaIsu/Content/Level/Rooms/WCMen.umap" 4309
"/Game/Level/Rooms/WCWomen" 4310
"../../../../../../Users/xingh/Desktop/VR/KurumaIsu/Content/Level/Rooms/WCWomen.umap" 4311
"/Game/Level/Rooms/4F_Room5" 4312
"../../../../../../Users/xingh/Desktop/VR/KurumaIsu/Content/Level/Rooms/4F_Room5.umap" 4313
"/Game/Level/Rooms/4F_Room4" 4314
"../../../../../../Users/xingh/Desktop/VR/KurumaIsu/Content/Level/Rooms/4F_Room4.umap" 4315
"/Game/Level/Rooms/4F_GoalRoom" 4316
"../../../../../../Users/xingh/Desktop/VR/KurumaIsu/Content/Level/Rooms/4F_GoalRoom.umap" 4317
"/Game/Level/Rooms/4F_Room1" 4318
"../../../../../../Users/xingh/Desktop/VR/KurumaIsu/Content/Level/Rooms/4F_Room1.umap" 4319
"/Game/Level/Rooms/4F_Room2" 4320
"../../../../../../Users/xingh/Desktop/VR/KurumaIsu/Content/Level/Rooms/4F_Room2.umap" 4321
"/Game/Level/Rooms/4F_Room3" 4322
"../../../../../../Users/xingh/Desktop/VR/KurumaIsu/Content/Level/Rooms/4F_Room3.umap" 4323
"/InterchangeAssets/gltf/MaterialInstances/MI_SpecularGlossiness_Blend_DS" 4324
"C:/Users/xingh/Desktop/VR/KurumaIsu/Content/Level/Rooms/StartDefaultRoom.umap" 4325
"C:/Users/xingh/Desktop/VR/KurumaIsu/Content/Yoshida/BP_upLight.uasset" 4326
"C:/Users/xingh/Desktop/VR/KurumaIsu/Content/Level/Rooms/UpLight4F.umap" 4327
"C:/Users/xingh/Desktop/VR/KurumaIsu/Content/Level/Rooms/UpLight.umap" 4328
"../../../Engine/Content/Functions/Engine_MaterialFunctions01/Volumetrics/BeersLaw.uasset" 4329
"../../../Engine/Plugins/Interchange/Assets/Content/Functions/MX_Transmission.uasset" 4330
"../../../Engine/Content/Functions/Substrate/MF_SchlickInternal.uasset" 4331
"../../../Engine/Plugins/Interchange/Assets/Content/Functions/MF_OrenNayerView.uasset" 4332
"../../../Engine/Plugins/Interchange/Assets/Content/Functions/MX_StandardSurface.uasset" 4333
"../../../Engine/Plugins/Interchange/Assets/Content/Functions/MX_TransmissionSurface.uasset" 4334
"C:/Users/xingh/Desktop/VR/KurumaIsu/Content/Level/Rooms/RoomUpLight.umap" 4335
"../../../Engine/Plugins/Interchange/Assets/Content/Functions/MX_OpenPBR_Translucent.uasset" 4336
"../../../Engine/Plugins/Interchange/Assets/Content/gltf/MaterialBodies/MF_Unlit_Body.uasset" 4337
"../../../Engine/Plugins/Interchange/Assets/Content/gltf/MaterialInstances/MI_Unlit_Opaque.uasset" 4338
"../../../Engine/Plugins/Interchange/Assets/Content/gltf/M_Unlit.uasset" 4339
"../../../Engine/Plugins/Interchange/Assets/Content/gltf/MaterialInstances/MI_Unlit_Blend.uasset" 4340
"../../../Engine/Plugins/Interchange/Assets/Content/gltf/MaterialInstances/MI_Unlit_Mask.uasset" 4341
"../../../Engine/Plugins/Interchange/Assets/Content/gltf/MaterialInstances/MI_Unlit_Opaque_DS.uasset" 4342
"../../../Engine/Plugins/Interchange/Assets/Content/gltf/MaterialInstances/MI_Unlit_Mask_DS.uasset" 4343
"../../../Engine/Plugins/Interchange/Assets/Content/gltf/MaterialInstances/MI_Unlit_Blend_DS.uasset" 4344
"/InterchangeAssets/gltf/MaterialInstances/MI_Unlit_Blend_DS" 4345
"/InterchangeAssets/gltf/MaterialInstances/MI_Unlit_Mask_DS" 4346
"/InterchangeAssets/gltf/MaterialInstances/MI_Unlit_Opaque_DS" 4347
"/InterchangeAssets/gltf/MaterialInstances/MI_Unlit_Blend" 4348
"/InterchangeAssets/Functions/MX_OpenPBR_Translucent" 4349
"/InterchangeAssets/gltf/MaterialInstances/MI_Unlit_Mask" 4350
"/InterchangeAssets/gltf/MaterialInstances/MI_Unlit_Opaque" 4351
"/Game/Level/Rooms/UpLight" 4352
"../../../../../../Users/xingh/Desktop/VR/KurumaIsu/Content/Level/Rooms/UpLight.umap" 4353
"/Game/Level/Rooms/UpLight4F" 4354
"../../../../../../Users/xingh/Desktop/VR/KurumaIsu/Content/Level/Rooms/UpLight4F.umap" 4355
"/Game/Level/Rooms/StartDefaultRoom" 4356
"../../../../../../Users/xingh/Desktop/VR/KurumaIsu/Content/Level/Rooms/StartDefaultRoom.umap" 4357
"/Game/Level/Rooms/RoomUpLight" 4358
"../../../../../../Users/xingh/Desktop/VR/KurumaIsu/Content/Level/Rooms/RoomUpLight.umap" 4359
"../../../Engine/Plugins/Interchange/Assets/Content/Functions/MX_OpenPBR_Opaque.uasset" 4360
"../../../Engine/Plugins/Animation/ControlRig/Content/Controls/ControlRig_Sphere_solid.uasset" 4361
"../../../Engine/Plugins/Animation/ControlRig/Content/Controls/ControlRig_Arrow2_1mm.uasset" 4362
"../../../Engine/Plugins/Animation/ControlRig/Content/Controls/ControlRig_Arrow2_3mm.uasset" 4363
"../../../Engine/Plugins/Animation/ControlRig/Content/Controls/ControlRig_Arrow2_solid.uasset" 4364
"../../../Engine/Plugins/Animation/ControlRig/Content/Controls/ControlRig_Arrow4_1mm.uasset" 4365
"../../../Engine/Plugins/Animation/ControlRig/Content/Controls/ControlRig_Arrow4_3mm.uasset" 4366
"../../../Engine/Plugins/Animation/ControlRig/Content/Controls/ControlRig_Arrow4_solid.uasset" 4367
"../../../Engine/Plugins/Animation/ControlRig/Content/Controls/ControlRig_Arrow_1mm.uasset" 4368
"../../../Engine/Plugins/Animation/ControlRig/Content/Controls/ControlRig_Arrow_3mm.uasset" 4369
"../../../Engine/Plugins/Animation/ControlRig/Content/Controls/ControlRig_Arrow_solid.uasset" 4370
"../../../Engine/Plugins/Animation/ControlRig/Content/Controls/ControlRig_Box_1mm.uasset" 4371
"../../../Engine/Plugins/Animation/ControlRig/Content/Controls/ControlRig_Box_3mm.uasset" 4372
"../../../Engine/Plugins/Animation/ControlRig/Content/Controls/ControlRig_Box_solid.uasset" 4373
"../../../Engine/Plugins/Animation/ControlRig/Content/Controls/ControlRig_Circle_1mm.uasset" 4374
"../../../Engine/Plugins/Animation/ControlRig/Content/Controls/ControlRig_Circle_3mm.uasset" 4375
"/ControlRig/Controls/ControlRig_Circle_3mm" 4376
"/ControlRig/Controls/ControlRig_Circle_1mm" 4377
"/ControlRig/Controls/ControlRig_Box_solid" 4378
"/ControlRig/Controls/ControlRig_Box_3mm" 4379
"/ControlRig/Controls/ControlRig_Box_1mm" 4380
"/ControlRig/Controls/ControlRig_Arrow_solid" 4381
"/ControlRig/Controls/ControlRig_Arrow_3mm" 4382
"/ControlRig/Controls/ControlRig_Arrow_1mm" 4383
"/ControlRig/Controls/ControlRig_Arrow4_solid" 4384
"/ControlRig/Controls/ControlRig_Arrow4_3mm" 4385
"/ControlRig/Controls/ControlRig_Arrow4_1mm" 4386
"/ControlRig/Controls/ControlRig_Arrow2_solid" 4387
"/ControlRig/Controls/ControlRig_Arrow2_3mm" 4388
"/ControlRig/Controls/ControlRig_Arrow2_1mm" 4389
"/ControlRig/Controls/ControlRig_Sphere_solid" 4390
"/InterchangeAssets/Functions/MX_OpenPBR_Opaque" 4391
"../../../Engine/Plugins/Animation/ControlRig/Content/Controls/ControlRig_Circle_solid.uasset" 4392
"../../../Engine/Plugins/Animation/ControlRig/Content/Controls/ControlRig_Diamond_1mm.uasset" 4393
"../../../Engine/Plugins/Animation/ControlRig/Content/Controls/ControlRig_Diamond_3mm.uasset" 4394
"../../../Engine/Plugins/Animation/ControlRig/Content/Controls/ControlRig_Diamond_solid.uasset" 4395
"../../../Engine/Plugins/Animation/ControlRig/Content/Controls/ControlRig_HalfCircle_1mm.uasset" 4396
"../../../Engine/Plugins/Animation/ControlRig/Content/Controls/ControlRig_HalfCircle_3mm.uasset" 4397
"../../../Engine/Plugins/Animation/ControlRig/Content/Controls/ControlRig_HalfCircle_solid.uasset" 4398
"../../../Engine/Plugins/Animation/ControlRig/Content/Controls/ControlRig_Hexagon_3mm.uasset" 4399
"../../../Engine/Plugins/Animation/ControlRig/Content/Controls/ControlRig_Hexagon_1mm.uasset" 4400
"../../../Engine/Plugins/Animation/ControlRig/Content/Controls/ControlRig_Octagon_1mm.uasset" 4401
"../../../Engine/Plugins/Animation/ControlRig/Content/Controls/ControlRig_Hexagon_solid.uasset" 4402
"../../../Engine/Plugins/Animation/ControlRig/Content/Controls/ControlRig_Octagon_3mm.uasset" 4403
"../../../Engine/Plugins/Animation/ControlRig/Content/Controls/ControlRig_Octagon_solid.uasset" 4404
"../../../Engine/Plugins/Animation/ControlRig/Content/Controls/ControlRig_Pyramid_1mm.uasset" 4405
"../../../Engine/Plugins/Animation/ControlRig/Content/Controls/ControlRig_Pyramid_3mm.uasset" 4406
"../../../Engine/Plugins/Animation/ControlRig/Content/Controls/ControlRig_Pyramid_solid.uasset" 4407
"/ControlRig/Controls/ControlRig_Pyramid_solid" 4408
"/ControlRig/Controls/ControlRig_Pyramid_3mm" 4409
"/ControlRig/Controls/ControlRig_Pyramid_1mm" 4410
"/ControlRig/Controls/ControlRig_Octagon_solid" 4411
"/ControlRig/Controls/ControlRig_Octagon_3mm" 4412
"/ControlRig/Controls/ControlRig_Octagon_1mm" 4413
"/ControlRig/Controls/ControlRig_Hexagon_solid" 4414
"../../../Engine/Plugins/Animation/ControlRig/Content/Controls/ControlRig_QuarterCircle_1mm.uasset" 4415
"../../../Engine/Plugins/Animation/ControlRig/Content/Controls/ControlRig_QuarterCircle_3mm.uasset" 4416
"../../../Engine/Plugins/Animation/ControlRig/Content/Controls/ControlRig_QuarterCircle_solid.uasset" 4417
"../../../Engine/Plugins/Animation/ControlRig/Content/Controls/ControlRig_RoundedSquare_1mm.uasset" 4418
"../../../Engine/Plugins/Animation/ControlRig/Content/Controls/ControlRig_RoundedSquare_3mm.uasset" 4419
"../../../Engine/Plugins/Animation/ControlRig/Content/Controls/ControlRig_RoundedSquare_solid.uasset" 4420
"../../../Engine/Plugins/Animation/ControlRig/Content/Controls/ControlRig_RoundedTriangle_1mm.uasset" 4421
"../../../Engine/Plugins/Animation/ControlRig/Content/Controls/ControlRig_RoundedTriangle_3mm.uasset" 4422
"../../../Engine/Plugins/Animation/ControlRig/Content/Controls/ControlRig_RoundedTriangle_solid.uasset" 4423
"../../../Engine/Plugins/Animation/ControlRig/Content/Controls/ControlRig_Sphere_1mm.uasset" 4424
"../../../Engine/Plugins/Animation/ControlRig/Content/Controls/ControlRig_Square_1mm.uasset" 4425
"../../../Engine/Plugins/Animation/ControlRig/Content/Controls/ControlRig_Square_3mm.uasset" 4426
"../../../Engine/Plugins/Animation/ControlRig/Content/Controls/ControlRig_Square_solid.uasset" 4427
"../../../Engine/Plugins/Animation/ControlRig/Content/Controls/ControlRig_Star4_1mm.uasset" 4428
"../../../Engine/Plugins/Animation/ControlRig/Content/Controls/ControlRig_Sphere_3mm.uasset" 4429
"../../../Engine/Plugins/Animation/ControlRig/Content/Controls/ControlRig_Star4_3mm.uasset" 4430
"/ControlRig/Controls/ControlRig_Hexagon_3mm" 4431
"/ControlRig/Controls/ControlRig_Hexagon_1mm" 4432
"/ControlRig/Controls/ControlRig_HalfCircle_solid" 4433
"/ControlRig/Controls/ControlRig_Diamond_solid" 4434
"/ControlRig/Controls/ControlRig_Diamond_3mm" 4435
"/ControlRig/Controls/ControlRig_Diamond_1mm" 4436
"/ControlRig/Controls/ControlRig_Circle_solid" 4437
"/ControlRig/Controls/ControlRig_HalfCircle_3mm" 4438
"/ControlRig/Controls/ControlRig_HalfCircle_1mm" 4439
"/ControlRig/Controls/ControlRig_Star4_3mm" 4440
"/ControlRig/Controls/ControlRig_Star4_1mm" 4441
"/ControlRig/Controls/ControlRig_Square_solid" 4442
"/ControlRig/Controls/ControlRig_Square_3mm" 4443
"/ControlRig/Controls/ControlRig_Square_1mm" 4444
"/ControlRig/Controls/ControlRig_Sphere_3mm" 4445
"/ControlRig/Controls/ControlRig_Sphere_1mm" 4446
"/ControlRig/Controls/ControlRig_RoundedTriangle_solid" 4447
"/ControlRig/Controls/ControlRig_RoundedTriangle_3mm" 4448
"/ControlRig/Controls/ControlRig_RoundedTriangle_1mm" 4449
"/ControlRig/Controls/ControlRig_RoundedSquare_solid" 4450
"/ControlRig/Controls/ControlRig_RoundedSquare_3mm" 4451
"/ControlRig/Controls/ControlRig_RoundedSquare_1mm" 4452
"/ControlRig/Controls/ControlRig_QuarterCircle_solid" 4453
"/ControlRig/Controls/ControlRig_QuarterCircle_3mm" 4454
"/ControlRig/Controls/ControlRig_QuarterCircle_1mm" 4455
"../../../Engine/Plugins/Animation/DeformerGraph/Shaders/Private/DataInterfaceCustomComputeKernel.ush" 4456
"../../../Engine/Plugins/Animation/DeformerGraph/Shaders/Private/DataInterfaceCloth.ush" 4457
"../../../Engine/Plugins/Animation/DeformerGraph/Shaders/Private/DataInterfaceSkinnedMeshRead.ush" 4458
"../../../Engine/Plugins/Animation/DeformerGraph/Shaders/Private/DataInterfaceSkeleton.ush" 4459
"../../../Engine/Plugins/Animation/DeformerGraph/Shaders/Private/DataInterfaceSkeletonCommon.ush" 4460
"../../../Engine/Plugins/Animation/DeformerGraph/Shaders/Private/DataInterfaceMorphTarget.ush" 4461
"../../../Engine/Plugins/Animation/DeformerGraph/Shaders/Private/DataInterfaceSkinnedMeshWrite.ush" 4462
"../../../Engine/Plugins/Animation/DeformerGraph/Shaders/Private/DataInterfaceRawBuffer.ush" 4463
"../../../Engine/Plugins/Runtime/ComputeFramework/Shaders/Private/BufferAlias.ush" 4464
"../../../Engine/Plugins/Animation/DeformerGraph/Shaders/Private/DataInterfaceSkinnedMesh.ush" 4465
"../../../Engine/Plugins/Animation/DeformerGraph/Shaders/Private/DataInterfaceHalfEdge.ush" 4466
"../../../Engine/Plugins/Animation/ControlRig/Content/Controls/ControlRig_Star4_solid.uasset" 4467
"../../../Engine/Plugins/Animation/ControlRig/Content/Controls/ControlRig_Triangle_1mm.uasset" 4468
"../../../Engine/Plugins/Animation/ControlRig/Content/Controls/ControlRig_Triangle_3mm.uasset" 4469
"../../../Engine/Plugins/Animation/ControlRig/Content/Controls/ControlRig_Triangle_solid.uasset" 4470
"../../../Engine/Plugins/Animation/ControlRig/Content/Controls/ControlRig_Wedge_3mm.uasset" 4471
"../../../Engine/Plugins/Animation/ControlRig/Content/Controls/ControlRig_Wedge_solid.uasset" 4472
"../../../Engine/Plugins/Animation/ControlRig/Content/Controls/ControlRig_Wedge_1mm.uasset" 4473
"../../../Engine/Content/Maps/Entry_BuiltData.uasset" 4474
"../../../Engine/Content/Maps/Entry.umap" 4475
"../../../Engine/Content/EditorMaterials/PreviewShadowIndicator.uasset" 4476
"../../../Engine/Content/EditorMaterials/PreviewShadowIndicatorMaterial.uasset" 4477
"../../../Engine/Content/EngineMaterials/Substrate/GLints/dict_16_192_64_0p5_0p02_0000_0000.uasset" 4478
"../../../Engine/Content/EngineMaterials/Substrate/GLints/dict_16_192_64_0p5_0p02_0000_0001.uasset" 4479
"/Engine/EditorMaterials/PreviewShadowIndicatorMaterial" 4480
"../../../Engine/Content/EngineMaterials/Substrate/GLints/dict_16_192_64_0p5_0p02_0000_0002.uasset" 4481
"../../../Engine/Content/EngineMaterials/Substrate/GLints/dict_16_192_64_0p5_0p02_0000_0004.uasset" 4482
"../../../Engine/Content/EngineMaterials/Substrate/GLints/dict_16_192_64_0p5_0p02_0000_0005.uasset" 4483
"../../../Engine/Content/EngineMaterials/Substrate/GLints/dict_16_192_64_0p5_0p02_0000_0007.uasset" 4484
"../../../Engine/Content/EngineMaterials/Substrate/GLints/dict_16_192_64_0p5_0p02_0000_0006.uasset" 4485
"../../../Engine/Content/EngineMaterials/Substrate/GLints/dict_16_192_64_0p5_0p02_0000_0008.uasset" 4486
"/Engine/Maps/Entry" 4487
"../../../Engine/Content/EngineMaterials/Substrate/GLints/dict_16_192_64_0p5_0p02_0000_0009.uasset" 4488
"../../../Engine/Content/EngineMaterials/Substrate/GLints/dict_16_192_64_0p5_0p02_0000_0010.uasset" 4489
"../../../Engine/Content/EngineMaterials/Substrate/GLints/dict_16_192_64_0p5_0p02_0000_0011.uasset" 4490
"../../../Engine/Content/EngineMaterials/Substrate/GLints/dict_16_192_64_0p5_0p02_0000_0013.uasset" 4491
"../../../Engine/Content/EngineMaterials/Substrate/GLints/dict_16_192_64_0p5_0p02_0000_0012.uasset" 4492
"../../../Engine/Content/EngineMaterials/Substrate/GLints/dict_16_192_64_0p5_0p02_0000_0014.uasset" 4493
"../../../Engine/Content/EngineMaterials/Substrate/GLints/dict_16_192_64_0p5_0p02_0000_0015.uasset" 4494
"../../../Engine/Content/EngineMaterials/Substrate/GLints/dict_16_192_64_0p5_0p02_0000_0003.uasset" 4495
"../../../Engine/Content/EngineMaterials/Substrate/GLints/dict_16_192_64_0p5_0p02_0001_0000.uasset" 4496
"../../../Engine/Content/EngineMaterials/Substrate/GLints/dict_16_192_64_0p5_0p02_0001_0001.uasset" 4497
"../../../Engine/Content/EngineMaterials/Substrate/GLints/dict_16_192_64_0p5_0p02_0001_0004.uasset" 4498
"../../../Engine/Content/EngineMaterials/Substrate/GLints/dict_16_192_64_0p5_0p02_0001_0003.uasset" 4499
"../../../Engine/Content/EngineMaterials/Substrate/GLints/dict_16_192_64_0p5_0p02_0001_0002.uasset" 4500
"/ControlRig/Controls/ControlRig_Wedge_solid" 4501
"/ControlRig/Controls/ControlRig_Wedge_3mm" 4502
"/ControlRig/Controls/ControlRig_Triangle_solid" 4503
"/ControlRig/Controls/ControlRig_Triangle_3mm" 4504
"/Engine/EngineMaterials/Substrate/GLints/dict_16_192_64_0p5_0p02_0000_0004" 4505
"/Engine/EngineMaterials/Substrate/GLints/dict_16_192_64_0p5_0p02_0000_0003" 4506
"/Engine/EngineMaterials/Substrate/GLints/dict_16_192_64_0p5_0p02_0000_0002" 4507
"/Engine/EngineMaterials/Substrate/GLints/dict_16_192_64_0p5_0p02_0000_0001" 4508
"/Engine/EngineMaterials/Substrate/GLints/dict_16_192_64_0p5_0p02_0000_0000" 4509
"/ControlRig/Controls/ControlRig_Wedge_1mm" 4510
"/ControlRig/Controls/ControlRig_Star4_solid" 4511
"/Engine/EngineMaterials/Substrate/GLints/dict_16_192_64_0p5_0p02_0001_0004" 4512
"/Engine/EngineMaterials/Substrate/GLints/dict_16_192_64_0p5_0p02_0001_0003" 4513
"/Engine/EngineMaterials/Substrate/GLints/dict_16_192_64_0p5_0p02_0001_0002" 4514
"/Engine/EngineMaterials/Substrate/GLints/dict_16_192_64_0p5_0p02_0001_0001" 4515
"/Engine/EngineMaterials/Substrate/GLints/dict_16_192_64_0p5_0p02_0000_0015" 4516
"/Engine/EngineMaterials/Substrate/GLints/dict_16_192_64_0p5_0p02_0000_0014" 4517
"/Engine/EngineMaterials/Substrate/GLints/dict_16_192_64_0p5_0p02_0000_0013" 4518
"/Engine/EngineMaterials/Substrate/GLints/dict_16_192_64_0p5_0p02_0000_0012" 4519
"/Engine/EngineMaterials/Substrate/GLints/dict_16_192_64_0p5_0p02_0000_0011" 4520
"/Engine/EngineMaterials/Substrate/GLints/dict_16_192_64_0p5_0p02_0000_0010" 4521
"/Engine/EngineMaterials/Substrate/GLints/dict_16_192_64_0p5_0p02_0000_0009" 4522
"/Engine/EngineMaterials/Substrate/GLints/dict_16_192_64_0p5_0p02_0000_0008" 4523
"/Engine/EngineMaterials/Substrate/GLints/dict_16_192_64_0p5_0p02_0000_0007" 4524
"/Engine/EngineMaterials/Substrate/GLints/dict_16_192_64_0p5_0p02_0000_0006" 4525
"/Engine/EngineMaterials/Substrate/GLints/dict_16_192_64_0p5_0p02_0000_0005" 4526
"/ControlRig/Controls/ControlRig_Triangle_1mm" 4527
"/Engine/EngineMaterials/Substrate/GLints/dict_16_192_64_0p5_0p02_0001_0000" 4528
"../../../Engine/Content/EngineMaterials/Substrate/GLints/dict_16_192_64_0p5_0p02_0001_0005.uasset" 4529
"../../../Engine/Content/EngineMaterials/Substrate/GLints/dict_16_192_64_0p5_0p02_0001_0006.uasset" 4530
"../../../Engine/Content/EngineMaterials/Substrate/GLints/dict_16_192_64_0p5_0p02_0001_0007.uasset" 4531
"../../../Engine/Content/EngineMaterials/Substrate/GLints/dict_16_192_64_0p5_0p02_0001_0008.uasset" 4532
"../../../Engine/Content/EngineMaterials/Substrate/GLints/dict_16_192_64_0p5_0p02_0001_0010.uasset" 4533
"../../../Engine/Content/EngineMaterials/Substrate/GLints/dict_16_192_64_0p5_0p02_0001_0009.uasset" 4534
"../../../Engine/Content/EngineMaterials/Substrate/GLints/dict_16_192_64_0p5_0p02_0001_0011.uasset" 4535
"../../../Engine/Content/EngineMaterials/Substrate/GLints/dict_16_192_64_0p5_0p02_0001_0013.uasset" 4536
"../../../Engine/Content/EngineMaterials/Substrate/GLints/dict_16_192_64_0p5_0p02_0001_0014.uasset" 4537
"../../../Engine/Content/EngineMaterials/Substrate/GLints/dict_16_192_64_0p5_0p02_0002_0000.uasset" 4538
"../../../Engine/Content/EngineMaterials/Substrate/GLints/dict_16_192_64_0p5_0p02_0001_0015.uasset" 4539
"../../../Engine/Content/EngineMaterials/Substrate/GLints/dict_16_192_64_0p5_0p02_0002_0001.uasset" 4540
"../../../Engine/Content/EngineMaterials/Substrate/GLints/dict_16_192_64_0p5_0p02_0002_0002.uasset" 4541
"../../../Engine/Content/EngineMaterials/Substrate/GLints/dict_16_192_64_0p5_0p02_0002_0003.uasset" 4542
"../../../Engine/Content/EngineMaterials/Substrate/GLints/dict_16_192_64_0p5_0p02_0002_0004.uasset" 4543
"../../../Engine/Content/EngineMaterials/Substrate/GLints/dict_16_192_64_0p5_0p02_0002_0005.uasset" 4544
"../../../Engine/Content/EngineMaterials/Substrate/GLints/dict_16_192_64_0p5_0p02_0002_0007.uasset" 4545
"../../../Engine/Content/EngineMaterials/Substrate/GLints/dict_16_192_64_0p5_0p02_0002_0006.uasset" 4546
"../../../Engine/Content/EngineMaterials/Substrate/GLints/dict_16_192_64_0p5_0p02_0002_0008.uasset" 4547
"../../../Engine/Content/EngineMaterials/Substrate/GLints/dict_16_192_64_0p5_0p02_0002_0009.uasset" 4548
"../../../Engine/Content/EngineMaterials/Substrate/GLints/dict_16_192_64_0p5_0p02_0002_0010.uasset" 4549
"../../../Engine/Content/EngineMaterials/Substrate/GLints/dict_16_192_64_0p5_0p02_0002_0011.uasset" 4550
"../../../Engine/Content/EngineMaterials/Substrate/GLints/dict_16_192_64_0p5_0p02_0002_0012.uasset" 4551
"../../../Engine/Content/EngineMaterials/Substrate/GLints/dict_16_192_64_0p5_0p02_0002_0013.uasset" 4552
"../../../Engine/Content/EngineMaterials/Substrate/GLints/dict_16_192_64_0p5_0p02_0002_0014.uasset" 4553
"../../../Engine/Content/EngineMaterials/Substrate/GLints/dict_16_192_64_0p5_0p02_0002_0015.uasset" 4554
"../../../Engine/Content/EngineMaterials/Substrate/GLints/dict_16_192_64_0p5_0p02_0003_0000.uasset" 4555
"../../../Engine/Content/EngineMaterials/Substrate/GLints/dict_16_192_64_0p5_0p02_0003_0002.uasset" 4556
"../../../Engine/Content/EngineMaterials/Substrate/GLints/dict_16_192_64_0p5_0p02_0003_0003.uasset" 4557
"../../../Engine/Content/EngineMaterials/Substrate/GLints/dict_16_192_64_0p5_0p02_0003_0001.uasset" 4558
"../../../Engine/Content/EngineMaterials/Substrate/GLints/dict_16_192_64_0p5_0p02_0003_0004.uasset" 4559
"../../../Engine/Content/EngineMaterials/Substrate/GLints/dict_16_192_64_0p5_0p02_0001_0012.uasset" 4560
"/Engine/EngineMaterials/Substrate/GLints/dict_16_192_64_0p5_0p02_0003_0002" 4561
"/Engine/EngineMaterials/Substrate/GLints/dict_16_192_64_0p5_0p02_0003_0001" 4562
"/Engine/EngineMaterials/Substrate/GLints/dict_16_192_64_0p5_0p02_0003_0000" 4563
"/Engine/EngineMaterials/Substrate/GLints/dict_16_192_64_0p5_0p02_0002_0015" 4564
"/Engine/EngineMaterials/Substrate/GLints/dict_16_192_64_0p5_0p02_0002_0014" 4565
"/Engine/EngineMaterials/Substrate/GLints/dict_16_192_64_0p5_0p02_0001_0012" 4566
"/Engine/EngineMaterials/Substrate/GLints/dict_16_192_64_0p5_0p02_0001_0011" 4567
"/Engine/EngineMaterials/Substrate/GLints/dict_16_192_64_0p5_0p02_0001_0010" 4568
"/Engine/EngineMaterials/Substrate/GLints/dict_16_192_64_0p5_0p02_0001_0009" 4569
"/Engine/EngineMaterials/Substrate/GLints/dict_16_192_64_0p5_0p02_0001_0008" 4570
"/Engine/EngineMaterials/Substrate/GLints/dict_16_192_64_0p5_0p02_0001_0007" 4571
"/Engine/EngineMaterials/Substrate/GLints/dict_16_192_64_0p5_0p02_0002_0013" 4572
"/Engine/EngineMaterials/Substrate/GLints/dict_16_192_64_0p5_0p02_0001_0006" 4573
"/Engine/EngineMaterials/Substrate/GLints/dict_16_192_64_0p5_0p02_0001_0005" 4574
"/Engine/EngineMaterials/Substrate/GLints/dict_16_192_64_0p5_0p02_0003_0004" 4575
"/Engine/EngineMaterials/Substrate/GLints/dict_16_192_64_0p5_0p02_0002_0012" 4576
"/Engine/EngineMaterials/Substrate/GLints/dict_16_192_64_0p5_0p02_0002_0011" 4577
"/Engine/EngineMaterials/Substrate/GLints/dict_16_192_64_0p5_0p02_0002_0010" 4578
"/Engine/EngineMaterials/Substrate/GLints/dict_16_192_64_0p5_0p02_0002_0009" 4579
"/Engine/EngineMaterials/Substrate/GLints/dict_16_192_64_0p5_0p02_0002_0008" 4580
"/Engine/EngineMaterials/Substrate/GLints/dict_16_192_64_0p5_0p02_0003_0003" 4581
"/Engine/EngineMaterials/Substrate/GLints/dict_16_192_64_0p5_0p02_0002_0007" 4582
"/Engine/EngineMaterials/Substrate/GLints/dict_16_192_64_0p5_0p02_0002_0006" 4583
"/Engine/EngineMaterials/Substrate/GLints/dict_16_192_64_0p5_0p02_0002_0005" 4584
"/Engine/EngineMaterials/Substrate/GLints/dict_16_192_64_0p5_0p02_0002_0004" 4585
"/Engine/EngineMaterials/Substrate/GLints/dict_16_192_64_0p5_0p02_0002_0003" 4586
"/Engine/EngineMaterials/Substrate/GLints/dict_16_192_64_0p5_0p02_0002_0002" 4587
"/Engine/EngineMaterials/Substrate/GLints/dict_16_192_64_0p5_0p02_0002_0001" 4588
"/Engine/EngineMaterials/Substrate/GLints/dict_16_192_64_0p5_0p02_0002_0000" 4589
"/Engine/EngineMaterials/Substrate/GLints/dict_16_192_64_0p5_0p02_0001_0015" 4590
"/Engine/EngineMaterials/Substrate/GLints/dict_16_192_64_0p5_0p02_0001_0014" 4591
"/Engine/EngineMaterials/Substrate/GLints/dict_16_192_64_0p5_0p02_0001_0013" 4592
"../../../Engine/Content/EngineMaterials/Substrate/GLints/dict_16_192_64_0p5_0p02_0003_0005.uasset" 4593
"../../../Engine/Content/EngineMaterials/Substrate/GLints/dict_16_192_64_0p5_0p02_0003_0006.uasset" 4594
"../../../Engine/Content/EngineMaterials/Substrate/GLints/dict_16_192_64_0p5_0p02_0003_0007.uasset" 4595
"../../../Engine/Content/EngineMaterials/Substrate/GLints/dict_16_192_64_0p5_0p02_0003_0008.uasset" 4596
"../../../Engine/Content/EngineMaterials/Substrate/GLints/dict_16_192_64_0p5_0p02_0003_0011.uasset" 4597
"../../../Engine/Content/EngineMaterials/Substrate/GLints/dict_16_192_64_0p5_0p02_0003_0010.uasset" 4598
"../../../Engine/Content/EngineMaterials/Substrate/GLints/dict_16_192_64_0p5_0p02_0003_0009.uasset" 4599
"/Engine/EngineMaterials/Substrate/GLints/dict_16_192_64_0p5_0p02_0003_0008" 4600
"../../../Engine/Content/EngineMaterials/Substrate/GLints/dict_16_192_64_0p5_0p02_0003_0012.uasset" 4601
"../../../Engine/Content/EngineMaterials/Substrate/GLints/dict_16_192_64_0p5_0p02_0003_0014.uasset" 4602
"../../../Engine/Content/EngineMaterials/Substrate/GLints/dict_16_192_64_0p5_0p02_0003_0015.uasset" 4603
"../../../Engine/Content/EngineMaterials/Substrate/GLints/dict_16_192_64_0p5_0p02_0003_0013.uasset" 4604
"../../../Engine/Content/EngineMaterials/Substrate/GLints/dict_16_192_64_0p5_0p02_0004_0000.uasset" 4605
"/Engine/EngineMaterials/Substrate/GLints/dict_16_192_64_0p5_0p02_0003_0007" 4606
"../../../Engine/Content/EngineMaterials/Substrate/GLints/dict_16_192_64_0p5_0p02_0004_0001.uasset" 4607
"../../../Engine/Content/EngineMaterials/Substrate/GLints/dict_16_192_64_0p5_0p02_0004_0003.uasset" 4608
"../../../Engine/Content/EngineMaterials/Substrate/GLints/dict_16_192_64_0p5_0p02_0004_0002.uasset" 4609
"../../../Engine/Content/EngineMaterials/Substrate/GLints/dict_16_192_64_0p5_0p02_0004_0004.uasset" 4610
"../../../Engine/Content/EngineMaterials/Substrate/GLints/dict_16_192_64_0p5_0p02_0004_0005.uasset" 4611
"/Engine/EngineMaterials/Substrate/GLints/dict_16_192_64_0p5_0p02_0003_0006" 4612
"../../../Engine/Content/EngineMaterials/Substrate/GLints/dict_16_192_64_0p5_0p02_0004_0006.uasset" 4613
"../../../Engine/Content/EngineMaterials/Substrate/GLints/dict_16_192_64_0p5_0p02_0004_0007.uasset" 4614
"../../../Engine/Content/EngineMaterials/Substrate/GLints/dict_16_192_64_0p5_0p02_0004_0008.uasset" 4615
"/Engine/EngineMaterials/Substrate/GLints/dict_16_192_64_0p5_0p02_0003_0005" 4616
"../../../Engine/Content/EngineMaterials/Substrate/GLints/dict_16_192_64_0p5_0p02_0004_0009.uasset" 4617
"../../../Engine/Content/EngineMaterials/Substrate/GLints/dict_16_192_64_0p5_0p02_0004_0010.uasset" 4618
"../../../Engine/Content/EngineMaterials/Substrate/GLints/dict_16_192_64_0p5_0p02_0004_0012.uasset" 4619
"../../../Engine/Content/EngineMaterials/Substrate/GLints/dict_16_192_64_0p5_0p02_0004_0011.uasset" 4620
"../../../Engine/Content/EngineMaterials/Substrate/GLints/dict_16_192_64_0p5_0p02_0004_0013.uasset" 4621
"../../../Engine/Content/EngineMaterials/Substrate/GLints/dict_16_192_64_0p5_0p02_0004_0014.uasset" 4622
"/Engine/EngineMaterials/Substrate/GLints/dict_16_192_64_0p5_0p02_0004_0010" 4623
"../../../Engine/Content/EngineMaterials/Substrate/GLints/dict_16_192_64_0p5_0p02_0004_0015.uasset" 4624
"../../../Engine/Content/EngineMaterials/Substrate/GLints/dict_16_192_64_0p5_0p02_0005_0000.uasset" 4625
"../../../Engine/Content/EngineMaterials/Substrate/GLints/dict_16_192_64_0p5_0p02_0005_0001.uasset" 4626
"../../../Engine/Content/EngineMaterials/Substrate/GLints/dict_16_192_64_0p5_0p02_0005_0002.uasset" 4627
"../../../Engine/Content/EngineMaterials/Substrate/GLints/dict_16_192_64_0p5_0p02_0005_0003.uasset" 4628
"../../../Engine/Content/EngineMaterials/Substrate/GLints/dict_16_192_64_0p5_0p02_0005_0004.uasset" 4629
"/Engine/EngineMaterials/Substrate/GLints/dict_16_192_64_0p5_0p02_0004_0009" 4630
"/Engine/EngineMaterials/Substrate/GLints/dict_16_192_64_0p5_0p02_0004_0008" 4631
"/Engine/EngineMaterials/Substrate/GLints/dict_16_192_64_0p5_0p02_0004_0007" 4632
"/Engine/EngineMaterials/Substrate/GLints/dict_16_192_64_0p5_0p02_0004_0006" 4633
"/Engine/EngineMaterials/Substrate/GLints/dict_16_192_64_0p5_0p02_0004_0005" 4634
"/Engine/EngineMaterials/Substrate/GLints/dict_16_192_64_0p5_0p02_0004_0004" 4635
"/Engine/EngineMaterials/Substrate/GLints/dict_16_192_64_0p5_0p02_0004_0003" 4636
"/Engine/EngineMaterials/Substrate/GLints/dict_16_192_64_0p5_0p02_0004_0002" 4637
"/Engine/EngineMaterials/Substrate/GLints/dict_16_192_64_0p5_0p02_0004_0001" 4638
"/Engine/EngineMaterials/Substrate/GLints/dict_16_192_64_0p5_0p02_0004_0000" 4639
"/Engine/EngineMaterials/Substrate/GLints/dict_16_192_64_0p5_0p02_0003_0015" 4640
"/Engine/EngineMaterials/Substrate/GLints/dict_16_192_64_0p5_0p02_0003_0014" 4641
"/Engine/EngineMaterials/Substrate/GLints/dict_16_192_64_0p5_0p02_0003_0013" 4642
"/Engine/EngineMaterials/Substrate/GLints/dict_16_192_64_0p5_0p02_0003_0012" 4643
"/Engine/EngineMaterials/Substrate/GLints/dict_16_192_64_0p5_0p02_0003_0011" 4644
"/Engine/EngineMaterials/Substrate/GLints/dict_16_192_64_0p5_0p02_0003_0010" 4645
"/Engine/EngineMaterials/Substrate/GLints/dict_16_192_64_0p5_0p02_0003_0009" 4646
"/Engine/EngineMaterials/Substrate/GLints/dict_16_192_64_0p5_0p02_0005_0004" 4647
"/Engine/EngineMaterials/Substrate/GLints/dict_16_192_64_0p5_0p02_0005_0003" 4648
"/Engine/EngineMaterials/Substrate/GLints/dict_16_192_64_0p5_0p02_0005_0002" 4649
"/Engine/EngineMaterials/Substrate/GLints/dict_16_192_64_0p5_0p02_0005_0001" 4650
"/Engine/EngineMaterials/Substrate/GLints/dict_16_192_64_0p5_0p02_0005_0000" 4651
"/Engine/EngineMaterials/Substrate/GLints/dict_16_192_64_0p5_0p02_0004_0015" 4652
"/Engine/EngineMaterials/Substrate/GLints/dict_16_192_64_0p5_0p02_0004_0014" 4653
"/Engine/EngineMaterials/Substrate/GLints/dict_16_192_64_0p5_0p02_0004_0013" 4654
"/Engine/EngineMaterials/Substrate/GLints/dict_16_192_64_0p5_0p02_0004_0012" 4655
"/Engine/EngineMaterials/Substrate/GLints/dict_16_192_64_0p5_0p02_0004_0011" 4656
"../../../Engine/Content/EngineMaterials/Substrate/GLints/dict_16_192_64_0p5_0p02_0005_0005.uasset" 4657
"../../../Engine/Content/EngineMaterials/Substrate/GLints/dict_16_192_64_0p5_0p02_0005_0006.uasset" 4658
"../../../Engine/Content/EngineMaterials/Substrate/GLints/dict_16_192_64_0p5_0p02_0005_0007.uasset" 4659
"../../../Engine/Content/EngineMaterials/Substrate/GLints/dict_16_192_64_0p5_0p02_0005_0008.uasset" 4660
"../../../Engine/Content/EngineMaterials/Substrate/GLints/dict_16_192_64_0p5_0p02_0005_0009.uasset" 4661
"../../../Engine/Content/EngineMaterials/Substrate/GLints/dict_16_192_64_0p5_0p02_0005_0010.uasset" 4662
"../../../Engine/Content/EngineMaterials/Substrate/GLints/dict_16_192_64_0p5_0p02_0005_0011.uasset" 4663
"../../../Engine/Content/EngineMaterials/Substrate/GLints/dict_16_192_64_0p5_0p02_0005_0012.uasset" 4664
"../../../Engine/Content/EngineMaterials/Substrate/GLints/dict_16_192_64_0p5_0p02_0005_0013.uasset" 4665
"../../../Engine/Content/EngineMaterials/Substrate/GLints/dict_16_192_64_0p5_0p02_0005_0015.uasset" 4666
"../../../Engine/Content/EngineMaterials/Substrate/GLints/dict_16_192_64_0p5_0p02_0005_0014.uasset" 4667
"../../../Engine/Content/EngineMaterials/Substrate/GLints/dict_16_192_64_0p5_0p02_0006_0000.uasset" 4668
"../../../Engine/Content/EngineMaterials/Substrate/GLints/dict_16_192_64_0p5_0p02_0006_0001.uasset" 4669
"../../../Engine/Content/EngineMaterials/Substrate/GLints/dict_16_192_64_0p5_0p02_0006_0002.uasset" 4670
"../../../Engine/Content/EngineMaterials/Substrate/GLints/dict_16_192_64_0p5_0p02_0006_0003.uasset" 4671
"../../../Engine/Content/EngineMaterials/Substrate/GLints/dict_16_192_64_0p5_0p02_0006_0005.uasset" 4672
"../../../Engine/Content/EngineMaterials/Substrate/GLints/dict_16_192_64_0p5_0p02_0006_0006.uasset" 4673
"../../../Engine/Content/EngineMaterials/Substrate/GLints/dict_16_192_64_0p5_0p02_0006_0007.uasset" 4674
"../../../Engine/Content/EngineMaterials/Substrate/GLints/dict_16_192_64_0p5_0p02_0006_0004.uasset" 4675
"../../../Engine/Content/EngineMaterials/Substrate/GLints/dict_16_192_64_0p5_0p02_0006_0008.uasset" 4676
"../../../Engine/Content/EngineMaterials/Substrate/GLints/dict_16_192_64_0p5_0p02_0006_0009.uasset" 4677
"../../../Engine/Content/EngineMaterials/Substrate/GLints/dict_16_192_64_0p5_0p02_0006_0010.uasset" 4678
"../../../Engine/Content/EngineMaterials/Substrate/GLints/dict_16_192_64_0p5_0p02_0006_0012.uasset" 4679
"../../../Engine/Content/EngineMaterials/Substrate/GLints/dict_16_192_64_0p5_0p02_0006_0014.uasset" 4680
"../../../Engine/Content/EngineMaterials/Substrate/GLints/dict_16_192_64_0p5_0p02_0006_0015.uasset" 4681
"../../../Engine/Content/EngineMaterials/Substrate/GLints/dict_16_192_64_0p5_0p02_0006_0011.uasset" 4682
"../../../Engine/Content/EngineMaterials/Substrate/GLints/dict_16_192_64_0p5_0p02_0007_0002.uasset" 4683
"../../../Engine/Content/EngineMaterials/Substrate/GLints/dict_16_192_64_0p5_0p02_0007_0003.uasset" 4684
"../../../Engine/Content/EngineMaterials/Substrate/GLints/dict_16_192_64_0p5_0p02_0007_0001.uasset" 4685
"../../../Engine/Content/EngineMaterials/Substrate/GLints/dict_16_192_64_0p5_0p02_0006_0013.uasset" 4686
"../../../Engine/Content/EngineMaterials/Substrate/GLints/dict_16_192_64_0p5_0p02_0007_0000.uasset" 4687
"../../../Engine/Content/EngineMaterials/Substrate/GLints/dict_16_192_64_0p5_0p02_0007_0004.uasset" 4688
"/Engine/EngineMaterials/Substrate/GLints/dict_16_192_64_0p5_0p02_0007_0004" 4689
"/Engine/EngineMaterials/Substrate/GLints/dict_16_192_64_0p5_0p02_0007_0003" 4690
"/Engine/EngineMaterials/Substrate/GLints/dict_16_192_64_0p5_0p02_0007_0002" 4691
"/Engine/EngineMaterials/Substrate/GLints/dict_16_192_64_0p5_0p02_0007_0001" 4692
"/Engine/EngineMaterials/Substrate/GLints/dict_16_192_64_0p5_0p02_0007_0000" 4693
"/Engine/EngineMaterials/Substrate/GLints/dict_16_192_64_0p5_0p02_0006_0015" 4694
"/Engine/EngineMaterials/Substrate/GLints/dict_16_192_64_0p5_0p02_0006_0014" 4695
"/Engine/EngineMaterials/Substrate/GLints/dict_16_192_64_0p5_0p02_0006_0013" 4696
"/Engine/EngineMaterials/Substrate/GLints/dict_16_192_64_0p5_0p02_0006_0012" 4697
"/Engine/EngineMaterials/Substrate/GLints/dict_16_192_64_0p5_0p02_0006_0011" 4698
"/Engine/EngineMaterials/Substrate/GLints/dict_16_192_64_0p5_0p02_0006_0010" 4699
"/Engine/EngineMaterials/Substrate/GLints/dict_16_192_64_0p5_0p02_0006_0009" 4700
"/Engine/EngineMaterials/Substrate/GLints/dict_16_192_64_0p5_0p02_0006_0008" 4701
"/Engine/EngineMaterials/Substrate/GLints/dict_16_192_64_0p5_0p02_0006_0007" 4702
"/Engine/EngineMaterials/Substrate/GLints/dict_16_192_64_0p5_0p02_0006_0006" 4703
"/Engine/EngineMaterials/Substrate/GLints/dict_16_192_64_0p5_0p02_0006_0005" 4704
"/Engine/EngineMaterials/Substrate/GLints/dict_16_192_64_0p5_0p02_0006_0004" 4705
"/Engine/EngineMaterials/Substrate/GLints/dict_16_192_64_0p5_0p02_0006_0003" 4706
"/Engine/EngineMaterials/Substrate/GLints/dict_16_192_64_0p5_0p02_0006_0002" 4707
"/Engine/EngineMaterials/Substrate/GLints/dict_16_192_64_0p5_0p02_0006_0001" 4708
"/Engine/EngineMaterials/Substrate/GLints/dict_16_192_64_0p5_0p02_0006_0000" 4709
"/Engine/EngineMaterials/Substrate/GLints/dict_16_192_64_0p5_0p02_0005_0015" 4710
"/Engine/EngineMaterials/Substrate/GLints/dict_16_192_64_0p5_0p02_0005_0014" 4711
"/Engine/EngineMaterials/Substrate/GLints/dict_16_192_64_0p5_0p02_0005_0013" 4712
"/Engine/EngineMaterials/Substrate/GLints/dict_16_192_64_0p5_0p02_0005_0012" 4713
"/Engine/EngineMaterials/Substrate/GLints/dict_16_192_64_0p5_0p02_0005_0011" 4714
"/Engine/EngineMaterials/Substrate/GLints/dict_16_192_64_0p5_0p02_0005_0010" 4715
"/Engine/EngineMaterials/Substrate/GLints/dict_16_192_64_0p5_0p02_0005_0009" 4716
"/Engine/EngineMaterials/Substrate/GLints/dict_16_192_64_0p5_0p02_0005_0008" 4717
"/Engine/EngineMaterials/Substrate/GLints/dict_16_192_64_0p5_0p02_0005_0007" 4718
"/Engine/EngineMaterials/Substrate/GLints/dict_16_192_64_0p5_0p02_0005_0006" 4719
"/Engine/EngineMaterials/Substrate/GLints/dict_16_192_64_0p5_0p02_0005_0005" 4720
"../../../Engine/Content/EngineMaterials/Substrate/GLints/dict_16_192_64_0p5_0p02_0007_0005.uasset" 4721
"../../../Engine/Content/EngineMaterials/Substrate/GLints/dict_16_192_64_0p5_0p02_0007_0006.uasset" 4722
"../../../Engine/Content/EngineMaterials/Substrate/GLints/dict_16_192_64_0p5_0p02_0007_0007.uasset" 4723
"../../../Engine/Content/EngineMaterials/Substrate/GLints/dict_16_192_64_0p5_0p02_0007_0008.uasset" 4724
"../../../Engine/Content/EngineMaterials/Substrate/GLints/dict_16_192_64_0p5_0p02_0007_0009.uasset" 4725
"../../../Engine/Content/EngineMaterials/Substrate/GLints/dict_16_192_64_0p5_0p02_0007_0010.uasset" 4726
"../../../Engine/Content/EngineMaterials/Substrate/GLints/dict_16_192_64_0p5_0p02_0007_0011.uasset" 4727
"../../../Engine/Content/EngineMaterials/Substrate/GLints/dict_16_192_64_0p5_0p02_0007_0012.uasset" 4728
"../../../Engine/Content/EngineMaterials/Substrate/GLints/dict_16_192_64_0p5_0p02_0007_0013.uasset" 4729
"../../../Engine/Content/EngineMaterials/Substrate/GLints/dict_16_192_64_0p5_0p02_0007_0014.uasset" 4730
"../../../Engine/Content/EngineMaterials/Substrate/GLints/dict_16_192_64_0p5_0p02_0007_0015.uasset" 4731
"../../../Engine/Content/EngineMaterials/Substrate/GLints/dict_16_192_64_0p5_0p02_0008_0000.uasset" 4732
"../../../Engine/Content/EngineMaterials/Substrate/GLints/dict_16_192_64_0p5_0p02_0008_0001.uasset" 4733
"../../../Engine/Content/EngineMaterials/Substrate/GLints/dict_16_192_64_0p5_0p02_0008_0002.uasset" 4734
"../../../Engine/Content/EngineMaterials/Substrate/GLints/dict_16_192_64_0p5_0p02_0008_0003.uasset" 4735
"../../../Engine/Content/EngineMaterials/Substrate/GLints/dict_16_192_64_0p5_0p02_0008_0004.uasset" 4736
"/Engine/EngineMaterials/Substrate/GLints/dict_16_192_64_0p5_0p02_0008_0003" 4737
"../../../Engine/Content/EngineMaterials/Substrate/GLints/dict_16_192_64_0p5_0p02_0008_0005.uasset" 4738
"../../../Engine/Content/EngineMaterials/Substrate/GLints/dict_16_192_64_0p5_0p02_0008_0006.uasset" 4739
"/Engine/EngineMaterials/Substrate/GLints/dict_16_192_64_0p5_0p02_0008_0002" 4740
"../../../Engine/Content/EngineMaterials/Substrate/GLints/dict_16_192_64_0p5_0p02_0008_0007.uasset" 4741
"/Engine/EngineMaterials/Substrate/GLints/dict_16_192_64_0p5_0p02_0008_0001" 4742
"../../../Engine/Content/EngineMaterials/Substrate/GLints/dict_16_192_64_0p5_0p02_0008_0008.uasset" 4743
"/Engine/EngineMaterials/Substrate/GLints/dict_16_192_64_0p5_0p02_0008_0000" 4744
"../../../Engine/Content/EngineMaterials/Substrate/GLints/dict_16_192_64_0p5_0p02_0008_0009.uasset" 4745
"/Engine/EngineMaterials/Substrate/GLints/dict_16_192_64_0p5_0p02_0007_0015" 4746
"../../../Engine/Content/EngineMaterials/Substrate/GLints/dict_16_192_64_0p5_0p02_0008_0010.uasset" 4747
"/Engine/EngineMaterials/Substrate/GLints/dict_16_192_64_0p5_0p02_0007_0014" 4748
"../../../Engine/Content/EngineMaterials/Substrate/GLints/dict_16_192_64_0p5_0p02_0008_0011.uasset" 4749
"/Engine/EngineMaterials/Substrate/GLints/dict_16_192_64_0p5_0p02_0007_0013" 4750
"../../../Engine/Content/EngineMaterials/Substrate/GLints/dict_16_192_64_0p5_0p02_0008_0012.uasset" 4751
"/Engine/EngineMaterials/Substrate/GLints/dict_16_192_64_0p5_0p02_0007_0012" 4752
"../../../Engine/Content/EngineMaterials/Substrate/GLints/dict_16_192_64_0p5_0p02_0008_0013.uasset" 4753
"/Engine/EngineMaterials/Substrate/GLints/dict_16_192_64_0p5_0p02_0007_0011" 4754
"../../../Engine/Content/EngineMaterials/Substrate/GLints/dict_16_192_64_0p5_0p02_0008_0014.uasset" 4755
"../../../Engine/Content/EngineMaterials/Substrate/GLints/dict_16_192_64_0p5_0p02_0008_0015.uasset" 4756
"/Engine/EngineMaterials/Substrate/GLints/dict_16_192_64_0p5_0p02_0007_0010" 4757
"../../../Engine/Content/EngineMaterials/Substrate/GLints/dict_16_192_64_0p5_0p02_0009_0000.uasset" 4758
"../../../Engine/Content/EngineMaterials/Substrate/GLints/dict_16_192_64_0p5_0p02_0009_0001.uasset" 4759
"/Engine/EngineMaterials/Substrate/GLints/dict_16_192_64_0p5_0p02_0007_0009" 4760
"../../../Engine/Content/EngineMaterials/Substrate/GLints/dict_16_192_64_0p5_0p02_0009_0002.uasset" 4761
"../../../Engine/Content/EngineMaterials/Substrate/GLints/dict_16_192_64_0p5_0p02_0009_0003.uasset" 4762
"/Engine/EngineMaterials/Substrate/GLints/dict_16_192_64_0p5_0p02_0007_0007" 4763
"../../../Engine/Content/EngineMaterials/Substrate/GLints/dict_16_192_64_0p5_0p02_0009_0004.uasset" 4764
"/Engine/EngineMaterials/Substrate/GLints/dict_16_192_64_0p5_0p02_0007_0006" 4765
"/Engine/EngineMaterials/Substrate/GLints/dict_16_192_64_0p5_0p02_0007_0005" 4766
"/Engine/EngineMaterials/Substrate/GLints/dict_16_192_64_0p5_0p02_0009_0004" 4767
"../../../Engine/Content/EngineMaterials/Substrate/GLints/dict_16_192_64_0p5_0p02_0009_0005.uasset" 4768
"/Engine/EngineMaterials/Substrate/GLints/dict_16_192_64_0p5_0p02_0009_0003" 4769
"../../../Engine/Content/EngineMaterials/Substrate/GLints/dict_16_192_64_0p5_0p02_0009_0006.uasset" 4770
"/Engine/EngineMaterials/Substrate/GLints/dict_16_192_64_0p5_0p02_0009_0002" 4771
"../../../Engine/Content/EngineMaterials/Substrate/GLints/dict_16_192_64_0p5_0p02_0009_0007.uasset" 4772
"../../../Engine/Content/EngineMaterials/Substrate/GLints/dict_16_192_64_0p5_0p02_0009_0008.uasset" 4773
"../../../Engine/Content/EngineMaterials/Substrate/GLints/dict_16_192_64_0p5_0p02_0009_0009.uasset" 4774
"/Engine/EngineMaterials/Substrate/GLints/dict_16_192_64_0p5_0p02_0009_0001" 4775
"../../../Engine/Content/EngineMaterials/Substrate/GLints/dict_16_192_64_0p5_0p02_0009_0010.uasset" 4776
"../../../Engine/Content/EngineMaterials/Substrate/GLints/dict_16_192_64_0p5_0p02_0009_0011.uasset" 4777
"../../../Engine/Content/EngineMaterials/Substrate/GLints/dict_16_192_64_0p5_0p02_0009_0012.uasset" 4778
"../../../Engine/Content/EngineMaterials/Substrate/GLints/dict_16_192_64_0p5_0p02_0009_0013.uasset" 4779
"/Engine/EngineMaterials/Substrate/GLints/dict_16_192_64_0p5_0p02_0009_0000" 4780
"../../../Engine/Content/EngineMaterials/Substrate/GLints/dict_16_192_64_0p5_0p02_0009_0014.uasset" 4781
"../../../Engine/Content/EngineMaterials/Substrate/GLints/dict_16_192_64_0p5_0p02_0010_0000.uasset" 4782
"../../../Engine/Content/EngineMaterials/Substrate/GLints/dict_16_192_64_0p5_0p02_0009_0015.uasset" 4783
"../../../Engine/Content/EngineMaterials/Substrate/GLints/dict_16_192_64_0p5_0p02_0010_0001.uasset" 4784
"../../../Engine/Content/EngineMaterials/Substrate/GLints/dict_16_192_64_0p5_0p02_0010_0002.uasset" 4785
"/Engine/EngineMaterials/Substrate/GLints/dict_16_192_64_0p5_0p02_0008_0015" 4786
"/Engine/EngineMaterials/Substrate/GLints/dict_16_192_64_0p5_0p02_0008_0014" 4787
"/Engine/EngineMaterials/Substrate/GLints/dict_16_192_64_0p5_0p02_0008_0013" 4788
"/Engine/EngineMaterials/Substrate/GLints/dict_16_192_64_0p5_0p02_0008_0012" 4789
"/Engine/EngineMaterials/Substrate/GLints/dict_16_192_64_0p5_0p02_0008_0011" 4790
"/Engine/EngineMaterials/Substrate/GLints/dict_16_192_64_0p5_0p02_0008_0010" 4791
"/Engine/EngineMaterials/Substrate/GLints/dict_16_192_64_0p5_0p02_0008_0009" 4792
"/Engine/EngineMaterials/Substrate/GLints/dict_16_192_64_0p5_0p02_0008_0008" 4793
"/Engine/EngineMaterials/Substrate/GLints/dict_16_192_64_0p5_0p02_0008_0007" 4794
"/Engine/EngineMaterials/Substrate/GLints/dict_16_192_64_0p5_0p02_0008_0006" 4795
"/Engine/EngineMaterials/Substrate/GLints/dict_16_192_64_0p5_0p02_0008_0005" 4796
"/Engine/EngineMaterials/Substrate/GLints/dict_16_192_64_0p5_0p02_0008_0004" 4797
"/Engine/EngineMaterials/Substrate/GLints/dict_16_192_64_0p5_0p02_0010_0002" 4798
"../../../Engine/Content/EngineMaterials/Substrate/GLints/dict_16_192_64_0p5_0p02_0010_0003.uasset" 4799
"../../../Engine/Content/EngineMaterials/Substrate/GLints/dict_16_192_64_0p5_0p02_0010_0004.uasset" 4800
"../../../Engine/Content/EngineMaterials/Substrate/GLints/dict_16_192_64_0p5_0p02_0010_0005.uasset" 4801
"/Engine/EngineMaterials/Substrate/GLints/dict_16_192_64_0p5_0p02_0010_0001" 4802
"../../../Engine/Content/EngineMaterials/Substrate/GLints/dict_16_192_64_0p5_0p02_0010_0006.uasset" 4803
"../../../Engine/Content/EngineMaterials/Substrate/GLints/dict_16_192_64_0p5_0p02_0010_0007.uasset" 4804
"/Engine/EngineMaterials/Substrate/GLints/dict_16_192_64_0p5_0p02_0010_0000" 4805
"../../../Engine/Content/EngineMaterials/Substrate/GLints/dict_16_192_64_0p5_0p02_0010_0009.uasset" 4806
"../../../Engine/Content/EngineMaterials/Substrate/GLints/dict_16_192_64_0p5_0p02_0010_0008.uasset" 4807
"../../../Engine/Content/EngineMaterials/Substrate/GLints/dict_16_192_64_0p5_0p02_0010_0010.uasset" 4808
"../../../Engine/Content/EngineMaterials/Substrate/GLints/dict_16_192_64_0p5_0p02_0010_0012.uasset" 4809
"../../../Engine/Content/EngineMaterials/Substrate/GLints/dict_16_192_64_0p5_0p02_0010_0011.uasset" 4810
"/Engine/EngineMaterials/Substrate/GLints/dict_16_192_64_0p5_0p02_0009_0015" 4811
"../../../Engine/Content/EngineMaterials/Substrate/GLints/dict_16_192_64_0p5_0p02_0010_0014.uasset" 4812
"../../../Engine/Content/EngineMaterials/Substrate/GLints/dict_16_192_64_0p5_0p02_0010_0013.uasset" 4813
"../../../Engine/Content/EngineMaterials/Substrate/GLints/dict_16_192_64_0p5_0p02_0011_0000.uasset" 4814
"../../../Engine/Content/EngineMaterials/Substrate/GLints/dict_16_192_64_0p5_0p02_0010_0015.uasset" 4815
"/Engine/EngineMaterials/Substrate/GLints/dict_16_192_64_0p5_0p02_0009_0014" 4816
"../../../Engine/Content/EngineMaterials/Substrate/GLints/dict_16_192_64_0p5_0p02_0011_0001.uasset" 4817
"../../../Engine/Content/EngineMaterials/Substrate/GLints/dict_16_192_64_0p5_0p02_0011_0002.uasset" 4818
"../../../Engine/Content/EngineMaterials/Substrate/GLints/dict_16_192_64_0p5_0p02_0011_0003.uasset" 4819
"/Engine/EngineMaterials/Substrate/GLints/dict_16_192_64_0p5_0p02_0009_0013" 4820
"/Engine/EngineMaterials/Substrate/GLints/dict_16_192_64_0p5_0p02_0009_0012" 4821
"/Engine/EngineMaterials/Substrate/GLints/dict_16_192_64_0p5_0p02_0009_0011" 4822
"/Engine/EngineMaterials/Substrate/GLints/dict_16_192_64_0p5_0p02_0009_0010" 4823
"/Engine/EngineMaterials/Substrate/GLints/dict_16_192_64_0p5_0p02_0009_0009" 4824
"/Engine/EngineMaterials/Substrate/GLints/dict_16_192_64_0p5_0p02_0009_0008" 4825
"/Engine/EngineMaterials/Substrate/GLints/dict_16_192_64_0p5_0p02_0009_0007" 4826
"/Engine/EngineMaterials/Substrate/GLints/dict_16_192_64_0p5_0p02_0009_0006" 4827
"/Engine/EngineMaterials/Substrate/GLints/dict_16_192_64_0p5_0p02_0009_0005" 4828
"/Engine/EngineMaterials/Substrate/GLints/dict_16_192_64_0p5_0p02_0011_0003" 4829
"../../../Engine/Content/EngineMaterials/Substrate/GLints/dict_16_192_64_0p5_0p02_0011_0004.uasset" 4830
"../../../Engine/Content/EngineMaterials/Substrate/GLints/dict_16_192_64_0p5_0p02_0011_0005.uasset" 4831
"/Engine/EngineMaterials/Substrate/GLints/dict_16_192_64_0p5_0p02_0011_0002" 4832
"../../../Engine/Content/EngineMaterials/Substrate/GLints/dict_16_192_64_0p5_0p02_0011_0007.uasset" 4833
"../../../Engine/Content/EngineMaterials/Substrate/GLints/dict_16_192_64_0p5_0p02_0011_0006.uasset" 4834
"/Engine/EngineMaterials/Substrate/GLints/dict_16_192_64_0p5_0p02_0011_0001" 4835
"../../../Engine/Content/EngineMaterials/Substrate/GLints/dict_16_192_64_0p5_0p02_0011_0008.uasset" 4836
"../../../Engine/Content/EngineMaterials/Substrate/GLints/dict_16_192_64_0p5_0p02_0011_0009.uasset" 4837
"../../../Engine/Content/EngineMaterials/Substrate/GLints/dict_16_192_64_0p5_0p02_0011_0010.uasset" 4838
"/Engine/EngineMaterials/Substrate/GLints/dict_16_192_64_0p5_0p02_0011_0000" 4839
"../../../Engine/Content/EngineMaterials/Substrate/GLints/dict_16_192_64_0p5_0p02_0011_0011.uasset" 4840
"../../../Engine/Content/EngineMaterials/Substrate/GLints/dict_16_192_64_0p5_0p02_0011_0012.uasset" 4841
"/Engine/EngineMaterials/Substrate/GLints/dict_16_192_64_0p5_0p02_0010_0015" 4842
"../../../Engine/Content/EngineMaterials/Substrate/GLints/dict_16_192_64_0p5_0p02_0011_0013.uasset" 4843
"../../../Engine/Content/EngineMaterials/Substrate/GLints/dict_16_192_64_0p5_0p02_0011_0014.uasset" 4844
"/Engine/EngineMaterials/Substrate/GLints/dict_16_192_64_0p5_0p02_0010_0014" 4845
"../../../Engine/Content/EngineMaterials/Substrate/GLints/dict_16_192_64_0p5_0p02_0011_0015.uasset" 4846
"/Engine/EngineMaterials/Substrate/GLints/dict_16_192_64_0p5_0p02_0010_0013" 4847
"../../../Engine/Content/EngineMaterials/Substrate/GLints/dict_16_192_64_0p5_0p02_0012_0000.uasset" 4848
"../../../Engine/Content/EngineMaterials/Substrate/GLints/dict_16_192_64_0p5_0p02_0012_0001.uasset" 4849
"/Engine/EngineMaterials/Substrate/GLints/dict_16_192_64_0p5_0p02_0010_0012" 4850
"/Engine/EngineMaterials/Substrate/GLints/dict_16_192_64_0p5_0p02_0010_0011" 4851
"/Engine/EngineMaterials/Substrate/GLints/dict_16_192_64_0p5_0p02_0010_0010" 4852
"/Engine/EngineMaterials/Substrate/GLints/dict_16_192_64_0p5_0p02_0010_0009" 4853
"/Engine/EngineMaterials/Substrate/GLints/dict_16_192_64_0p5_0p02_0010_0008" 4854
"/Engine/EngineMaterials/Substrate/GLints/dict_16_192_64_0p5_0p02_0010_0007" 4855
"/Engine/EngineMaterials/Substrate/GLints/dict_16_192_64_0p5_0p02_0010_0006" 4856
"/Engine/EngineMaterials/Substrate/GLints/dict_16_192_64_0p5_0p02_0010_0005" 4857
"/Engine/EngineMaterials/Substrate/GLints/dict_16_192_64_0p5_0p02_0010_0004" 4858
"/Engine/EngineMaterials/Substrate/GLints/dict_16_192_64_0p5_0p02_0010_0003" 4859
"/Engine/EngineMaterials/Substrate/GLints/dict_16_192_64_0p5_0p02_0012_0001" 4860
"../../../Engine/Content/EngineMaterials/Substrate/GLints/dict_16_192_64_0p5_0p02_0012_0002.uasset" 4861
"/Engine/EngineMaterials/Substrate/GLints/dict_16_192_64_0p5_0p02_0012_0000" 4862
"../../../Engine/Content/EngineMaterials/Substrate/GLints/dict_16_192_64_0p5_0p02_0012_0003.uasset" 4863
"/Engine/EngineMaterials/Substrate/GLints/dict_16_192_64_0p5_0p02_0011_0015" 4864
"../../../Engine/Content/EngineMaterials/Substrate/GLints/dict_16_192_64_0p5_0p02_0012_0004.uasset" 4865
"/Engine/EngineMaterials/Substrate/GLints/dict_16_192_64_0p5_0p02_0011_0014" 4866
"../../../Engine/Content/EngineMaterials/Substrate/GLints/dict_16_192_64_0p5_0p02_0012_0005.uasset" 4867
"../../../Engine/Content/EngineMaterials/Substrate/GLints/dict_16_192_64_0p5_0p02_0012_0006.uasset" 4868
"/Engine/EngineMaterials/Substrate/GLints/dict_16_192_64_0p5_0p02_0011_0013" 4869
"../../../Engine/Content/EngineMaterials/Substrate/GLints/dict_16_192_64_0p5_0p02_0012_0007.uasset" 4870
"/Engine/EngineMaterials/Substrate/GLints/dict_16_192_64_0p5_0p02_0011_0012" 4871
"../../../Engine/Content/EngineMaterials/Substrate/GLints/dict_16_192_64_0p5_0p02_0012_0008.uasset" 4872
"../../../Engine/Content/EngineMaterials/Substrate/GLints/dict_16_192_64_0p5_0p02_0012_0009.uasset" 4873
"../../../Engine/Content/EngineMaterials/Substrate/GLints/dict_16_192_64_0p5_0p02_0012_0010.uasset" 4874
"/Engine/EngineMaterials/Substrate/GLints/dict_16_192_64_0p5_0p02_0011_0011" 4875
"../../../Engine/Content/EngineMaterials/Substrate/GLints/dict_16_192_64_0p5_0p02_0012_0011.uasset" 4876
"../../../Engine/Content/EngineMaterials/Substrate/GLints/dict_16_192_64_0p5_0p02_0012_0012.uasset" 4877
"../../../Engine/Content/EngineMaterials/Substrate/GLints/dict_16_192_64_0p5_0p02_0012_0013.uasset" 4878
"/Engine/EngineMaterials/Substrate/GLints/dict_16_192_64_0p5_0p02_0011_0010" 4879
"../../../Engine/Content/EngineMaterials/Substrate/GLints/dict_16_192_64_0p5_0p02_0012_0014.uasset" 4880
"../../../Engine/Content/EngineMaterials/Substrate/GLints/dict_16_192_64_0p5_0p02_0013_0000.uasset" 4881
"../../../Engine/Content/EngineMaterials/Substrate/GLints/dict_16_192_64_0p5_0p02_0013_0001.uasset" 4882
"../../../Engine/Content/EngineMaterials/Substrate/GLints/dict_16_192_64_0p5_0p02_0012_0015.uasset" 4883
"/Engine/EngineMaterials/Substrate/GLints/dict_16_192_64_0p5_0p02_0011_0009" 4884
"../../../Engine/Content/EngineMaterials/Substrate/GLints/dict_16_192_64_0p5_0p02_0013_0002.uasset" 4885
"/Engine/EngineMaterials/Substrate/GLints/dict_16_192_64_0p5_0p02_0011_0008" 4886
"/Engine/EngineMaterials/Substrate/GLints/dict_16_192_64_0p5_0p02_0011_0007" 4887
"/Engine/EngineMaterials/Substrate/GLints/dict_16_192_64_0p5_0p02_0011_0006" 4888
"/Engine/EngineMaterials/Substrate/GLints/dict_16_192_64_0p5_0p02_0011_0005" 4889
"/Engine/EngineMaterials/Substrate/GLints/dict_16_192_64_0p5_0p02_0011_0004" 4890
"/Engine/EngineMaterials/Substrate/GLints/dict_16_192_64_0p5_0p02_0013_0002" 4891
"../../../Engine/Content/EngineMaterials/Substrate/GLints/dict_16_192_64_0p5_0p02_0013_0004.uasset" 4892
"../../../Engine/Content/EngineMaterials/Substrate/GLints/dict_16_192_64_0p5_0p02_0013_0003.uasset" 4893
"../../../Engine/Content/EngineMaterials/Substrate/GLints/dict_16_192_64_0p5_0p02_0013_0005.uasset" 4894
"/Engine/EngineMaterials/Substrate/GLints/dict_16_192_64_0p5_0p02_0013_0001" 4895
"../../../Engine/Content/EngineMaterials/Substrate/GLints/dict_16_192_64_0p5_0p02_0013_0006.uasset" 4896
"../../../Engine/Content/EngineMaterials/Substrate/GLints/dict_16_192_64_0p5_0p02_0013_0007.uasset" 4897
"../../../Engine/Content/EngineMaterials/Substrate/GLints/dict_16_192_64_0p5_0p02_0013_0008.uasset" 4898
"/Engine/EngineMaterials/Substrate/GLints/dict_16_192_64_0p5_0p02_0013_0000" 4899
"../../../Engine/Content/EngineMaterials/Substrate/GLints/dict_16_192_64_0p5_0p02_0013_0009.uasset" 4900
"../../../Engine/Content/EngineMaterials/Substrate/GLints/dict_16_192_64_0p5_0p02_0013_0010.uasset" 4901
"../../../Engine/Content/EngineMaterials/Substrate/GLints/dict_16_192_64_0p5_0p02_0013_0011.uasset" 4902
"../../../Engine/Content/EngineMaterials/Substrate/GLints/dict_16_192_64_0p5_0p02_0013_0012.uasset" 4903
"/Engine/EngineMaterials/Substrate/GLints/dict_16_192_64_0p5_0p02_0012_0015" 4904
"../../../Engine/Content/EngineMaterials/Substrate/GLints/dict_16_192_64_0p5_0p02_0013_0013.uasset" 4905
"/Engine/EngineMaterials/Substrate/GLints/dict_16_192_64_0p5_0p02_0012_0014" 4906
"../../../Engine/Content/EngineMaterials/Substrate/GLints/dict_16_192_64_0p5_0p02_0013_0015.uasset" 4907
"../../../Engine/Content/EngineMaterials/Substrate/GLints/dict_16_192_64_0p5_0p02_0013_0014.uasset" 4908
"../../../Engine/Content/EngineMaterials/Substrate/GLints/dict_16_192_64_0p5_0p02_0014_0000.uasset" 4909
"/Engine/EngineMaterials/Substrate/GLints/dict_16_192_64_0p5_0p02_0012_0013" 4910
"/Engine/EngineMaterials/Substrate/GLints/dict_16_192_64_0p5_0p02_0012_0012" 4911
"/Engine/EngineMaterials/Substrate/GLints/dict_16_192_64_0p5_0p02_0012_0011" 4912
"/Engine/EngineMaterials/Substrate/GLints/dict_16_192_64_0p5_0p02_0012_0010" 4913
"/Engine/EngineMaterials/Substrate/GLints/dict_16_192_64_0p5_0p02_0012_0009" 4914
"/Engine/EngineMaterials/Substrate/GLints/dict_16_192_64_0p5_0p02_0012_0008" 4915
"/Engine/EngineMaterials/Substrate/GLints/dict_16_192_64_0p5_0p02_0012_0007" 4916
"/Engine/EngineMaterials/Substrate/GLints/dict_16_192_64_0p5_0p02_0012_0006" 4917
"/Engine/EngineMaterials/Substrate/GLints/dict_16_192_64_0p5_0p02_0012_0005" 4918
"/Engine/EngineMaterials/Substrate/GLints/dict_16_192_64_0p5_0p02_0012_0004" 4919
"/Engine/EngineMaterials/Substrate/GLints/dict_16_192_64_0p5_0p02_0012_0003" 4920
"/Engine/EngineMaterials/Substrate/GLints/dict_16_192_64_0p5_0p02_0012_0002" 4921
"/Engine/EngineMaterials/Substrate/GLints/dict_16_192_64_0p5_0p02_0007_0008" 4922
"/Engine/EngineMaterials/Substrate/GLints/dict_16_192_64_0p5_0p02_0014_0000" 4923
"../../../Engine/Content/EngineMaterials/Substrate/GLints/dict_16_192_64_0p5_0p02_0014_0002.uasset" 4924
"../../../Engine/Content/EngineMaterials/Substrate/GLints/dict_16_192_64_0p5_0p02_0014_0001.uasset" 4925
"/Engine/EngineMaterials/Substrate/GLints/dict_16_192_64_0p5_0p02_0013_0015" 4926
"../../../Engine/Content/EngineMaterials/Substrate/GLints/dict_16_192_64_0p5_0p02_0014_0003.uasset" 4927
"/Engine/EngineMaterials/Substrate/GLints/dict_16_192_64_0p5_0p02_0013_0014" 4928
"../../../Engine/Content/EngineMaterials/Substrate/GLints/dict_16_192_64_0p5_0p02_0014_0004.uasset" 4929
"../../../Engine/Content/EngineMaterials/Substrate/GLints/dict_16_192_64_0p5_0p02_0014_0005.uasset" 4930
"/Engine/EngineMaterials/Substrate/GLints/dict_16_192_64_0p5_0p02_0013_0013" 4931
"../../../Engine/Content/EngineMaterials/Substrate/GLints/dict_16_192_64_0p5_0p02_0014_0006.uasset" 4932
"../../../Engine/Content/EngineMaterials/Substrate/GLints/dict_16_192_64_0p5_0p02_0014_0007.uasset" 4933
"../../../Engine/Content/EngineMaterials/Substrate/GLints/dict_16_192_64_0p5_0p02_0014_0008.uasset" 4934
"/Engine/EngineMaterials/Substrate/GLints/dict_16_192_64_0p5_0p02_0013_0012" 4935
"../../../Engine/Content/EngineMaterials/Substrate/GLints/dict_16_192_64_0p5_0p02_0014_0009.uasset" 4936
"../../../Engine/Content/EngineMaterials/Substrate/GLints/dict_16_192_64_0p5_0p02_0014_0010.uasset" 4937
"/Engine/EngineMaterials/Substrate/GLints/dict_16_192_64_0p5_0p02_0013_0011" 4938
"../../../Engine/Content/EngineMaterials/Substrate/GLints/dict_16_192_64_0p5_0p02_0014_0012.uasset" 4939
"../../../Engine/Content/EngineMaterials/Substrate/GLints/dict_16_192_64_0p5_0p02_0014_0011.uasset" 4940
"/Engine/EngineMaterials/Substrate/GLints/dict_16_192_64_0p5_0p02_0013_0010" 4941
"../../../Engine/Content/EngineMaterials/Substrate/GLints/dict_16_192_64_0p5_0p02_0014_0013.uasset" 4942
"/Engine/EngineMaterials/Substrate/GLints/dict_16_192_64_0p5_0p02_0013_0009" 4943
"../../../Engine/Content/EngineMaterials/Substrate/GLints/dict_16_192_64_0p5_0p02_0014_0014.uasset" 4944
"../../../Engine/Content/EngineMaterials/Substrate/GLints/dict_16_192_64_0p5_0p02_0014_0015.uasset" 4945
"/Engine/EngineMaterials/Substrate/GLints/dict_16_192_64_0p5_0p02_0013_0008" 4946
"../../../Engine/Content/EngineMaterials/Substrate/GLints/dict_16_192_64_0p5_0p02_0015_0000.uasset" 4947
"../../../Engine/Content/EngineMaterials/Substrate/GLints/dict_16_192_64_0p5_0p02_0015_0001.uasset" 4948
"/Engine/EngineMaterials/Substrate/GLints/dict_16_192_64_0p5_0p02_0013_0007" 4949
"../../../Engine/Content/EngineMaterials/Substrate/GLints/dict_16_192_64_0p5_0p02_0015_0002.uasset" 4950
"/Engine/EngineMaterials/Substrate/GLints/dict_16_192_64_0p5_0p02_0013_0006" 4951
"/Engine/EngineMaterials/Substrate/GLints/dict_16_192_64_0p5_0p02_0013_0005" 4952
"/Engine/EngineMaterials/Substrate/GLints/dict_16_192_64_0p5_0p02_0013_0004" 4953
"/Engine/EngineMaterials/Substrate/GLints/dict_16_192_64_0p5_0p02_0013_0003" 4954
"../../../Engine/Content/EngineMaterials/Substrate/GLints/dict_16_192_64_0p5_0p02_0015_0003.uasset" 4955
"/Engine/EngineMaterials/Substrate/GLints/dict_16_192_64_0p5_0p02_0015_0002" 4956
"/Engine/EngineMaterials/Substrate/GLints/dict_16_192_64_0p5_0p02_0015_0001" 4957
"../../../Engine/Content/EngineMaterials/Substrate/GLints/dict_16_192_64_0p5_0p02_0015_0004.uasset" 4958
"../../../Engine/Content/EngineMaterials/Substrate/GLints/dict_16_192_64_0p5_0p02_0015_0005.uasset" 4959
"/Engine/EngineMaterials/Substrate/GLints/dict_16_192_64_0p5_0p02_0015_0000" 4960
"/Engine/EngineMaterials/Substrate/GLints/dict_16_192_64_0p5_0p02_0014_0015" 4961
"../../../Engine/Content/EngineMaterials/Substrate/GLints/dict_16_192_64_0p5_0p02_0015_0006.uasset" 4962
"/Engine/EngineMaterials/Substrate/GLints/dict_16_192_64_0p5_0p02_0014_0014" 4963
"../../../Engine/Content/EngineMaterials/Substrate/GLints/dict_16_192_64_0p5_0p02_0015_0007.uasset" 4964
"../../../Engine/Content/EngineMaterials/Substrate/GLints/dict_16_192_64_0p5_0p02_0015_0008.uasset" 4965
"/Engine/EngineMaterials/Substrate/GLints/dict_16_192_64_0p5_0p02_0014_0013" 4966
"../../../Engine/Content/EngineMaterials/Substrate/GLints/dict_16_192_64_0p5_0p02_0015_0009.uasset" 4967
"/Engine/EngineMaterials/Substrate/GLints/dict_16_192_64_0p5_0p02_0014_0012" 4968
"../../../Engine/Content/EngineMaterials/Substrate/GLints/dict_16_192_64_0p5_0p02_0015_0010.uasset" 4969
"/Engine/EngineMaterials/Substrate/GLints/dict_16_192_64_0p5_0p02_0014_0011" 4970
"/Engine/EngineMaterials/Substrate/GLints/dict_16_192_64_0p5_0p02_0014_0010" 4971
"/Engine/EngineMaterials/Substrate/GLints/dict_16_192_64_0p5_0p02_0014_0009" 4972
"../../../Engine/Content/EngineMaterials/Substrate/GLints/dict_16_192_64_0p5_0p02_0015_0011.uasset" 4973
"/Engine/EngineMaterials/Substrate/GLints/dict_16_192_64_0p5_0p02_0014_0008" 4974
"/Engine/EngineMaterials/Substrate/GLints/dict_16_192_64_0p5_0p02_0014_0007" 4975
"../../../Engine/Content/EngineMaterials/Substrate/GLints/dict_16_192_64_0p5_0p02_0015_0012.uasset" 4976
"/Engine/EngineMaterials/Substrate/GLints/dict_16_192_64_0p5_0p02_0014_0006" 4977
"/Engine/EngineMaterials/Substrate/GLints/dict_16_192_64_0p5_0p02_0014_0005" 4978
"../../../Engine/Content/EngineMaterials/Substrate/GLints/dict_16_192_64_0p5_0p02_0015_0013.uasset" 4979
"/Engine/EngineMaterials/Substrate/GLints/dict_16_192_64_0p5_0p02_0014_0004" 4980
"/Engine/EngineMaterials/Substrate/GLints/dict_16_192_64_0p5_0p02_0014_0003" 4981
"../../../Engine/Content/EngineMaterials/Substrate/GLints/dict_16_192_64_0p5_0p02_0015_0014.uasset" 4982
"/Engine/EngineMaterials/Substrate/GLints/dict_16_192_64_0p5_0p02_0014_0002" 4983
"../../../Engine/Content/EngineMaterials/Substrate/GLints/dict_16_192_64_0p5_0p02_0015_0015.uasset" 4984
"../../../Engine/Content/EngineMaterials/Substrate/GLints/dict_16_192_64_0p5_0p02_0016_0000.uasset" 4985
"/Engine/EngineMaterials/Substrate/GLints/dict_16_192_64_0p5_0p02_0015_0015" 4986
"../../../Engine/Content/EngineMaterials/Substrate/GLints/dict_16_192_64_0p5_0p02_0016_0001.uasset" 4987
"/Engine/EngineMaterials/Substrate/GLints/dict_16_192_64_0p5_0p02_0015_0014" 4988
"../../../Engine/Content/EngineMaterials/Substrate/GLints/dict_16_192_64_0p5_0p02_0016_0002.uasset" 4989
"/Engine/EngineMaterials/Substrate/GLints/dict_16_192_64_0p5_0p02_0015_0013" 4990
"../../../Engine/Content/EngineMaterials/Substrate/GLints/dict_16_192_64_0p5_0p02_0016_0003.uasset" 4991
"/Engine/EngineMaterials/Substrate/GLints/dict_16_192_64_0p5_0p02_0015_0012" 4992
"../../../Engine/Content/EngineMaterials/Substrate/GLints/dict_16_192_64_0p5_0p02_0016_0004.uasset" 4993
"/Engine/EngineMaterials/Substrate/GLints/dict_16_192_64_0p5_0p02_0015_0011" 4994
"../../../Engine/Content/EngineMaterials/Substrate/GLints/dict_16_192_64_0p5_0p02_0016_0005.uasset" 4995
"/Engine/EngineMaterials/Substrate/GLints/dict_16_192_64_0p5_0p02_0015_0010" 4996
"/Engine/EngineMaterials/Substrate/GLints/dict_16_192_64_0p5_0p02_0015_0009" 4997
"../../../Engine/Content/EngineMaterials/Substrate/GLints/dict_16_192_64_0p5_0p02_0016_0006.uasset" 4998
"/Engine/EngineMaterials/Substrate/GLints/dict_16_192_64_0p5_0p02_0015_0008" 4999
"../../../Engine/Content/EngineMaterials/Substrate/GLints/dict_16_192_64_0p5_0p02_0016_0007.uasset" 5000
"/Engine/EngineMaterials/Substrate/GLints/dict_16_192_64_0p5_0p02_0015_0007" 5001
"../../../Engine/Content/EngineMaterials/Substrate/GLints/dict_16_192_64_0p5_0p02_0016_0008.uasset" 5002
"/Engine/EngineMaterials/Substrate/GLints/dict_16_192_64_0p5_0p02_0015_0006" 5003
"../../../Engine/Content/EngineMaterials/Substrate/GLints/dict_16_192_64_0p5_0p02_0016_0009.uasset" 5004
"/Engine/EngineMaterials/Substrate/GLints/dict_16_192_64_0p5_0p02_0015_0005" 5005
"/Engine/EngineMaterials/Substrate/GLints/dict_16_192_64_0p5_0p02_0015_0004" 5006
"../../../Engine/Content/EngineMaterials/Substrate/GLints/dict_16_192_64_0p5_0p02_0016_0010.uasset" 5007
"/Engine/EngineMaterials/Substrate/GLints/dict_16_192_64_0p5_0p02_0015_0003" 5008
"../../../Engine/Content/EngineMaterials/Substrate/GLints/dict_16_192_64_0p5_0p02_0016_0011.uasset" 5009
"/Engine/EngineMaterials/Substrate/GLints/dict_16_192_64_0p5_0p02_0016_0011" 5010
"../../../Engine/Content/EngineMaterials/Substrate/GLints/dict_16_192_64_0p5_0p02_0016_0012.uasset" 5011
"../../../Engine/Content/EngineMaterials/Substrate/GLints/dict_16_192_64_0p5_0p02_0016_0013.uasset" 5012
"/Engine/EngineMaterials/Substrate/GLints/dict_16_192_64_0p5_0p02_0016_0010" 5013
"../../../Engine/Content/EngineMaterials/Substrate/GLints/dict_16_192_64_0p5_0p02_0016_0014.uasset" 5014
"/Engine/EngineMaterials/Substrate/GLints/dict_16_192_64_0p5_0p02_0016_0009" 5015
"../../../Engine/Content/EngineMaterials/Substrate/GLints/dict_16_192_64_0p5_0p02_0016_0015.uasset" 5016
"../../../Engine/Content/EngineMaterials/Substrate/GLints/dict_16_192_64_0p5_0p02_0017_0000.uasset" 5017
"/Engine/EngineMaterials/Substrate/GLints/dict_16_192_64_0p5_0p02_0016_0008" 5018
"../../../Engine/Content/EngineMaterials/Substrate/GLints/dict_16_192_64_0p5_0p02_0017_0001.uasset" 5019
"/Engine/EngineMaterials/Substrate/GLints/dict_16_192_64_0p5_0p02_0016_0007" 5020
"/Engine/EngineMaterials/Substrate/GLints/dict_16_192_64_0p5_0p02_0016_0006" 5021
"../../../Engine/Content/EngineMaterials/Substrate/GLints/dict_16_192_64_0p5_0p02_0017_0002.uasset" 5022
"/Engine/EngineMaterials/Substrate/GLints/dict_16_192_64_0p5_0p02_0016_0005" 5023
"../../../Engine/Content/EngineMaterials/Substrate/GLints/dict_16_192_64_0p5_0p02_0017_0003.uasset" 5024
"/Engine/EngineMaterials/Substrate/GLints/dict_16_192_64_0p5_0p02_0016_0004" 5025
"../../../Engine/Content/EngineMaterials/Substrate/GLints/dict_16_192_64_0p5_0p02_0017_0004.uasset" 5026
"/Engine/EngineMaterials/Substrate/GLints/dict_16_192_64_0p5_0p02_0016_0003" 5027
"../../../Engine/Content/EngineMaterials/Substrate/GLints/dict_16_192_64_0p5_0p02_0017_0005.uasset" 5028
"/Engine/EngineMaterials/Substrate/GLints/dict_16_192_64_0p5_0p02_0016_0002" 5029
"../../../Engine/Content/EngineMaterials/Substrate/GLints/dict_16_192_64_0p5_0p02_0017_0006.uasset" 5030
"/Engine/EngineMaterials/Substrate/GLints/dict_16_192_64_0p5_0p02_0016_0001" 5031
"../../../Engine/Content/EngineMaterials/Substrate/GLints/dict_16_192_64_0p5_0p02_0017_0007.uasset" 5032
"/Engine/EngineMaterials/Substrate/GLints/dict_16_192_64_0p5_0p02_0016_0000" 5033
"../../../Engine/Content/EngineMaterials/Substrate/GLints/dict_16_192_64_0p5_0p02_0017_0008.uasset" 5034
"/Engine/EngineMaterials/Substrate/GLints/dict_16_192_64_0p5_0p02_0017_0001" 5035
"../../../Engine/Content/EngineMaterials/Substrate/GLints/dict_16_192_64_0p5_0p02_0017_0009.uasset" 5036
"/Engine/EngineMaterials/Substrate/GLints/dict_16_192_64_0p5_0p02_0017_0000" 5037
"../../../Engine/Content/EngineMaterials/Substrate/GLints/dict_16_192_64_0p5_0p02_0017_0010.uasset" 5038
"/Engine/EngineMaterials/Substrate/GLints/dict_16_192_64_0p5_0p02_0016_0015" 5039
"../../../Engine/Content/EngineMaterials/Substrate/GLints/dict_16_192_64_0p5_0p02_0017_0011.uasset" 5040
"/Engine/EngineMaterials/Substrate/GLints/dict_16_192_64_0p5_0p02_0016_0014" 5041
"/Engine/EngineMaterials/Substrate/GLints/dict_16_192_64_0p5_0p02_0016_0013" 5042
"../../../Engine/Content/EngineMaterials/Substrate/GLints/dict_16_192_64_0p5_0p02_0017_0012.uasset" 5043
"/Engine/EngineMaterials/Substrate/GLints/dict_16_192_64_0p5_0p02_0016_0012" 5044
"../../../Engine/Content/EngineMaterials/Substrate/GLints/dict_16_192_64_0p5_0p02_0017_0013.uasset" 5045
"/Engine/EngineMaterials/Substrate/GLints/dict_16_192_64_0p5_0p02_0017_0007" 5046
"../../../Engine/Content/EngineMaterials/Substrate/GLints/dict_16_192_64_0p5_0p02_0017_0014.uasset" 5047
"/Engine/EngineMaterials/Substrate/GLints/dict_16_192_64_0p5_0p02_0017_0006" 5048
"../../../Engine/Content/EngineMaterials/Substrate/GLints/dict_16_192_64_0p5_0p02_0017_0015.uasset" 5049
"/Engine/EngineMaterials/Substrate/GLints/dict_16_192_64_0p5_0p02_0017_0005" 5050
"/Engine/EngineMaterials/Substrate/GLints/dict_16_192_64_0p5_0p02_0017_0004" 5051
"/Engine/EngineMaterials/Substrate/GLints/dict_16_192_64_0p5_0p02_0017_0003" 5052
"/Engine/EngineMaterials/Substrate/GLints/dict_16_192_64_0p5_0p02_0017_0002" 5053
"/Engine/EngineMaterials/Substrate/GLints/dict_16_192_64_0p5_0p02_0017_0014" 5054
"/Engine/EngineMaterials/Substrate/GLints/dict_16_192_64_0p5_0p02_0017_0013" 5055
"/Engine/EngineMaterials/Substrate/GLints/dict_16_192_64_0p5_0p02_0017_0012" 5056
"/Engine/EngineMaterials/Substrate/GLints/dict_16_192_64_0p5_0p02_0017_0011" 5057
"../../../Engine/Content/EngineMaterials/Substrate/GLints/dict_16_192_64_0p5_0p02_0018_0000.uasset" 5058
"/Engine/EngineMaterials/Substrate/GLints/dict_16_192_64_0p5_0p02_0017_0010" 5059
"../../../Engine/Content/EngineMaterials/Substrate/GLints/dict_16_192_64_0p5_0p02_0018_0001.uasset" 5060
"../../../Engine/Content/EngineMaterials/Substrate/GLints/dict_16_192_64_0p5_0p02_0018_0002.uasset" 5061
"/Engine/EngineMaterials/Substrate/GLints/dict_16_192_64_0p5_0p02_0017_0009" 5062
"../../../Engine/Content/EngineMaterials/Substrate/GLints/dict_16_192_64_0p5_0p02_0018_0004.uasset" 5063
"../../../Engine/Content/EngineMaterials/Substrate/GLints/dict_16_192_64_0p5_0p02_0018_0003.uasset" 5064
"/Engine/EngineMaterials/Substrate/GLints/dict_16_192_64_0p5_0p02_0017_0008" 5065
"../../../Engine/Content/EngineMaterials/Substrate/GLints/dict_16_192_64_0p5_0p02_0018_0005.uasset" 5066
"../../../Engine/Content/EngineMaterials/Substrate/GLints/dict_16_192_64_0p5_0p02_0018_0006.uasset" 5067
"/Engine/EngineMaterials/Substrate/GLints/dict_16_192_64_0p5_0p02_0018_0004" 5068
"../../../Engine/Content/EngineMaterials/Substrate/GLints/dict_16_192_64_0p5_0p02_0018_0007.uasset" 5069
"../../../Engine/Content/EngineMaterials/Substrate/GLints/dict_16_192_64_0p5_0p02_0018_0008.uasset" 5070
"../../../Engine/Content/EngineMaterials/Substrate/GLints/dict_16_192_64_0p5_0p02_0018_0009.uasset" 5071
"/Engine/EngineMaterials/Substrate/GLints/dict_16_192_64_0p5_0p02_0018_0003" 5072
"../../../Engine/Content/EngineMaterials/Substrate/GLints/dict_16_192_64_0p5_0p02_0018_0010.uasset" 5073
"../../../Engine/Content/EngineMaterials/Substrate/GLints/dict_16_192_64_0p5_0p02_0018_0011.uasset" 5074
"../../../Engine/Content/EngineMaterials/Substrate/GLints/dict_16_192_64_0p5_0p02_0018_0013.uasset" 5075
"/Engine/EngineMaterials/Substrate/GLints/dict_16_192_64_0p5_0p02_0018_0002" 5076
"../../../Engine/Content/EngineMaterials/Substrate/GLints/dict_16_192_64_0p5_0p02_0018_0014.uasset" 5077
"../../../Engine/Content/EngineMaterials/Substrate/GLints/dict_16_192_64_0p5_0p02_0018_0012.uasset" 5078
"../../../Engine/Content/EngineMaterials/Substrate/GLints/dict_16_192_64_0p5_0p02_0018_0015.uasset" 5079
"../../../Engine/Content/EngineMaterials/Substrate/GLints/dict_16_192_64_0p5_0p02_0019_0000.uasset" 5080
"/Engine/EngineMaterials/Substrate/GLints/dict_16_192_64_0p5_0p02_0018_0001" 5081
"../../../Engine/Content/EngineMaterials/Substrate/GLints/dict_16_192_64_0p5_0p02_0019_0001.uasset" 5082
"../../../Engine/Content/EngineMaterials/Substrate/GLints/dict_16_192_64_0p5_0p02_0019_0002.uasset" 5083
"../../../Engine/Content/EngineMaterials/Substrate/GLints/dict_16_192_64_0p5_0p02_0019_0003.uasset" 5084
"/Engine/EngineMaterials/Substrate/GLints/dict_16_192_64_0p5_0p02_0018_0000" 5085
"../../../Engine/Content/EngineMaterials/Substrate/GLints/dict_16_192_64_0p5_0p02_0019_0004.uasset" 5086
"../../../Engine/Content/EngineMaterials/Substrate/GLints/dict_16_192_64_0p5_0p02_0019_0005.uasset" 5087
"../../../Engine/Content/EngineMaterials/Substrate/GLints/dict_16_192_64_0p5_0p02_0019_0006.uasset" 5088
"/Engine/EngineMaterials/Substrate/GLints/dict_16_192_64_0p5_0p02_0014_0001" 5089
"../../../Engine/Content/EngineMaterials/Substrate/GLints/dict_16_192_64_0p5_0p02_0019_0007.uasset" 5090
"../../../Engine/Content/EngineMaterials/Substrate/GLints/dict_16_192_64_0p5_0p02_0019_0008.uasset" 5091
"../../../Engine/Content/EngineMaterials/Substrate/GLints/dict_16_192_64_0p5_0p02_0019_0009.uasset" 5092
"/Engine/EngineMaterials/Substrate/GLints/dict_16_192_64_0p5_0p02_0019_0006" 5093
"../../../Engine/Content/EngineMaterials/Substrate/GLints/dict_16_192_64_0p5_0p02_0019_0010.uasset" 5094
"../../../Engine/Content/EngineMaterials/Substrate/GLints/dict_16_192_64_0p5_0p02_0019_0011.uasset" 5095
"../../../Engine/Content/EngineMaterials/Substrate/GLints/dict_16_192_64_0p5_0p02_0019_0012.uasset" 5096
"/Engine/EngineMaterials/Substrate/GLints/dict_16_192_64_0p5_0p02_0019_0005" 5097
"../../../Engine/Content/EngineMaterials/Substrate/GLints/dict_16_192_64_0p5_0p02_0019_0013.uasset" 5098
"../../../Engine/Content/EngineMaterials/Substrate/GLints/dict_16_192_64_0p5_0p02_0019_0014.uasset" 5099
"../../../Engine/Content/EngineMaterials/Substrate/GLints/dict_16_192_64_0p5_0p02_0019_0015.uasset" 5100
"/Engine/EngineMaterials/Substrate/GLints/dict_16_192_64_0p5_0p02_0019_0004" 5101
"../../../Engine/Content/EngineMaterials/Substrate/GLints/dict_16_192_64_0p5_0p02_0020_0001.uasset" 5102
"../../../Engine/Content/EngineMaterials/Substrate/GLints/dict_16_192_64_0p5_0p02_0020_0000.uasset" 5103
"../../../Engine/Content/EngineMaterials/Substrate/GLints/dict_16_192_64_0p5_0p02_0020_0002.uasset" 5104
"../../../Engine/Content/EngineMaterials/Substrate/GLints/dict_16_192_64_0p5_0p02_0020_0003.uasset" 5105
"/Engine/EngineMaterials/Substrate/GLints/dict_16_192_64_0p5_0p02_0019_0003" 5106
"/Engine/EngineMaterials/Substrate/GLints/dict_16_192_64_0p5_0p02_0019_0002" 5107
"/Engine/EngineMaterials/Substrate/GLints/dict_16_192_64_0p5_0p02_0019_0001" 5108
"/Engine/EngineMaterials/Substrate/GLints/dict_16_192_64_0p5_0p02_0018_0010" 5109
"/Engine/EngineMaterials/Substrate/GLints/dict_16_192_64_0p5_0p02_0018_0009" 5110
"/Engine/EngineMaterials/Substrate/GLints/dict_16_192_64_0p5_0p02_0018_0008" 5111
"/Engine/EngineMaterials/Substrate/GLints/dict_16_192_64_0p5_0p02_0018_0007" 5112
"/Engine/EngineMaterials/Substrate/GLints/dict_16_192_64_0p5_0p02_0018_0006" 5113
"/Engine/EngineMaterials/Substrate/GLints/dict_16_192_64_0p5_0p02_0018_0005" 5114
"/Engine/EngineMaterials/Substrate/GLints/dict_16_192_64_0p5_0p02_0019_0007" 5115
"/Engine/EngineMaterials/Substrate/GLints/dict_16_192_64_0p5_0p02_0019_0000" 5116
"/Engine/EngineMaterials/Substrate/GLints/dict_16_192_64_0p5_0p02_0018_0015" 5117
"/Engine/EngineMaterials/Substrate/GLints/dict_16_192_64_0p5_0p02_0018_0014" 5118
"/Engine/EngineMaterials/Substrate/GLints/dict_16_192_64_0p5_0p02_0018_0013" 5119
"/Engine/EngineMaterials/Substrate/GLints/dict_16_192_64_0p5_0p02_0018_0012" 5120
"/Engine/EngineMaterials/Substrate/GLints/dict_16_192_64_0p5_0p02_0018_0011" 5121
"/Engine/EngineMaterials/Substrate/GLints/dict_16_192_64_0p5_0p02_0020_0003" 5122
"../../../Engine/Content/EngineMaterials/Substrate/GLints/dict_16_192_64_0p5_0p02_0020_0004.uasset" 5123
"/Engine/EngineMaterials/Substrate/GLints/dict_16_192_64_0p5_0p02_0020_0002" 5124
"../../../Engine/Content/EngineMaterials/Substrate/GLints/dict_16_192_64_0p5_0p02_0020_0005.uasset" 5125
"/Engine/EngineMaterials/Substrate/GLints/dict_16_192_64_0p5_0p02_0020_0001" 5126
"../../../Engine/Content/EngineMaterials/Substrate/GLints/dict_16_192_64_0p5_0p02_0020_0006.uasset" 5127
"/Engine/EngineMaterials/Substrate/GLints/dict_16_192_64_0p5_0p02_0020_0000" 5128
"../../../Engine/Content/EngineMaterials/Substrate/GLints/dict_16_192_64_0p5_0p02_0020_0007.uasset" 5129
"/Engine/EngineMaterials/Substrate/GLints/dict_16_192_64_0p5_0p02_0019_0015" 5130
"../../../Engine/Content/EngineMaterials/Substrate/GLints/dict_16_192_64_0p5_0p02_0020_0008.uasset" 5131
"/Engine/EngineMaterials/Substrate/GLints/dict_16_192_64_0p5_0p02_0019_0013" 5132
"/Engine/EngineMaterials/Substrate/GLints/dict_16_192_64_0p5_0p02_0019_0012" 5133
"../../../Engine/Content/EngineMaterials/Substrate/GLints/dict_16_192_64_0p5_0p02_0020_0009.uasset" 5134
"/Engine/EngineMaterials/Substrate/GLints/dict_16_192_64_0p5_0p02_0019_0011" 5135
"../../../Engine/Content/EngineMaterials/Substrate/GLints/dict_16_192_64_0p5_0p02_0020_0010.uasset" 5136
"/Engine/EngineMaterials/Substrate/GLints/dict_16_192_64_0p5_0p02_0019_0010" 5137
"../../../Engine/Content/EngineMaterials/Substrate/GLints/dict_16_192_64_0p5_0p02_0020_0011.uasset" 5138
"/Engine/EngineMaterials/Substrate/GLints/dict_16_192_64_0p5_0p02_0019_0009" 5139
"../../../Engine/Content/EngineMaterials/Substrate/GLints/dict_16_192_64_0p5_0p02_0020_0012.uasset" 5140
"/Engine/EngineMaterials/Substrate/GLints/dict_16_192_64_0p5_0p02_0019_0008" 5141
"/Engine/EngineMaterials/Substrate/GLints/dict_16_192_64_0p5_0p02_0019_0014" 5142
"../../../Engine/Content/EngineMaterials/Substrate/GLints/dict_16_192_64_0p5_0p02_0020_0013.uasset" 5143
"../../../Engine/Content/EngineMaterials/Substrate/GLints/dict_16_192_64_0p5_0p02_0020_0014.uasset" 5144
"/Engine/EngineMaterials/Substrate/GLints/dict_16_192_64_0p5_0p02_0020_0013" 5145
"../../../Engine/Content/EngineMaterials/Substrate/GLints/dict_16_192_64_0p5_0p02_0020_0015.uasset" 5146
"/Engine/EngineMaterials/Substrate/GLints/dict_16_192_64_0p5_0p02_0020_0012" 5147
"../../../Engine/Content/EngineMaterials/Substrate/GLints/dict_16_192_64_0p5_0p02_0021_0000.uasset" 5148
"/Engine/EngineMaterials/Substrate/GLints/dict_16_192_64_0p5_0p02_0020_0011" 5149
"../../../Engine/Content/EngineMaterials/Substrate/GLints/dict_16_192_64_0p5_0p02_0021_0001.uasset" 5150
"/Engine/EngineMaterials/Substrate/GLints/dict_16_192_64_0p5_0p02_0020_0010" 5151
"../../../Engine/Content/EngineMaterials/Substrate/GLints/dict_16_192_64_0p5_0p02_0021_0002.uasset" 5152
"/Engine/EngineMaterials/Substrate/GLints/dict_16_192_64_0p5_0p02_0020_0009" 5153
"../../../Engine/Content/EngineMaterials/Substrate/GLints/dict_16_192_64_0p5_0p02_0021_0003.uasset" 5154
"/Engine/EngineMaterials/Substrate/GLints/dict_16_192_64_0p5_0p02_0020_0008" 5155
"../../../Engine/Content/EngineMaterials/Substrate/GLints/dict_16_192_64_0p5_0p02_0021_0004.uasset" 5156
"/Engine/EngineMaterials/Substrate/GLints/dict_16_192_64_0p5_0p02_0020_0007" 5157
"../../../Engine/Content/EngineMaterials/Substrate/GLints/dict_16_192_64_0p5_0p02_0021_0005.uasset" 5158
"/Engine/EngineMaterials/Substrate/GLints/dict_16_192_64_0p5_0p02_0020_0006" 5159
"../../../Engine/Content/EngineMaterials/Substrate/GLints/dict_16_192_64_0p5_0p02_0021_0006.uasset" 5160
"/Engine/EngineMaterials/Substrate/GLints/dict_16_192_64_0p5_0p02_0020_0005" 5161
"../../../Engine/Content/EngineMaterials/Substrate/GLints/dict_16_192_64_0p5_0p02_0021_0007.uasset" 5162
"/Engine/EngineMaterials/Substrate/GLints/dict_16_192_64_0p5_0p02_0020_0004" 5163
"../../../Engine/Content/EngineMaterials/Substrate/GLints/dict_16_192_64_0p5_0p02_0021_0008.uasset" 5164
"../../../Engine/Content/EngineMaterials/Substrate/GLints/dict_16_192_64_0p5_0p02_0021_0009.uasset" 5165
"../../../Engine/Content/EngineMaterials/Substrate/GLints/dict_16_192_64_0p5_0p02_0021_0010.uasset" 5166
"/Engine/EngineMaterials/Substrate/GLints/dict_16_192_64_0p5_0p02_0021_0006" 5167
"../../../Engine/Content/EngineMaterials/Substrate/GLints/dict_16_192_64_0p5_0p02_0021_0011.uasset" 5168
"../../../Engine/Content/EngineMaterials/Substrate/GLints/dict_16_192_64_0p5_0p02_0021_0012.uasset" 5169
"/Engine/EngineMaterials/Substrate/GLints/dict_16_192_64_0p5_0p02_0021_0005" 5170
"../../../Engine/Content/EngineMaterials/Substrate/GLints/dict_16_192_64_0p5_0p02_0021_0013.uasset" 5171
"../../../Engine/Content/EngineMaterials/Substrate/GLints/dict_16_192_64_0p5_0p02_0021_0014.uasset" 5172
"/Engine/EngineMaterials/Substrate/GLints/dict_16_192_64_0p5_0p02_0021_0004" 5173
"../../../Engine/Content/EngineMaterials/Substrate/GLints/dict_16_192_64_0p5_0p02_0021_0015.uasset" 5174
"/Engine/EngineMaterials/Substrate/GLints/dict_16_192_64_0p5_0p02_0021_0003" 5175
"../../../Engine/Content/EngineMaterials/Substrate/GLints/dict_16_192_64_0p5_0p02_0022_0000.uasset" 5176
"../../../Engine/Content/EngineMaterials/Substrate/GLints/dict_16_192_64_0p5_0p02_0022_0001.uasset" 5177
"/Engine/EngineMaterials/Substrate/GLints/dict_16_192_64_0p5_0p02_0021_0002" 5178
"../../../Engine/Content/EngineMaterials/Substrate/GLints/dict_16_192_64_0p5_0p02_0022_0002.uasset" 5179
"/Engine/EngineMaterials/Substrate/GLints/dict_16_192_64_0p5_0p02_0021_0001" 5180
"../../../Engine/Content/EngineMaterials/Substrate/GLints/dict_16_192_64_0p5_0p02_0022_0003.uasset" 5181
"/Engine/EngineMaterials/Substrate/GLints/dict_16_192_64_0p5_0p02_0021_0000" 5182
"../../../Engine/Content/EngineMaterials/Substrate/GLints/dict_16_192_64_0p5_0p02_0022_0004.uasset" 5183
"/Engine/EngineMaterials/Substrate/GLints/dict_16_192_64_0p5_0p02_0020_0015" 5184
"/Engine/EngineMaterials/Substrate/GLints/dict_16_192_64_0p5_0p02_0020_0014" 5185
"/Engine/EngineMaterials/Substrate/GLints/dict_16_192_64_0p5_0p02_0017_0015" 5186
"/Engine/EngineMaterials/Substrate/GLints/dict_16_192_64_0p5_0p02_0021_0008" 5187
"/Engine/EngineMaterials/Substrate/GLints/dict_16_192_64_0p5_0p02_0021_0007" 5188
"../../../Engine/Content/EngineMaterials/Substrate/GLints/dict_16_192_64_0p5_0p02_0022_0005.uasset" 5189
"/Engine/EngineMaterials/Substrate/GLints/dict_16_192_64_0p5_0p02_0022_0002" 5190
"../../../Engine/Content/EngineMaterials/Substrate/GLints/dict_16_192_64_0p5_0p02_0022_0006.uasset" 5191
"/Engine/EngineMaterials/Substrate/GLints/dict_16_192_64_0p5_0p02_0022_0001" 5192
"/Engine/EngineMaterials/Substrate/GLints/dict_16_192_64_0p5_0p02_0022_0000" 5193
"/Engine/EngineMaterials/Substrate/GLints/dict_16_192_64_0p5_0p02_0021_0015" 5194
"../../../Engine/Content/EngineMaterials/Substrate/GLints/dict_16_192_64_0p5_0p02_0022_0008.uasset" 5195
"/Engine/EngineMaterials/Substrate/GLints/dict_16_192_64_0p5_0p02_0021_0014" 5196
"../../../Engine/Content/EngineMaterials/Substrate/GLints/dict_16_192_64_0p5_0p02_0022_0007.uasset" 5197
"../../../Engine/Content/EngineMaterials/Substrate/GLints/dict_16_192_64_0p5_0p02_0022_0009.uasset" 5198
"/Engine/EngineMaterials/Substrate/GLints/dict_16_192_64_0p5_0p02_0021_0013" 5199
"../../../Engine/Content/EngineMaterials/Substrate/GLints/dict_16_192_64_0p5_0p02_0022_0010.uasset" 5200
"/Engine/EngineMaterials/Substrate/GLints/dict_16_192_64_0p5_0p02_0021_0012" 5201
"../../../Engine/Content/EngineMaterials/Substrate/GLints/dict_16_192_64_0p5_0p02_0022_0011.uasset" 5202
"../../../Engine/Content/EngineMaterials/Substrate/GLints/dict_16_192_64_0p5_0p02_0022_0012.uasset" 5203
"../../../Engine/Content/EngineMaterials/Substrate/GLints/dict_16_192_64_0p5_0p02_0022_0013.uasset" 5204
"/Engine/EngineMaterials/Substrate/GLints/dict_16_192_64_0p5_0p02_0021_0011" 5205
"../../../Engine/Content/EngineMaterials/Substrate/GLints/dict_16_192_64_0p5_0p02_0022_0014.uasset" 5206
"../../../Engine/Content/EngineMaterials/Substrate/GLints/dict_16_192_64_0p5_0p02_0022_0015.uasset" 5207
"/Engine/EngineMaterials/Substrate/GLints/dict_16_192_64_0p5_0p02_0021_0010" 5208
"../../../Engine/Content/EngineMaterials/Substrate/GLints/dict_16_192_64_0p5_0p02_0023_0000.uasset" 5209
"../../../Engine/Content/EngineMaterials/Substrate/GLints/dict_16_192_64_0p5_0p02_0023_0001.uasset" 5210
"/Engine/EngineMaterials/Substrate/GLints/dict_16_192_64_0p5_0p02_0021_0009" 5211
"../../../Engine/Content/EngineMaterials/Substrate/GLints/dict_16_192_64_0p5_0p02_0023_0002.uasset" 5212
"../../../Engine/Content/EngineMaterials/Substrate/GLints/dict_16_192_64_0p5_0p02_0023_0003.uasset" 5213
"/Engine/EngineMaterials/Substrate/GLints/dict_16_192_64_0p5_0p02_0022_0004" 5214
"../../../Engine/Content/EngineMaterials/Substrate/GLints/dict_16_192_64_0p5_0p02_0023_0005.uasset" 5215
"../../../Engine/Content/EngineMaterials/Substrate/GLints/dict_16_192_64_0p5_0p02_0023_0004.uasset" 5216
"/Engine/EngineMaterials/Substrate/GLints/dict_16_192_64_0p5_0p02_0022_0003" 5217
"../../../Engine/Content/EngineMaterials/Substrate/GLints/dict_16_192_64_0p5_0p02_0023_0006.uasset" 5218
"../../../Engine/Content/EngineMaterials/Substrate/GLints/dict_16_192_64_0p5_0p02_0023_0007.uasset" 5219
"/Engine/EngineMaterials/Substrate/GLints/dict_16_192_64_0p5_0p02_0023_0005" 5220
"../../../Engine/Content/EngineMaterials/Substrate/GLints/dict_16_192_64_0p5_0p02_0023_0008.uasset" 5221
"../../../Engine/Content/EngineMaterials/Substrate/GLints/dict_16_192_64_0p5_0p02_0023_0009.uasset" 5222
"/Engine/EngineMaterials/Substrate/GLints/dict_16_192_64_0p5_0p02_0023_0004" 5223
"../../../Engine/Content/EngineMaterials/Substrate/GLints/dict_16_192_64_0p5_0p02_0023_0010.uasset" 5224
"../../../Engine/Content/EngineMaterials/Substrate/GLints/dict_16_192_64_0p5_0p02_0023_0011.uasset" 5225
"/Engine/EngineMaterials/Substrate/GLints/dict_16_192_64_0p5_0p02_0023_0003" 5226
"../../../Engine/Content/EngineMaterials/Substrate/GLints/dict_16_192_64_0p5_0p02_0023_0013.uasset" 5227
"../../../Engine/Content/EngineMaterials/Substrate/GLints/dict_16_192_64_0p5_0p02_0023_0012.uasset" 5228
"/Engine/EngineMaterials/Substrate/GLints/dict_16_192_64_0p5_0p02_0023_0002" 5229
"../../../Engine/Content/EngineMaterials/Substrate/GLints/dict_16_192_64_0p5_0p02_0023_0015.uasset" 5230
"../../../Engine/Content/EngineMaterials/Substrate/GLints/dict_16_192_64_0p5_0p02_0023_0014.uasset" 5231
"/Engine/EngineMaterials/Substrate/GLints/dict_16_192_64_0p5_0p02_0023_0001" 5232
"../../../Engine/Content/EngineMaterials/Substrate/GLints/dict_16_192_64_0p5_0p02_0024_0001.uasset" 5233
"../../../Engine/Content/EngineMaterials/Substrate/GLints/dict_16_192_64_0p5_0p02_0024_0000.uasset" 5234
"/Engine/EngineMaterials/Substrate/GLints/dict_16_192_64_0p5_0p02_0023_0000" 5235
"../../../Engine/Content/EngineMaterials/Substrate/GLints/dict_16_192_64_0p5_0p02_0024_0003.uasset" 5236
"../../../Engine/Content/EngineMaterials/Substrate/GLints/dict_16_192_64_0p5_0p02_0024_0002.uasset" 5237
"/Engine/EngineMaterials/Substrate/GLints/dict_16_192_64_0p5_0p02_0022_0012" 5238
"../../../Engine/Content/EngineMaterials/Substrate/GLints/dict_16_192_64_0p5_0p02_0024_0004.uasset" 5239
"/Engine/EngineMaterials/Substrate/GLints/dict_16_192_64_0p5_0p02_0022_0011" 5240
"/Engine/EngineMaterials/Substrate/GLints/dict_16_192_64_0p5_0p02_0022_0010" 5241
"/Engine/EngineMaterials/Substrate/GLints/dict_16_192_64_0p5_0p02_0022_0015" 5242
"/Engine/EngineMaterials/Substrate/GLints/dict_16_192_64_0p5_0p02_0022_0014" 5243
"/Engine/EngineMaterials/Substrate/GLints/dict_16_192_64_0p5_0p02_0022_0009" 5244
"/Engine/EngineMaterials/Substrate/GLints/dict_16_192_64_0p5_0p02_0022_0008" 5245
"/Engine/EngineMaterials/Substrate/GLints/dict_16_192_64_0p5_0p02_0022_0007" 5246
"/Engine/EngineMaterials/Substrate/GLints/dict_16_192_64_0p5_0p02_0022_0006" 5247
"/Engine/EngineMaterials/Substrate/GLints/dict_16_192_64_0p5_0p02_0022_0013" 5248
"/Engine/EngineMaterials/Substrate/GLints/dict_16_192_64_0p5_0p02_0022_0005" 5249
"/Engine/EngineMaterials/Substrate/GLints/dict_16_192_64_0p5_0p02_0023_0008" 5250
"../../../Engine/Content/EngineMaterials/Substrate/GLints/dict_16_192_64_0p5_0p02_0024_0006.uasset" 5251
"../../../Engine/Content/EngineMaterials/Substrate/GLints/dict_16_192_64_0p5_0p02_0024_0005.uasset" 5252
"/Engine/EngineMaterials/Substrate/GLints/dict_16_192_64_0p5_0p02_0023_0007" 5253
"../../../Engine/Content/EngineMaterials/Substrate/GLints/dict_16_192_64_0p5_0p02_0024_0008.uasset" 5254
"../../../Engine/Content/EngineMaterials/Substrate/GLints/dict_16_192_64_0p5_0p02_0024_0007.uasset" 5255
"/Engine/EngineMaterials/Substrate/GLints/dict_16_192_64_0p5_0p02_0023_0006" 5256
"../../../Engine/Content/EngineMaterials/Substrate/GLints/dict_16_192_64_0p5_0p02_0024_0009.uasset" 5257
"../../../Engine/Content/EngineMaterials/Substrate/GLints/dict_16_192_64_0p5_0p02_0024_0010.uasset" 5258
"/Engine/EngineMaterials/Substrate/GLints/dict_16_192_64_0p5_0p02_0024_0004" 5259
"../../../Engine/Content/EngineMaterials/Substrate/GLints/dict_16_192_64_0p5_0p02_0024_0011.uasset" 5260
"../../../Engine/Content/EngineMaterials/Substrate/GLints/dict_16_192_64_0p5_0p02_0024_0012.uasset" 5261
"/Engine/EngineMaterials/Substrate/GLints/dict_16_192_64_0p5_0p02_0024_0003" 5262
"../../../Engine/Content/EngineMaterials/Substrate/GLints/dict_16_192_64_0p5_0p02_0024_0013.uasset" 5263
"/Engine/EngineMaterials/Substrate/GLints/dict_16_192_64_0p5_0p02_0024_0002" 5264
"../../../Engine/Content/EngineMaterials/Substrate/GLints/dict_16_192_64_0p5_0p02_0024_0014.uasset" 5265
"/Engine/EngineMaterials/Substrate/GLints/dict_16_192_64_0p5_0p02_0024_0001" 5266
"../../../Engine/Content/EngineMaterials/Substrate/GLints/dict_16_192_64_0p5_0p02_0024_0015.uasset" 5267
"/Engine/EngineMaterials/Substrate/GLints/dict_16_192_64_0p5_0p02_0024_0000" 5268
"../../../Engine/Content/EngineMaterials/Substrate/GLints/dict_16_192_64_0p5_0p02_0025_0000.uasset" 5269
"/Engine/EngineMaterials/Substrate/GLints/dict_16_192_64_0p5_0p02_0023_0015" 5270
"/Engine/EngineMaterials/Substrate/GLints/dict_16_192_64_0p5_0p02_0023_0014" 5271
"../../../Engine/Content/EngineMaterials/Substrate/GLints/dict_16_192_64_0p5_0p02_0025_0001.uasset" 5272
"/Engine/EngineMaterials/Substrate/GLints/dict_16_192_64_0p5_0p02_0023_0013" 5273
"../../../Engine/Content/EngineMaterials/Substrate/GLints/dict_16_192_64_0p5_0p02_0025_0002.uasset" 5274
"/Engine/EngineMaterials/Substrate/GLints/dict_16_192_64_0p5_0p02_0023_0012" 5275
"../../../Engine/Content/EngineMaterials/Substrate/GLints/dict_16_192_64_0p5_0p02_0025_0003.uasset" 5276
"/Engine/EngineMaterials/Substrate/GLints/dict_16_192_64_0p5_0p02_0023_0011" 5277
"/Engine/EngineMaterials/Substrate/GLints/dict_16_192_64_0p5_0p02_0023_0010" 5278
"../../../Engine/Content/EngineMaterials/Substrate/GLints/dict_16_192_64_0p5_0p02_0025_0004.uasset" 5279
"/Engine/EngineMaterials/Substrate/GLints/dict_16_192_64_0p5_0p02_0023_0009" 5280
"../../../Engine/Content/EngineMaterials/Substrate/GLints/dict_16_192_64_0p5_0p02_0025_0005.uasset" 5281
"/Engine/EngineMaterials/Substrate/GLints/dict_16_192_64_0p5_0p02_0025_0004" 5282
"../../../Engine/Content/EngineMaterials/Substrate/GLints/dict_16_192_64_0p5_0p02_0025_0006.uasset" 5283
"/Engine/EngineMaterials/Substrate/GLints/dict_16_192_64_0p5_0p02_0025_0003" 5284
"../../../Engine/Content/EngineMaterials/Substrate/GLints/dict_16_192_64_0p5_0p02_0025_0007.uasset" 5285
"../../../Engine/Content/EngineMaterials/Substrate/GLints/dict_16_192_64_0p5_0p02_0025_0008.uasset" 5286
"../../../Engine/Content/EngineMaterials/Substrate/GLints/dict_16_192_64_0p5_0p02_0025_0009.uasset" 5287
"/Engine/EngineMaterials/Substrate/GLints/dict_16_192_64_0p5_0p02_0025_0002" 5288
"../../../Engine/Content/EngineMaterials/Substrate/GLints/dict_16_192_64_0p5_0p02_0025_0010.uasset" 5289
"../../../Engine/Content/EngineMaterials/Substrate/GLints/dict_16_192_64_0p5_0p02_0025_0011.uasset" 5290
"../../../Engine/Content/EngineMaterials/Substrate/GLints/dict_16_192_64_0p5_0p02_0025_0012.uasset" 5291
"/Engine/EngineMaterials/Substrate/GLints/dict_16_192_64_0p5_0p02_0025_0001" 5292
"../../../Engine/Content/EngineMaterials/Substrate/GLints/dict_16_192_64_0p5_0p02_0025_0013.uasset" 5293
"../../../Engine/Content/EngineMaterials/Substrate/GLints/dict_16_192_64_0p5_0p02_0025_0014.uasset" 5294
"../../../Engine/Content/EngineMaterials/Substrate/GLints/dict_16_192_64_0p5_0p02_0025_0015.uasset" 5295
"/Engine/EngineMaterials/Substrate/GLints/dict_16_192_64_0p5_0p02_0025_0000" 5296
"../../../Engine/Content/EngineMaterials/Substrate/GLints/dict_16_192_64_0p5_0p02_0026_0000.uasset" 5297
"../../../Engine/Content/EngineMaterials/Substrate/GLints/dict_16_192_64_0p5_0p02_0026_0001.uasset" 5298
"../../../Engine/Content/EngineMaterials/Substrate/GLints/dict_16_192_64_0p5_0p02_0026_0002.uasset" 5299
"../../../Engine/Content/EngineMaterials/Substrate/GLints/dict_16_192_64_0p5_0p02_0026_0003.uasset" 5300
"../../../Engine/Content/EngineMaterials/Substrate/GLints/dict_16_192_64_0p5_0p02_0026_0004.uasset" 5301
"/Engine/EngineMaterials/Substrate/GLints/dict_16_192_64_0p5_0p02_0024_0015" 5302
"/Engine/EngineMaterials/Substrate/GLints/dict_16_192_64_0p5_0p02_0024_0013" 5303
"/Engine/EngineMaterials/Substrate/GLints/dict_16_192_64_0p5_0p02_0024_0012" 5304
"/Engine/EngineMaterials/Substrate/GLints/dict_16_192_64_0p5_0p02_0024_0011" 5305
"/Engine/EngineMaterials/Substrate/GLints/dict_16_192_64_0p5_0p02_0024_0010" 5306
"/Engine/EngineMaterials/Substrate/GLints/dict_16_192_64_0p5_0p02_0024_0009" 5307
"/Engine/EngineMaterials/Substrate/GLints/dict_16_192_64_0p5_0p02_0024_0008" 5308
"/Engine/EngineMaterials/Substrate/GLints/dict_16_192_64_0p5_0p02_0024_0007" 5309
"/Engine/EngineMaterials/Substrate/GLints/dict_16_192_64_0p5_0p02_0024_0006" 5310
"/Engine/EngineMaterials/Substrate/GLints/dict_16_192_64_0p5_0p02_0024_0005" 5311
"../../../Engine/Content/EngineMaterials/Substrate/GLints/dict_16_192_64_0p5_0p02_0026_0005.uasset" 5312
"/Engine/EngineMaterials/Substrate/GLints/dict_16_192_64_0p5_0p02_0026_0004" 5313
"/Engine/EngineMaterials/Substrate/GLints/dict_16_192_64_0p5_0p02_0026_0003" 5314
"../../../Engine/Content/EngineMaterials/Substrate/GLints/dict_16_192_64_0p5_0p02_0026_0007.uasset" 5315
"../../../Engine/Content/EngineMaterials/Substrate/GLints/dict_16_192_64_0p5_0p02_0026_0006.uasset" 5316
"/Engine/EngineMaterials/Substrate/GLints/dict_16_192_64_0p5_0p02_0026_0002" 5317
"../../../Engine/Content/EngineMaterials/Substrate/GLints/dict_16_192_64_0p5_0p02_0026_0008.uasset" 5318
"../../../Engine/Content/EngineMaterials/Substrate/GLints/dict_16_192_64_0p5_0p02_0026_0009.uasset" 5319
"../../../Engine/Content/EngineMaterials/Substrate/GLints/dict_16_192_64_0p5_0p02_0026_0010.uasset" 5320
"/Engine/EngineMaterials/Substrate/GLints/dict_16_192_64_0p5_0p02_0025_0005" 5321
"../../../Engine/Content/EngineMaterials/Substrate/GLints/dict_16_192_64_0p5_0p02_0026_0011.uasset" 5322
"../../../Engine/Content/EngineMaterials/Substrate/GLints/dict_16_192_64_0p5_0p02_0026_0012.uasset" 5323
"../../../Engine/Content/EngineMaterials/Substrate/GLints/dict_16_192_64_0p5_0p02_0026_0013.uasset" 5324
"/Engine/EngineMaterials/Substrate/GLints/dict_16_192_64_0p5_0p02_0026_0001" 5325
"../../../Engine/Content/EngineMaterials/Substrate/GLints/dict_16_192_64_0p5_0p02_0026_0014.uasset" 5326
"../../../Engine/Content/EngineMaterials/Substrate/GLints/dict_16_192_64_0p5_0p02_0026_0015.uasset" 5327
"../../../Engine/Content/EngineMaterials/Substrate/GLints/dict_16_192_64_0p5_0p02_0027_0000.uasset" 5328
"../../../Engine/Content/EngineMaterials/Substrate/GLints/dict_16_192_64_0p5_0p02_0027_0002.uasset" 5329
"../../../Engine/Content/EngineMaterials/Substrate/GLints/dict_16_192_64_0p5_0p02_0027_0001.uasset" 5330
"/Engine/EngineMaterials/Substrate/GLints/dict_16_192_64_0p5_0p02_0026_0000" 5331
"../../../Engine/Content/EngineMaterials/Substrate/GLints/dict_16_192_64_0p5_0p02_0027_0003.uasset" 5332
"/Engine/EngineMaterials/Substrate/GLints/dict_16_192_64_0p5_0p02_0025_0015" 5333
"/Engine/EngineMaterials/Substrate/GLints/dict_16_192_64_0p5_0p02_0025_0014" 5334
"/Engine/EngineMaterials/Substrate/GLints/dict_16_192_64_0p5_0p02_0025_0013" 5335
"/Engine/EngineMaterials/Substrate/GLints/dict_16_192_64_0p5_0p02_0025_0012" 5336
"/Engine/EngineMaterials/Substrate/GLints/dict_16_192_64_0p5_0p02_0025_0011" 5337
"/Engine/EngineMaterials/Substrate/GLints/dict_16_192_64_0p5_0p02_0025_0010" 5338
"/Engine/EngineMaterials/Substrate/GLints/dict_16_192_64_0p5_0p02_0025_0009" 5339
"/Engine/EngineMaterials/Substrate/GLints/dict_16_192_64_0p5_0p02_0025_0008" 5340
"/Engine/EngineMaterials/Substrate/GLints/dict_16_192_64_0p5_0p02_0025_0007" 5341
"/Engine/EngineMaterials/Substrate/GLints/dict_16_192_64_0p5_0p02_0025_0006" 5342
"/Engine/EngineMaterials/Substrate/GLints/dict_16_192_64_0p5_0p02_0027_0003" 5343
"../../../Engine/Content/EngineMaterials/Substrate/GLints/dict_16_192_64_0p5_0p02_0027_0004.uasset" 5344
"/Engine/EngineMaterials/Substrate/GLints/dict_16_192_64_0p5_0p02_0027_0002" 5345
"../../../Engine/Content/EngineMaterials/Substrate/GLints/dict_16_192_64_0p5_0p02_0027_0005.uasset" 5346
"/Engine/EngineMaterials/Substrate/GLints/dict_16_192_64_0p5_0p02_0027_0001" 5347
"../../../Engine/Content/EngineMaterials/Substrate/GLints/dict_16_192_64_0p5_0p02_0027_0006.uasset" 5348
"/Engine/EngineMaterials/Substrate/GLints/dict_16_192_64_0p5_0p02_0027_0000" 5349
"/Engine/EngineMaterials/Substrate/GLints/dict_16_192_64_0p5_0p02_0026_0015" 5350
"../../../Engine/Content/EngineMaterials/Substrate/GLints/dict_16_192_64_0p5_0p02_0027_0007.uasset" 5351
"/Engine/EngineMaterials/Substrate/GLints/dict_16_192_64_0p5_0p02_0026_0014" 5352
"../../../Engine/Content/EngineMaterials/Substrate/GLints/dict_16_192_64_0p5_0p02_0027_0008.uasset" 5353
"/Engine/EngineMaterials/Substrate/GLints/dict_16_192_64_0p5_0p02_0026_0013" 5354
"../../../Engine/Content/EngineMaterials/Substrate/GLints/dict_16_192_64_0p5_0p02_0027_0009.uasset" 5355
"/Engine/EngineMaterials/Substrate/GLints/dict_16_192_64_0p5_0p02_0026_0012" 5356
"../../../Engine/Content/EngineMaterials/Substrate/GLints/dict_16_192_64_0p5_0p02_0027_0010.uasset" 5357
"/Engine/EngineMaterials/Substrate/GLints/dict_16_192_64_0p5_0p02_0026_0011" 5358
"/Engine/EngineMaterials/Substrate/GLints/dict_16_192_64_0p5_0p02_0026_0010" 5359
"../../../Engine/Content/EngineMaterials/Substrate/GLints/dict_16_192_64_0p5_0p02_0027_0011.uasset" 5360
"/Engine/EngineMaterials/Substrate/GLints/dict_16_192_64_0p5_0p02_0026_0009" 5361
"../../../Engine/Content/EngineMaterials/Substrate/GLints/dict_16_192_64_0p5_0p02_0027_0012.uasset" 5362
"/Engine/EngineMaterials/Substrate/GLints/dict_16_192_64_0p5_0p02_0026_0008" 5363
"/Engine/EngineMaterials/Substrate/GLints/dict_16_192_64_0p5_0p02_0026_0007" 5364
"../../../Engine/Content/EngineMaterials/Substrate/GLints/dict_16_192_64_0p5_0p02_0027_0013.uasset" 5365
"/Engine/EngineMaterials/Substrate/GLints/dict_16_192_64_0p5_0p02_0026_0006" 5366
"../../../Engine/Content/EngineMaterials/Substrate/GLints/dict_16_192_64_0p5_0p02_0027_0014.uasset" 5367
"/Engine/EngineMaterials/Substrate/GLints/dict_16_192_64_0p5_0p02_0026_0005" 5368
"/Engine/EngineMaterials/Substrate/GLints/dict_16_192_64_0p5_0p02_0027_0014" 5369
"/Engine/EngineMaterials/Substrate/GLints/dict_16_192_64_0p5_0p02_0027_0013" 5370
"/Engine/EngineMaterials/Substrate/GLints/dict_16_192_64_0p5_0p02_0027_0012" 5371
"/Engine/EngineMaterials/Substrate/GLints/dict_16_192_64_0p5_0p02_0027_0011" 5372
"/Engine/EngineMaterials/Substrate/GLints/dict_16_192_64_0p5_0p02_0027_0010" 5373
"/Engine/EngineMaterials/Substrate/GLints/dict_16_192_64_0p5_0p02_0027_0009" 5374
"/Engine/EngineMaterials/Substrate/GLints/dict_16_192_64_0p5_0p02_0027_0008" 5375
"/Engine/EngineMaterials/Substrate/GLints/dict_16_192_64_0p5_0p02_0027_0007" 5376
"/Engine/EngineMaterials/Substrate/GLints/dict_16_192_64_0p5_0p02_0027_0006" 5377
"/Engine/EngineMaterials/Substrate/GLints/dict_16_192_64_0p5_0p02_0027_0005" 5378
"/Engine/EngineMaterials/Substrate/GLints/dict_16_192_64_0p5_0p02_0027_0004" 5379
"../../../Engine/Content/EngineMaterials/Substrate/GLints/dict_16_192_64_0p5_0p02_0028_0000.uasset" 5380
"../../../Engine/Content/EngineMaterials/Substrate/GLints/dict_16_192_64_0p5_0p02_0028_0001.uasset" 5381
"../../../Engine/Content/EngineMaterials/Substrate/GLints/dict_16_192_64_0p5_0p02_0028_0002.uasset" 5382
"../../../Engine/Content/EngineMaterials/Substrate/GLints/dict_16_192_64_0p5_0p02_0028_0003.uasset" 5383
"../../../Engine/Content/EngineMaterials/Substrate/GLints/dict_16_192_64_0p5_0p02_0028_0004.uasset" 5384
"../../../Engine/Content/EngineMaterials/Substrate/GLints/dict_16_192_64_0p5_0p02_0028_0005.uasset" 5385
"../../../Engine/Content/EngineMaterials/Substrate/GLints/dict_16_192_64_0p5_0p02_0028_0006.uasset" 5386
"../../../Engine/Content/EngineMaterials/Substrate/GLints/dict_16_192_64_0p5_0p02_0028_0007.uasset" 5387
"../../../Engine/Content/EngineMaterials/Substrate/GLints/dict_16_192_64_0p5_0p02_0028_0008.uasset" 5388
"../../../Engine/Content/EngineMaterials/Substrate/GLints/dict_16_192_64_0p5_0p02_0028_0009.uasset" 5389
"../../../Engine/Content/EngineMaterials/Substrate/GLints/dict_16_192_64_0p5_0p02_0028_0010.uasset" 5390
"../../../Engine/Content/EngineMaterials/Substrate/GLints/dict_16_192_64_0p5_0p02_0028_0011.uasset" 5391
"../../../Engine/Content/EngineMaterials/Substrate/GLints/dict_16_192_64_0p5_0p02_0028_0013.uasset" 5392
"../../../Engine/Content/EngineMaterials/Substrate/GLints/dict_16_192_64_0p5_0p02_0027_0015.uasset" 5393
"../../../Engine/Content/EngineMaterials/Substrate/GLints/dict_16_192_64_0p5_0p02_0028_0012.uasset" 5394
"../../../Engine/Content/EngineMaterials/Substrate/GLints/dict_16_192_64_0p5_0p02_0028_0014.uasset" 5395
"../../../Engine/Content/EngineMaterials/Substrate/GLints/dict_16_192_64_0p5_0p02_0028_0015.uasset" 5396
"../../../Engine/Content/EngineMaterials/Substrate/GLints/dict_16_192_64_0p5_0p02_0029_0000.uasset" 5397
"../../../Engine/Content/EngineMaterials/Substrate/GLints/dict_16_192_64_0p5_0p02_0029_0001.uasset" 5398
"../../../Engine/Content/EngineMaterials/Substrate/GLints/dict_16_192_64_0p5_0p02_0029_0003.uasset" 5399
"../../../Engine/Content/EngineMaterials/Substrate/GLints/dict_16_192_64_0p5_0p02_0029_0002.uasset" 5400
"../../../Engine/Content/EngineMaterials/Substrate/GLints/dict_16_192_64_0p5_0p02_0029_0004.uasset" 5401
"../../../Engine/Content/EngineMaterials/Substrate/GLints/dict_16_192_64_0p5_0p02_0029_0006.uasset" 5402
"../../../Engine/Content/EngineMaterials/Substrate/GLints/dict_16_192_64_0p5_0p02_0029_0005.uasset" 5403
"../../../Engine/Content/EngineMaterials/Substrate/GLints/dict_16_192_64_0p5_0p02_0029_0008.uasset" 5404
"../../../Engine/Content/EngineMaterials/Substrate/GLints/dict_16_192_64_0p5_0p02_0029_0009.uasset" 5405
"../../../Engine/Content/EngineMaterials/Substrate/GLints/dict_16_192_64_0p5_0p02_0029_0010.uasset" 5406
"../../../Engine/Content/EngineMaterials/Substrate/GLints/dict_16_192_64_0p5_0p02_0029_0007.uasset" 5407
"../../../Engine/Content/EngineMaterials/Substrate/GLints/dict_16_192_64_0p5_0p02_0029_0011.uasset" 5408
"../../../Engine/Content/EngineMaterials/Substrate/GLints/dict_16_192_64_0p5_0p02_0029_0012.uasset" 5409
"../../../Engine/Content/EngineMaterials/Substrate/GLints/dict_16_192_64_0p5_0p02_0029_0013.uasset" 5410
"/Engine/EngineMaterials/Substrate/GLints/dict_16_192_64_0p5_0p02_0028_0003" 5411
"/Engine/EngineMaterials/Substrate/GLints/dict_16_192_64_0p5_0p02_0028_0002" 5412
"/Engine/EngineMaterials/Substrate/GLints/dict_16_192_64_0p5_0p02_0028_0001" 5413
"/Engine/EngineMaterials/Substrate/GLints/dict_16_192_64_0p5_0p02_0029_0002" 5414
"/Engine/EngineMaterials/Substrate/GLints/dict_16_192_64_0p5_0p02_0029_0001" 5415
"/Engine/EngineMaterials/Substrate/GLints/dict_16_192_64_0p5_0p02_0029_0000" 5416
"/Engine/EngineMaterials/Substrate/GLints/dict_16_192_64_0p5_0p02_0028_0015" 5417
"/Engine/EngineMaterials/Substrate/GLints/dict_16_192_64_0p5_0p02_0028_0014" 5418
"/Engine/EngineMaterials/Substrate/GLints/dict_16_192_64_0p5_0p02_0028_0013" 5419
"/Engine/EngineMaterials/Substrate/GLints/dict_16_192_64_0p5_0p02_0024_0014" 5420
"/Engine/EngineMaterials/Substrate/GLints/dict_16_192_64_0p5_0p02_0028_0012" 5421
"/Engine/EngineMaterials/Substrate/GLints/dict_16_192_64_0p5_0p02_0029_0010" 5422
"/Engine/EngineMaterials/Substrate/GLints/dict_16_192_64_0p5_0p02_0028_0011" 5423
"/Engine/EngineMaterials/Substrate/GLints/dict_16_192_64_0p5_0p02_0029_0009" 5424
"/Engine/EngineMaterials/Substrate/GLints/dict_16_192_64_0p5_0p02_0029_0008" 5425
"/Engine/EngineMaterials/Substrate/GLints/dict_16_192_64_0p5_0p02_0029_0007" 5426
"/Engine/EngineMaterials/Substrate/GLints/dict_16_192_64_0p5_0p02_0029_0006" 5427
"/Engine/EngineMaterials/Substrate/GLints/dict_16_192_64_0p5_0p02_0029_0005" 5428
"/Engine/EngineMaterials/Substrate/GLints/dict_16_192_64_0p5_0p02_0028_0010" 5429
"/Engine/EngineMaterials/Substrate/GLints/dict_16_192_64_0p5_0p02_0028_0009" 5430
"/Engine/EngineMaterials/Substrate/GLints/dict_16_192_64_0p5_0p02_0028_0008" 5431
"/Engine/EngineMaterials/Substrate/GLints/dict_16_192_64_0p5_0p02_0028_0007" 5432
"/Engine/EngineMaterials/Substrate/GLints/dict_16_192_64_0p5_0p02_0028_0006" 5433
"/Engine/EngineMaterials/Substrate/GLints/dict_16_192_64_0p5_0p02_0028_0005" 5434
"/Engine/EngineMaterials/Substrate/GLints/dict_16_192_64_0p5_0p02_0028_0004" 5435
"/Engine/EngineMaterials/Substrate/GLints/dict_16_192_64_0p5_0p02_0029_0004" 5436
"/Engine/EngineMaterials/Substrate/GLints/dict_16_192_64_0p5_0p02_0029_0003" 5437
"/Engine/EngineMaterials/Substrate/GLints/dict_16_192_64_0p5_0p02_0029_0013" 5438
"/Engine/EngineMaterials/Substrate/GLints/dict_16_192_64_0p5_0p02_0029_0012" 5439
"/Engine/EngineMaterials/Substrate/GLints/dict_16_192_64_0p5_0p02_0029_0011" 5440
"../../../Engine/Content/EngineMaterials/Substrate/GLints/dict_16_192_64_0p5_0p02_0029_0014.uasset" 5441
"../../../Engine/Content/EngineMaterials/Substrate/GLints/dict_16_192_64_0p5_0p02_0029_0015.uasset" 5442
"../../../Engine/Content/EngineMaterials/Substrate/GLints/dict_16_192_64_0p5_0p02_0030_0000.uasset" 5443
"../../../Engine/Content/EngineMaterials/Substrate/GLints/dict_16_192_64_0p5_0p02_0030_0001.uasset" 5444
"../../../Engine/Content/EngineMaterials/Substrate/GLints/dict_16_192_64_0p5_0p02_0030_0002.uasset" 5445
"../../../Engine/Content/EngineMaterials/Substrate/GLints/dict_16_192_64_0p5_0p02_0030_0003.uasset" 5446
"../../../Engine/Content/EngineMaterials/Substrate/GLints/dict_16_192_64_0p5_0p02_0030_0004.uasset" 5447
"../../../Engine/Content/EngineMaterials/Substrate/GLints/dict_16_192_64_0p5_0p02_0030_0005.uasset" 5448
"../../../Engine/Content/EngineMaterials/Substrate/GLints/dict_16_192_64_0p5_0p02_0030_0006.uasset" 5449
"../../../Engine/Content/EngineMaterials/Substrate/GLints/dict_16_192_64_0p5_0p02_0030_0007.uasset" 5450
"../../../Engine/Content/EngineMaterials/Substrate/GLints/dict_16_192_64_0p5_0p02_0030_0008.uasset" 5451
"../../../Engine/Content/EngineMaterials/Substrate/GLints/dict_16_192_64_0p5_0p02_0030_0009.uasset" 5452
"../../../Engine/Content/EngineMaterials/Substrate/GLints/dict_16_192_64_0p5_0p02_0030_0010.uasset" 5453
"../../../Engine/Content/EngineMaterials/Substrate/GLints/dict_16_192_64_0p5_0p02_0030_0011.uasset" 5454
"../../../Engine/Content/EngineMaterials/Substrate/GLints/dict_16_192_64_0p5_0p02_0030_0012.uasset" 5455
"../../../Engine/Content/EngineMaterials/Substrate/GLints/dict_16_192_64_0p5_0p02_0030_0013.uasset" 5456
"../../../Engine/Content/EngineMaterials/Substrate/GLints/dict_16_192_64_0p5_0p02_0030_0014.uasset" 5457
"/Engine/EngineMaterials/Substrate/GLints/dict_16_192_64_0p5_0p02_0028_0000" 5458
"../../../Engine/Content/EngineMaterials/Substrate/GLints/dict_16_192_64_0p5_0p02_0031_0000.uasset" 5459
"../../../Engine/Content/EngineMaterials/Substrate/GLints/dict_16_192_64_0p5_0p02_0030_0015.uasset" 5460
"../../../Engine/Content/EngineMaterials/Substrate/GLints/dict_16_192_64_0p5_0p02_0031_0001.uasset" 5461
"../../../Engine/Content/EngineMaterials/Substrate/GLints/dict_16_192_64_0p5_0p02_0031_0002.uasset" 5462
"/Engine/EngineMaterials/Substrate/GLints/dict_16_192_64_0p5_0p02_0030_0014" 5463
"../../../Engine/Content/EngineMaterials/Substrate/GLints/dict_16_192_64_0p5_0p02_0031_0003.uasset" 5464
"../../../Engine/Content/EngineMaterials/Substrate/GLints/dict_16_192_64_0p5_0p02_0031_0004.uasset" 5465
"/Engine/EngineMaterials/Substrate/GLints/dict_16_192_64_0p5_0p02_0027_0015" 5466
"../../../Engine/Content/EngineMaterials/Substrate/GLints/dict_16_192_64_0p5_0p02_0031_0005.uasset" 5467
"../../../Engine/Content/EngineMaterials/Substrate/GLints/dict_16_192_64_0p5_0p02_0031_0006.uasset" 5468
"/Engine/EngineMaterials/Substrate/GLints/dict_16_192_64_0p5_0p02_0030_0013" 5469
"../../../Engine/Content/EngineMaterials/Substrate/GLints/dict_16_192_64_0p5_0p02_0031_0007.uasset" 5470
"../../../Engine/Content/EngineMaterials/Substrate/GLints/dict_16_192_64_0p5_0p02_0031_0008.uasset" 5471
"/Engine/EngineMaterials/Substrate/GLints/dict_16_192_64_0p5_0p02_0030_0012" 5472
"../../../Engine/Content/EngineMaterials/Substrate/GLints/dict_16_192_64_0p5_0p02_0031_0009.uasset" 5473
"../../../Engine/Content/EngineMaterials/Substrate/GLints/dict_16_192_64_0p5_0p02_0031_0010.uasset" 5474
"/Engine/EngineMaterials/Substrate/GLints/dict_16_192_64_0p5_0p02_0030_0011" 5475
"../../../Engine/Content/EngineMaterials/Substrate/GLints/dict_16_192_64_0p5_0p02_0031_0011.uasset" 5476
"/Engine/EngineMaterials/Substrate/GLints/dict_16_192_64_0p5_0p02_0030_0010" 5477
"/Engine/EngineMaterials/Substrate/GLints/dict_16_192_64_0p5_0p02_0030_0009" 5478
"/Engine/EngineMaterials/Substrate/GLints/dict_16_192_64_0p5_0p02_0030_0008" 5479
"/Engine/EngineMaterials/Substrate/GLints/dict_16_192_64_0p5_0p02_0030_0007" 5480
"/Engine/EngineMaterials/Substrate/GLints/dict_16_192_64_0p5_0p02_0030_0006" 5481
"/Engine/EngineMaterials/Substrate/GLints/dict_16_192_64_0p5_0p02_0030_0005" 5482
"/Engine/EngineMaterials/Substrate/GLints/dict_16_192_64_0p5_0p02_0030_0004" 5483
"/Engine/EngineMaterials/Substrate/GLints/dict_16_192_64_0p5_0p02_0030_0003" 5484
"/Engine/EngineMaterials/Substrate/GLints/dict_16_192_64_0p5_0p02_0030_0002" 5485
"/Engine/EngineMaterials/Substrate/GLints/dict_16_192_64_0p5_0p02_0030_0001" 5486
"/Engine/EngineMaterials/Substrate/GLints/dict_16_192_64_0p5_0p02_0030_0000" 5487
"/Engine/EngineMaterials/Substrate/GLints/dict_16_192_64_0p5_0p02_0029_0015" 5488
"/Engine/EngineMaterials/Substrate/GLints/dict_16_192_64_0p5_0p02_0029_0014" 5489
"/Engine/EngineMaterials/Substrate/GLints/dict_16_192_64_0p5_0p02_0031_0008" 5490
"../../../Engine/Content/EngineMaterials/Substrate/GLints/dict_16_192_64_0p5_0p02_0031_0013.uasset" 5491
"../../../Engine/Content/EngineMaterials/Substrate/GLints/dict_16_192_64_0p5_0p02_0031_0012.uasset" 5492
"/Engine/EngineMaterials/Substrate/GLints/dict_16_192_64_0p5_0p02_0031_0007" 5493
"../../../Engine/Content/EngineMaterials/Substrate/GLints/dict_16_192_64_0p5_0p02_0031_0014.uasset" 5494
"/Engine/EngineMaterials/Substrate/GLints/dict_16_192_64_0p5_0p02_0031_0006" 5495
"../../../Engine/Content/EngineMaterials/Substrate/GLints/dict_16_192_64_0p5_0p02_0031_0015.uasset" 5496
"../../../Engine/Content/EngineMaterials/Substrate/GLints/dict_16_192_64_0p5_0p02_0032_0000.uasset" 5497
"/Engine/EngineMaterials/Substrate/GLints/dict_16_192_64_0p5_0p02_0031_0005" 5498
"../../../Engine/Content/EngineMaterials/Substrate/GLints/dict_16_192_64_0p5_0p02_0032_0001.uasset" 5499
"../../../Engine/Content/EngineMaterials/Substrate/GLints/dict_16_192_64_0p5_0p02_0032_0002.uasset" 5500
"/Engine/EngineMaterials/Substrate/GLints/dict_16_192_64_0p5_0p02_0031_0004" 5501
"../../../Engine/Content/EngineMaterials/Substrate/GLints/dict_16_192_64_0p5_0p02_0032_0003.uasset" 5502
"../../../Engine/Content/EngineMaterials/Substrate/GLints/dict_16_192_64_0p5_0p02_0032_0004.uasset" 5503
"/Engine/EngineMaterials/Substrate/GLints/dict_16_192_64_0p5_0p02_0031_0003" 5504
"../../../Engine/Content/EngineMaterials/Substrate/GLints/dict_16_192_64_0p5_0p02_0032_0005.uasset" 5505
"../../../Engine/Content/EngineMaterials/Substrate/GLints/dict_16_192_64_0p5_0p02_0032_0006.uasset" 5506
"/Engine/EngineMaterials/Substrate/GLints/dict_16_192_64_0p5_0p02_0031_0002" 5507
"/Engine/EngineMaterials/Substrate/GLints/dict_16_192_64_0p5_0p02_0031_0001" 5508
"../../../Engine/Content/EngineMaterials/Substrate/GLints/dict_16_192_64_0p5_0p02_0032_0007.uasset" 5509
"../../../Engine/Content/EngineMaterials/Substrate/GLints/dict_16_192_64_0p5_0p02_0032_0008.uasset" 5510
"/Engine/EngineMaterials/Substrate/GLints/dict_16_192_64_0p5_0p02_0031_0000" 5511
"../../../Engine/Content/EngineMaterials/Substrate/GLints/dict_16_192_64_0p5_0p02_0032_0009.uasset" 5512
"../../../Engine/Content/EngineMaterials/Substrate/GLints/dict_16_192_64_0p5_0p02_0032_0010.uasset" 5513
"/Engine/EngineMaterials/Substrate/GLints/dict_16_192_64_0p5_0p02_0030_0015" 5514
"/Engine/EngineMaterials/Substrate/GLints/dict_16_192_64_0p5_0p02_0031_0011" 5515
"../../../Engine/Content/EngineMaterials/Substrate/GLints/dict_16_192_64_0p5_0p02_0032_0011.uasset" 5516
"../../../Engine/Content/EngineMaterials/Substrate/GLints/dict_16_192_64_0p5_0p02_0032_0012.uasset" 5517
"/Engine/EngineMaterials/Substrate/GLints/dict_16_192_64_0p5_0p02_0031_0010" 5518
"../../../Engine/Content/EngineMaterials/Substrate/GLints/dict_16_192_64_0p5_0p02_0032_0013.uasset" 5519
"../../../Engine/Content/EngineMaterials/Substrate/GLints/dict_16_192_64_0p5_0p02_0032_0014.uasset" 5520
"/Engine/EngineMaterials/Substrate/GLints/dict_16_192_64_0p5_0p02_0031_0009" 5521
"/Engine/EngineMaterials/Substrate/GLints/dict_16_192_64_0p5_0p02_0032_0014" 5522
"../../../Engine/Content/EngineMaterials/Substrate/GLints/dict_16_192_64_0p5_0p02_0033_0000.uasset" 5523
"../../../Engine/Content/EngineMaterials/Substrate/GLints/dict_16_192_64_0p5_0p02_0032_0015.uasset" 5524
"/Engine/EngineMaterials/Substrate/GLints/dict_16_192_64_0p5_0p02_0032_0013" 5525
"../../../Engine/Content/EngineMaterials/Substrate/GLints/dict_16_192_64_0p5_0p02_0033_0002.uasset" 5526
"../../../Engine/Content/EngineMaterials/Substrate/GLints/dict_16_192_64_0p5_0p02_0033_0001.uasset" 5527
"/Engine/EngineMaterials/Substrate/GLints/dict_16_192_64_0p5_0p02_0032_0012" 5528
"../../../Engine/Content/EngineMaterials/Substrate/GLints/dict_16_192_64_0p5_0p02_0033_0004.uasset" 5529
"/Engine/EngineMaterials/Substrate/GLints/dict_16_192_64_0p5_0p02_0032_0011" 5530
"../../../Engine/Content/EngineMaterials/Substrate/GLints/dict_16_192_64_0p5_0p02_0033_0003.uasset" 5531
"/Engine/EngineMaterials/Substrate/GLints/dict_16_192_64_0p5_0p02_0032_0010" 5532
"../../../Engine/Content/EngineMaterials/Substrate/GLints/dict_16_192_64_0p5_0p02_0033_0005.uasset" 5533
"../../../Engine/Content/EngineMaterials/Substrate/GLints/dict_16_192_64_0p5_0p02_0033_0006.uasset" 5534
"/Engine/EngineMaterials/Substrate/GLints/dict_16_192_64_0p5_0p02_0032_0009" 5535
"../../../Engine/Content/EngineMaterials/Substrate/GLints/dict_16_192_64_0p5_0p02_0033_0007.uasset" 5536
"../../../Engine/Content/EngineMaterials/Substrate/GLints/dict_16_192_64_0p5_0p02_0033_0008.uasset" 5537
"/Engine/EngineMaterials/Substrate/GLints/dict_16_192_64_0p5_0p02_0032_0008" 5538
"../../../Engine/Content/EngineMaterials/Substrate/GLints/dict_16_192_64_0p5_0p02_0033_0009.uasset" 5539
"/Engine/EngineMaterials/Substrate/GLints/dict_16_192_64_0p5_0p02_0032_0007" 5540
"../../../Engine/Content/EngineMaterials/Substrate/GLints/dict_16_192_64_0p5_0p02_0033_0010.uasset" 5541
"/Engine/EngineMaterials/Substrate/GLints/dict_16_192_64_0p5_0p02_0032_0006" 5542
"../../../Engine/Content/EngineMaterials/Substrate/GLints/dict_16_192_64_0p5_0p02_0033_0011.uasset" 5543
"/Engine/EngineMaterials/Substrate/GLints/dict_16_192_64_0p5_0p02_0032_0005" 5544
"/Engine/EngineMaterials/Substrate/GLints/dict_16_192_64_0p5_0p02_0032_0004" 5545
"/Engine/EngineMaterials/Substrate/GLints/dict_16_192_64_0p5_0p02_0032_0003" 5546
"/Engine/EngineMaterials/Substrate/GLints/dict_16_192_64_0p5_0p02_0032_0002" 5547
"/Engine/EngineMaterials/Substrate/GLints/dict_16_192_64_0p5_0p02_0032_0001" 5548
"/Engine/EngineMaterials/Substrate/GLints/dict_16_192_64_0p5_0p02_0032_0000" 5549
"/Engine/EngineMaterials/Substrate/GLints/dict_16_192_64_0p5_0p02_0031_0015" 5550
"/Engine/EngineMaterials/Substrate/GLints/dict_16_192_64_0p5_0p02_0031_0014" 5551
"/Engine/EngineMaterials/Substrate/GLints/dict_16_192_64_0p5_0p02_0031_0013" 5552
"/Engine/EngineMaterials/Substrate/GLints/dict_16_192_64_0p5_0p02_0031_0012" 5553
"/Engine/EngineMaterials/Substrate/GLints/dict_16_192_64_0p5_0p02_0033_0011" 5554
"../../../Engine/Content/EngineMaterials/Substrate/GLints/dict_16_192_64_0p5_0p02_0033_0013.uasset" 5555
"../../../Engine/Content/EngineMaterials/Substrate/GLints/dict_16_192_64_0p5_0p02_0033_0012.uasset" 5556
"../../../Engine/Content/EngineMaterials/Substrate/GLints/dict_16_192_64_0p5_0p02_0033_0014.uasset" 5557
"../../../Engine/Content/EngineMaterials/Substrate/GLints/dict_16_192_64_0p5_0p02_0033_0015.uasset" 5558
"/Engine/EngineMaterials/Substrate/GLints/dict_16_192_64_0p5_0p02_0033_0010" 5559
"../../../Engine/Content/EngineMaterials/Substrate/GLints/dict_16_192_64_0p5_0p02_0034_0000.uasset" 5560
"/Engine/EngineMaterials/Substrate/GLints/dict_16_192_64_0p5_0p02_0033_0009" 5561
"../../../Engine/Content/EngineMaterials/Substrate/GLints/dict_16_192_64_0p5_0p02_0034_0001.uasset" 5562
"../../../Engine/Content/EngineMaterials/Substrate/GLints/dict_16_192_64_0p5_0p02_0034_0002.uasset" 5563
"../../../Engine/Content/EngineMaterials/Substrate/GLints/dict_16_192_64_0p5_0p02_0034_0003.uasset" 5564
"/Engine/EngineMaterials/Substrate/GLints/dict_16_192_64_0p5_0p02_0033_0008" 5565
"../../../Engine/Content/EngineMaterials/Substrate/GLints/dict_16_192_64_0p5_0p02_0034_0004.uasset" 5566
"/Engine/EngineMaterials/Substrate/GLints/dict_16_192_64_0p5_0p02_0033_0007" 5567
"../../../Engine/Content/EngineMaterials/Substrate/GLints/dict_16_192_64_0p5_0p02_0034_0005.uasset" 5568
"../../../Engine/Content/EngineMaterials/Substrate/GLints/dict_16_192_64_0p5_0p02_0034_0006.uasset" 5569
"/Engine/EngineMaterials/Substrate/GLints/dict_16_192_64_0p5_0p02_0033_0006" 5570
"../../../Engine/Content/EngineMaterials/Substrate/GLints/dict_16_192_64_0p5_0p02_0034_0007.uasset" 5571
"../../../Engine/Content/EngineMaterials/Substrate/GLints/dict_16_192_64_0p5_0p02_0034_0008.uasset" 5572
"/Engine/EngineMaterials/Substrate/GLints/dict_16_192_64_0p5_0p02_0033_0005" 5573
"../../../Engine/Content/EngineMaterials/Substrate/GLints/dict_16_192_64_0p5_0p02_0034_0009.uasset" 5574
"../../../Engine/Content/EngineMaterials/Substrate/GLints/dict_16_192_64_0p5_0p02_0034_0010.uasset" 5575
"/Engine/EngineMaterials/Substrate/GLints/dict_16_192_64_0p5_0p02_0033_0004" 5576
"../../../Engine/Content/EngineMaterials/Substrate/GLints/dict_16_192_64_0p5_0p02_0034_0011.uasset" 5577
"../../../Engine/Content/EngineMaterials/Substrate/GLints/dict_16_192_64_0p5_0p02_0034_0012.uasset" 5578
"../../../Engine/Content/EngineMaterials/Substrate/GLints/dict_16_192_64_0p5_0p02_0034_0013.uasset" 5579
"/Engine/EngineMaterials/Substrate/GLints/dict_16_192_64_0p5_0p02_0033_0003" 5580
"../../../Engine/Content/EngineMaterials/Substrate/GLints/dict_16_192_64_0p5_0p02_0034_0014.uasset" 5581
"/Engine/EngineMaterials/Substrate/GLints/dict_16_192_64_0p5_0p02_0033_0002" 5582
"/Engine/EngineMaterials/Substrate/GLints/dict_16_192_64_0p5_0p02_0033_0001" 5583
"/Engine/EngineMaterials/Substrate/GLints/dict_16_192_64_0p5_0p02_0033_0000" 5584
"/Engine/EngineMaterials/Substrate/GLints/dict_16_192_64_0p5_0p02_0032_0015" 5585
"/Engine/EngineMaterials/Substrate/GLints/dict_16_192_64_0p5_0p02_0034_0014" 5586
"../../../Engine/Content/EngineMaterials/Substrate/GLints/dict_16_192_64_0p5_0p02_0034_0015.uasset" 5587
"../../../Engine/Content/EngineMaterials/Substrate/GLints/dict_16_192_64_0p5_0p02_0035_0000.uasset" 5588
"/Engine/EngineMaterials/Substrate/GLints/dict_16_192_64_0p5_0p02_0034_0013" 5589
"../../../Engine/Content/EngineMaterials/Substrate/GLints/dict_16_192_64_0p5_0p02_0035_0002.uasset" 5590
"../../../Engine/Content/EngineMaterials/Substrate/GLints/dict_16_192_64_0p5_0p02_0035_0001.uasset" 5591
"/Engine/EngineMaterials/Substrate/GLints/dict_16_192_64_0p5_0p02_0034_0012" 5592
"../../../Engine/Content/EngineMaterials/Substrate/GLints/dict_16_192_64_0p5_0p02_0035_0003.uasset" 5593
"../../../Engine/Content/EngineMaterials/Substrate/GLints/dict_16_192_64_0p5_0p02_0035_0004.uasset" 5594
"/Engine/EngineMaterials/Substrate/GLints/dict_16_192_64_0p5_0p02_0034_0011" 5595
"../../../Engine/Content/EngineMaterials/Substrate/GLints/dict_16_192_64_0p5_0p02_0035_0005.uasset" 5596
"/Engine/EngineMaterials/Substrate/GLints/dict_16_192_64_0p5_0p02_0034_0010" 5597
"../../../Engine/Content/EngineMaterials/Substrate/GLints/dict_16_192_64_0p5_0p02_0035_0006.uasset" 5598
"/Engine/EngineMaterials/Substrate/GLints/dict_16_192_64_0p5_0p02_0034_0009" 5599
"../../../Engine/Content/EngineMaterials/Substrate/GLints/dict_16_192_64_0p5_0p02_0035_0007.uasset" 5600
"/Engine/EngineMaterials/Substrate/GLints/dict_16_192_64_0p5_0p02_0034_0008" 5601
"../../../Engine/Content/EngineMaterials/Substrate/GLints/dict_16_192_64_0p5_0p02_0035_0008.uasset" 5602
"../../../Engine/Content/EngineMaterials/Substrate/GLints/dict_16_192_64_0p5_0p02_0035_0009.uasset" 5603
"/Engine/EngineMaterials/Substrate/GLints/dict_16_192_64_0p5_0p02_0034_0007" 5604
"../../../Engine/Content/EngineMaterials/Substrate/GLints/dict_16_192_64_0p5_0p02_0035_0010.uasset" 5605
"../../../Engine/Content/EngineMaterials/Substrate/GLints/dict_16_192_64_0p5_0p02_0035_0011.uasset" 5606
"/Engine/EngineMaterials/Substrate/GLints/dict_16_192_64_0p5_0p02_0034_0006" 5607
"/Engine/EngineMaterials/Substrate/GLints/dict_16_192_64_0p5_0p02_0034_0005" 5608
"/Engine/EngineMaterials/Substrate/GLints/dict_16_192_64_0p5_0p02_0034_0004" 5609
"/Engine/EngineMaterials/Substrate/GLints/dict_16_192_64_0p5_0p02_0034_0003" 5610
"/Engine/EngineMaterials/Substrate/GLints/dict_16_192_64_0p5_0p02_0034_0002" 5611
"/Engine/EngineMaterials/Substrate/GLints/dict_16_192_64_0p5_0p02_0034_0001" 5612
"/Engine/EngineMaterials/Substrate/GLints/dict_16_192_64_0p5_0p02_0034_0000" 5613
"/Engine/EngineMaterials/Substrate/GLints/dict_16_192_64_0p5_0p02_0033_0015" 5614
"/Engine/EngineMaterials/Substrate/GLints/dict_16_192_64_0p5_0p02_0033_0014" 5615
"/Engine/EngineMaterials/Substrate/GLints/dict_16_192_64_0p5_0p02_0033_0013" 5616
"/Engine/EngineMaterials/Substrate/GLints/dict_16_192_64_0p5_0p02_0033_0012" 5617
"/Engine/EngineMaterials/Substrate/GLints/dict_16_192_64_0p5_0p02_0035_0011" 5618
"../../../Engine/Content/EngineMaterials/Substrate/GLints/dict_16_192_64_0p5_0p02_0035_0012.uasset" 5619
"../../../Engine/Content/EngineMaterials/Substrate/GLints/dict_16_192_64_0p5_0p02_0035_0013.uasset" 5620
"/Engine/EngineMaterials/Substrate/GLints/dict_16_192_64_0p5_0p02_0035_0010" 5621
"/Engine/EngineMaterials/Substrate/GLints/dict_16_192_64_0p5_0p02_0035_0009" 5622
"/Engine/EngineMaterials/Substrate/GLints/dict_16_192_64_0p5_0p02_0035_0008" 5623
"../../../Engine/Content/EngineMaterials/Substrate/GLints/dict_16_192_64_0p5_0p02_0035_0014.uasset" 5624
"/Engine/EngineMaterials/Substrate/GLints/dict_16_192_64_0p5_0p02_0035_0007" 5625
"../../../Engine/Content/EngineMaterials/Substrate/GLints/dict_16_192_64_0p5_0p02_0035_0015.uasset" 5626
"/Engine/EngineMaterials/Substrate/GLints/dict_16_192_64_0p5_0p02_0035_0006" 5627
"../../../Engine/Content/EngineMaterials/Substrate/GLints/dict_16_192_64_0p5_0p02_0036_0000.uasset" 5628
"/Engine/EngineMaterials/Substrate/GLints/dict_16_192_64_0p5_0p02_0035_0005" 5629
"../../../Engine/Content/EngineMaterials/Substrate/GLints/dict_16_192_64_0p5_0p02_0036_0001.uasset" 5630
"../../../Engine/Content/EngineMaterials/Substrate/GLints/dict_16_192_64_0p5_0p02_0036_0002.uasset" 5631
"/Engine/EngineMaterials/Substrate/GLints/dict_16_192_64_0p5_0p02_0035_0004" 5632
"../../../Engine/Content/EngineMaterials/Substrate/GLints/dict_16_192_64_0p5_0p02_0036_0003.uasset" 5633
"../../../Engine/Content/EngineMaterials/Substrate/GLints/dict_16_192_64_0p5_0p02_0036_0004.uasset" 5634
"/Engine/EngineMaterials/Substrate/GLints/dict_16_192_64_0p5_0p02_0035_0003" 5635
"/Engine/EngineMaterials/Substrate/GLints/dict_16_192_64_0p5_0p02_0035_0002" 5636
"../../../Engine/Content/EngineMaterials/Substrate/GLints/dict_16_192_64_0p5_0p02_0036_0005.uasset" 5637
"../../../Engine/Content/EngineMaterials/Substrate/GLints/dict_16_192_64_0p5_0p02_0036_0006.uasset" 5638
"/Engine/EngineMaterials/Substrate/GLints/dict_16_192_64_0p5_0p02_0035_0001" 5639
"../../../Engine/Content/EngineMaterials/Substrate/GLints/dict_16_192_64_0p5_0p02_0036_0007.uasset" 5640
"/Engine/EngineMaterials/Substrate/GLints/dict_16_192_64_0p5_0p02_0035_0000" 5641
"../../../Engine/Content/EngineMaterials/Substrate/GLints/dict_16_192_64_0p5_0p02_0036_0008.uasset" 5642
"/Engine/EngineMaterials/Substrate/GLints/dict_16_192_64_0p5_0p02_0034_0015" 5643
"../../../Engine/Content/EngineMaterials/Substrate/GLints/dict_16_192_64_0p5_0p02_0036_0009.uasset" 5644
"/Engine/EngineMaterials/Substrate/GLints/dict_16_192_64_0p5_0p02_0036_0008" 5645
"../../../Engine/Content/EngineMaterials/Substrate/GLints/dict_16_192_64_0p5_0p02_0036_0010.uasset" 5646
"/Engine/EngineMaterials/Substrate/GLints/dict_16_192_64_0p5_0p02_0036_0007" 5647
"/Engine/EngineMaterials/Substrate/GLints/dict_16_192_64_0p5_0p02_0036_0006" 5648
"../../../Engine/Content/EngineMaterials/Substrate/GLints/dict_16_192_64_0p5_0p02_0036_0011.uasset" 5649
"/Engine/EngineMaterials/Substrate/GLints/dict_16_192_64_0p5_0p02_0036_0004" 5650
"../../../Engine/Content/EngineMaterials/Substrate/GLints/dict_16_192_64_0p5_0p02_0036_0012.uasset" 5651
"/Engine/EngineMaterials/Substrate/GLints/dict_16_192_64_0p5_0p02_0036_0003" 5652
"../../../Engine/Content/EngineMaterials/Substrate/GLints/dict_16_192_64_0p5_0p02_0036_0013.uasset" 5653
"/Engine/EngineMaterials/Substrate/GLints/dict_16_192_64_0p5_0p02_0036_0002" 5654
"/Engine/EngineMaterials/Substrate/GLints/dict_16_192_64_0p5_0p02_0036_0001" 5655
"../../../Engine/Content/EngineMaterials/Substrate/GLints/dict_16_192_64_0p5_0p02_0036_0014.uasset" 5656
"/Engine/EngineMaterials/Substrate/GLints/dict_16_192_64_0p5_0p02_0036_0000" 5657
"/Engine/EngineMaterials/Substrate/GLints/dict_16_192_64_0p5_0p02_0035_0015" 5658
"../../../Engine/Content/EngineMaterials/Substrate/GLints/dict_16_192_64_0p5_0p02_0036_0015.uasset" 5659
"/Engine/EngineMaterials/Substrate/GLints/dict_16_192_64_0p5_0p02_0035_0014" 5660
"../../../Engine/Content/EngineMaterials/Substrate/GLints/dict_16_192_64_0p5_0p02_0037_0000.uasset" 5661
"/Engine/EngineMaterials/Substrate/GLints/dict_16_192_64_0p5_0p02_0035_0013" 5662
"../../../Engine/Content/EngineMaterials/Substrate/GLints/dict_16_192_64_0p5_0p02_0037_0001.uasset" 5663
"/Engine/EngineMaterials/Substrate/GLints/dict_16_192_64_0p5_0p02_0035_0012" 5664
"../../../Engine/Content/EngineMaterials/Substrate/GLints/dict_16_192_64_0p5_0p02_0037_0002.uasset" 5665
"/Engine/EngineMaterials/Substrate/GLints/dict_16_192_64_0p5_0p02_0036_0013" 5666
"../../../Engine/Content/EngineMaterials/Substrate/GLints/dict_16_192_64_0p5_0p02_0037_0003.uasset" 5667
"/Engine/EngineMaterials/Substrate/GLints/dict_16_192_64_0p5_0p02_0036_0012" 5668
"../../../Engine/Content/EngineMaterials/Substrate/GLints/dict_16_192_64_0p5_0p02_0037_0004.uasset" 5669
"/Engine/EngineMaterials/Substrate/GLints/dict_16_192_64_0p5_0p02_0037_0001" 5670
"../../../Engine/Content/EngineMaterials/Substrate/GLints/dict_16_192_64_0p5_0p02_0037_0005.uasset" 5671
"/Engine/EngineMaterials/Substrate/GLints/dict_16_192_64_0p5_0p02_0037_0000" 5672
"../../../Engine/Content/EngineMaterials/Substrate/GLints/dict_16_192_64_0p5_0p02_0037_0006.uasset" 5673
"/Engine/EngineMaterials/Substrate/GLints/dict_16_192_64_0p5_0p02_0036_0015" 5674
"../../../Engine/Content/EngineMaterials/Substrate/GLints/dict_16_192_64_0p5_0p02_0037_0007.uasset" 5675
"/Engine/EngineMaterials/Substrate/GLints/dict_16_192_64_0p5_0p02_0036_0011" 5676
"/Engine/EngineMaterials/Substrate/GLints/dict_16_192_64_0p5_0p02_0036_0010" 5677
"../../../Engine/Content/EngineMaterials/Substrate/GLints/dict_16_192_64_0p5_0p02_0037_0008.uasset" 5678
"/Engine/EngineMaterials/Substrate/GLints/dict_16_192_64_0p5_0p02_0036_0009" 5679
"../../../Engine/Content/EngineMaterials/Substrate/GLints/dict_16_192_64_0p5_0p02_0037_0009.uasset" 5680
"/Engine/EngineMaterials/Substrate/GLints/dict_16_192_64_0p5_0p02_0037_0008" 5681
"../../../Engine/Content/EngineMaterials/Substrate/GLints/dict_16_192_64_0p5_0p02_0037_0010.uasset" 5682
"/Engine/EngineMaterials/Substrate/GLints/dict_16_192_64_0p5_0p02_0037_0007" 5683
"../../../Engine/Content/EngineMaterials/Substrate/GLints/dict_16_192_64_0p5_0p02_0037_0011.uasset" 5684
"/Engine/EngineMaterials/Substrate/GLints/dict_16_192_64_0p5_0p02_0037_0006" 5685
"../../../Engine/Content/EngineMaterials/Substrate/GLints/dict_16_192_64_0p5_0p02_0037_0012.uasset" 5686
"/Engine/EngineMaterials/Substrate/GLints/dict_16_192_64_0p5_0p02_0037_0005" 5687
"../../../Engine/Content/EngineMaterials/Substrate/GLints/dict_16_192_64_0p5_0p02_0037_0013.uasset" 5688
"/Engine/EngineMaterials/Substrate/GLints/dict_16_192_64_0p5_0p02_0037_0004" 5689
"../../../Engine/Content/EngineMaterials/Substrate/GLints/dict_16_192_64_0p5_0p02_0037_0014.uasset" 5690
"/Engine/EngineMaterials/Substrate/GLints/dict_16_192_64_0p5_0p02_0037_0003" 5691
"../../../Engine/Content/EngineMaterials/Substrate/GLints/dict_16_192_64_0p5_0p02_0037_0015.uasset" 5692
"../../../Engine/Content/EngineMaterials/Substrate/GLints/dict_16_192_64_0p5_0p02_0038_0000.uasset" 5693
"/Engine/EngineMaterials/Substrate/GLints/dict_16_192_64_0p5_0p02_0037_0002" 5694
"../../../Engine/Content/EngineMaterials/Substrate/GLints/dict_16_192_64_0p5_0p02_0038_0001.uasset" 5695
"../../../Engine/Content/EngineMaterials/Substrate/GLints/dict_16_192_64_0p5_0p02_0038_0002.uasset" 5696
"/Engine/EngineMaterials/Substrate/GLints/dict_16_192_64_0p5_0p02_0037_0011" 5697
"../../../Engine/Content/EngineMaterials/Substrate/GLints/dict_16_192_64_0p5_0p02_0038_0003.uasset" 5698
"../../../Engine/Content/EngineMaterials/Substrate/GLints/dict_16_192_64_0p5_0p02_0038_0004.uasset" 5699
"/Engine/EngineMaterials/Substrate/GLints/dict_16_192_64_0p5_0p02_0037_0010" 5700
"../../../Engine/Content/EngineMaterials/Substrate/GLints/dict_16_192_64_0p5_0p02_0038_0005.uasset" 5701
"../../../Engine/Content/EngineMaterials/Substrate/GLints/dict_16_192_64_0p5_0p02_0038_0006.uasset" 5702
"/Engine/EngineMaterials/Substrate/GLints/dict_16_192_64_0p5_0p02_0037_0009" 5703
"../../../Engine/Content/EngineMaterials/Substrate/GLints/dict_16_192_64_0p5_0p02_0038_0007.uasset" 5704
"/Engine/EngineMaterials/Substrate/GLints/dict_16_192_64_0p5_0p02_0036_0005" 5705
"../../../Engine/Content/EngineMaterials/Substrate/GLints/dict_16_192_64_0p5_0p02_0038_0008.uasset" 5706
"../../../Engine/Content/EngineMaterials/Substrate/GLints/dict_16_192_64_0p5_0p02_0038_0009.uasset" 5707
"/Engine/EngineMaterials/Substrate/GLints/dict_16_192_64_0p5_0p02_0038_0001" 5708
"../../../Engine/Content/EngineMaterials/Substrate/GLints/dict_16_192_64_0p5_0p02_0038_0010.uasset" 5709
"/Engine/EngineMaterials/Substrate/GLints/dict_16_192_64_0p5_0p02_0038_0000" 5710
"../../../Engine/Content/EngineMaterials/Substrate/GLints/dict_16_192_64_0p5_0p02_0038_0011.uasset" 5711
"../../../Engine/Content/EngineMaterials/Substrate/GLints/dict_16_192_64_0p5_0p02_0038_0012.uasset" 5712
"/Engine/EngineMaterials/Substrate/GLints/dict_16_192_64_0p5_0p02_0037_0015" 5713
"../../../Engine/Content/EngineMaterials/Substrate/GLints/dict_16_192_64_0p5_0p02_0038_0013.uasset" 5714
"../../../Engine/Content/EngineMaterials/Substrate/GLints/dict_16_192_64_0p5_0p02_0038_0014.uasset" 5715
"../../../Engine/Content/EngineMaterials/Substrate/GLints/dict_16_192_64_0p5_0p02_0039_0000.uasset" 5716
"/Engine/EngineMaterials/Substrate/GLints/dict_16_192_64_0p5_0p02_0037_0014" 5717
"../../../Engine/Content/EngineMaterials/Substrate/GLints/dict_16_192_64_0p5_0p02_0038_0015.uasset" 5718
"../../../Engine/Content/EngineMaterials/Substrate/GLints/dict_16_192_64_0p5_0p02_0039_0001.uasset" 5719
"../../../Engine/Content/EngineMaterials/Substrate/GLints/dict_16_192_64_0p5_0p02_0039_0002.uasset" 5720
"/Engine/EngineMaterials/Substrate/GLints/dict_16_192_64_0p5_0p02_0037_0013" 5721
"../../../Engine/Content/EngineMaterials/Substrate/GLints/dict_16_192_64_0p5_0p02_0039_0004.uasset" 5722
"../../../Engine/Content/EngineMaterials/Substrate/GLints/dict_16_192_64_0p5_0p02_0039_0003.uasset" 5723
"../../../Engine/Content/EngineMaterials/Substrate/GLints/dict_16_192_64_0p5_0p02_0039_0005.uasset" 5724
"/Engine/EngineMaterials/Substrate/GLints/dict_16_192_64_0p5_0p02_0037_0012" 5725
"../../../Engine/Content/EngineMaterials/Substrate/GLints/dict_16_192_64_0p5_0p02_0039_0006.uasset" 5726
"/Engine/EngineMaterials/Substrate/GLints/dict_16_192_64_0p5_0p02_0036_0014" 5727
"../../../Engine/Content/EngineMaterials/Substrate/GLints/dict_16_192_64_0p5_0p02_0039_0008.uasset" 5728
"../../../Engine/Content/EngineMaterials/Substrate/GLints/dict_16_192_64_0p5_0p02_0039_0007.uasset" 5729
"/Engine/EngineMaterials/Substrate/GLints/dict_16_192_64_0p5_0p02_0039_0006" 5730
"../../../Engine/Content/EngineMaterials/Substrate/GLints/dict_16_192_64_0p5_0p02_0039_0009.uasset" 5731
"../../../Engine/Content/EngineMaterials/Substrate/GLints/dict_16_192_64_0p5_0p02_0039_0010.uasset" 5732
"/Engine/EngineMaterials/Substrate/GLints/dict_16_192_64_0p5_0p02_0039_0005" 5733
"../../../Engine/Content/EngineMaterials/Substrate/GLints/dict_16_192_64_0p5_0p02_0039_0011.uasset" 5734
"../../../Engine/Content/EngineMaterials/Substrate/GLints/dict_16_192_64_0p5_0p02_0039_0012.uasset" 5735
"/Engine/EngineMaterials/Substrate/GLints/dict_16_192_64_0p5_0p02_0039_0004" 5736
"../../../Engine/Content/EngineMaterials/Substrate/GLints/dict_16_192_64_0p5_0p02_0039_0013.uasset" 5737
"../../../Engine/Content/EngineMaterials/Substrate/GLints/dict_16_192_64_0p5_0p02_0039_0014.uasset" 5738
"/Engine/EngineMaterials/Substrate/GLints/dict_16_192_64_0p5_0p02_0039_0003" 5739
"../../../Engine/Content/EngineMaterials/Substrate/GLints/dict_16_192_64_0p5_0p02_0039_0015.uasset" 5740
"../../../Engine/Content/EngineMaterials/Substrate/GLints/dict_16_192_64_0p5_0p02_0040_0000.uasset" 5741
"/Engine/EngineMaterials/Substrate/GLints/dict_16_192_64_0p5_0p02_0039_0002" 5742
"/Engine/EngineMaterials/Substrate/GLints/dict_16_192_64_0p5_0p02_0039_0001" 5743
"/Engine/EngineMaterials/Substrate/GLints/dict_16_192_64_0p5_0p02_0039_0000" 5744
"/Engine/EngineMaterials/Substrate/GLints/dict_16_192_64_0p5_0p02_0038_0015" 5745
"/Engine/EngineMaterials/Substrate/GLints/dict_16_192_64_0p5_0p02_0038_0014" 5746
"/Engine/EngineMaterials/Substrate/GLints/dict_16_192_64_0p5_0p02_0038_0013" 5747
"/Engine/EngineMaterials/Substrate/GLints/dict_16_192_64_0p5_0p02_0038_0012" 5748
"/Engine/EngineMaterials/Substrate/GLints/dict_16_192_64_0p5_0p02_0038_0011" 5749
"/Engine/EngineMaterials/Substrate/GLints/dict_16_192_64_0p5_0p02_0038_0010" 5750
"/Engine/EngineMaterials/Substrate/GLints/dict_16_192_64_0p5_0p02_0038_0009" 5751
"/Engine/EngineMaterials/Substrate/GLints/dict_16_192_64_0p5_0p02_0038_0008" 5752
"/Engine/EngineMaterials/Substrate/GLints/dict_16_192_64_0p5_0p02_0038_0007" 5753
"/Engine/EngineMaterials/Substrate/GLints/dict_16_192_64_0p5_0p02_0038_0006" 5754
"/Engine/EngineMaterials/Substrate/GLints/dict_16_192_64_0p5_0p02_0038_0005" 5755
"/Engine/EngineMaterials/Substrate/GLints/dict_16_192_64_0p5_0p02_0038_0004" 5756
"/Engine/EngineMaterials/Substrate/GLints/dict_16_192_64_0p5_0p02_0038_0003" 5757
"/Engine/EngineMaterials/Substrate/GLints/dict_16_192_64_0p5_0p02_0038_0002" 5758
"/Engine/EngineMaterials/Substrate/GLints/dict_16_192_64_0p5_0p02_0040_0000" 5759
"../../../Engine/Content/EngineMaterials/Substrate/GLints/dict_16_192_64_0p5_0p02_0040_0002.uasset" 5760
"../../../Engine/Content/EngineMaterials/Substrate/GLints/dict_16_192_64_0p5_0p02_0040_0001.uasset" 5761
"/Engine/EngineMaterials/Substrate/GLints/dict_16_192_64_0p5_0p02_0039_0015" 5762
"../../../Engine/Content/EngineMaterials/Substrate/GLints/dict_16_192_64_0p5_0p02_0040_0003.uasset" 5763
"../../../Engine/Content/EngineMaterials/Substrate/GLints/dict_16_192_64_0p5_0p02_0040_0004.uasset" 5764
"/Engine/EngineMaterials/Substrate/GLints/dict_16_192_64_0p5_0p02_0039_0014" 5765
"../../../Engine/Content/EngineMaterials/Substrate/GLints/dict_16_192_64_0p5_0p02_0040_0005.uasset" 5766
"../../../Engine/Content/EngineMaterials/Substrate/GLints/dict_16_192_64_0p5_0p02_0040_0006.uasset" 5767
"/Engine/EngineMaterials/Substrate/GLints/dict_16_192_64_0p5_0p02_0039_0013" 5768
"../../../Engine/Content/EngineMaterials/Substrate/GLints/dict_16_192_64_0p5_0p02_0040_0007.uasset" 5769
"/Engine/EngineMaterials/Substrate/GLints/dict_16_192_64_0p5_0p02_0039_0012" 5770
"../../../Engine/Content/EngineMaterials/Substrate/GLints/dict_16_192_64_0p5_0p02_0040_0008.uasset" 5771
"../../../Engine/Content/EngineMaterials/Substrate/GLints/dict_16_192_64_0p5_0p02_0040_0009.uasset" 5772
"/Engine/EngineMaterials/Substrate/GLints/dict_16_192_64_0p5_0p02_0039_0011" 5773
"../../../Engine/Content/EngineMaterials/Substrate/GLints/dict_16_192_64_0p5_0p02_0040_0010.uasset" 5774
"/Engine/EngineMaterials/Substrate/GLints/dict_16_192_64_0p5_0p02_0039_0010" 5775
"../../../Engine/Content/EngineMaterials/Substrate/GLints/dict_16_192_64_0p5_0p02_0040_0011.uasset" 5776
"../../../Engine/Content/EngineMaterials/Substrate/GLints/dict_16_192_64_0p5_0p02_0040_0012.uasset" 5777
"/Engine/EngineMaterials/Substrate/GLints/dict_16_192_64_0p5_0p02_0039_0009" 5778
"../../../Engine/Content/EngineMaterials/Substrate/GLints/dict_16_192_64_0p5_0p02_0040_0013.uasset" 5779
"../../../Engine/Content/EngineMaterials/Substrate/GLints/dict_16_192_64_0p5_0p02_0040_0014.uasset" 5780
"/Engine/EngineMaterials/Substrate/GLints/dict_16_192_64_0p5_0p02_0039_0008" 5781
"../../../Engine/Content/EngineMaterials/Substrate/GLints/dict_16_192_64_0p5_0p02_0040_0015.uasset" 5782
"../../../Engine/Content/EngineMaterials/Substrate/GLints/dict_16_192_64_0p5_0p02_0041_0000.uasset" 5783
"/Engine/EngineMaterials/Substrate/GLints/dict_16_192_64_0p5_0p02_0039_0007" 5784
"../../../Engine/Content/EngineMaterials/Substrate/GLints/dict_16_192_64_0p5_0p02_0041_0001.uasset" 5785
"../../../Engine/Content/EngineMaterials/Substrate/GLints/dict_16_192_64_0p5_0p02_0041_0002.uasset" 5786
"/Engine/EngineMaterials/Substrate/GLints/dict_16_192_64_0p5_0p02_0041_0001" 5787
"../../../Engine/Content/EngineMaterials/Substrate/GLints/dict_16_192_64_0p5_0p02_0041_0003.uasset" 5788
"../../../Engine/Content/EngineMaterials/Substrate/GLints/dict_16_192_64_0p5_0p02_0041_0004.uasset" 5789
"../../../Engine/Content/EngineMaterials/Substrate/GLints/dict_16_192_64_0p5_0p02_0041_0005.uasset" 5790
"/Engine/EngineMaterials/Substrate/GLints/dict_16_192_64_0p5_0p02_0041_0000" 5791
"../../../Engine/Content/EngineMaterials/Substrate/GLints/dict_16_192_64_0p5_0p02_0041_0006.uasset" 5792
"/Engine/EngineMaterials/Substrate/GLints/dict_16_192_64_0p5_0p02_0040_0015" 5793
"../../../Engine/Content/EngineMaterials/Substrate/GLints/dict_16_192_64_0p5_0p02_0041_0007.uasset" 5794
"../../../Engine/Content/EngineMaterials/Substrate/GLints/dict_16_192_64_0p5_0p02_0041_0008.uasset" 5795
"/Engine/EngineMaterials/Substrate/GLints/dict_16_192_64_0p5_0p02_0040_0014" 5796
"../../../Engine/Content/EngineMaterials/Substrate/GLints/dict_16_192_64_0p5_0p02_0041_0009.uasset" 5797
"../../../Engine/Content/EngineMaterials/Substrate/GLints/dict_16_192_64_0p5_0p02_0041_0010.uasset" 5798
"../../../Engine/Content/EngineMaterials/Substrate/GLints/dict_16_192_64_0p5_0p02_0041_0011.uasset" 5799
"/Engine/EngineMaterials/Substrate/GLints/dict_16_192_64_0p5_0p02_0040_0013" 5800
"../../../Engine/Content/EngineMaterials/Substrate/GLints/dict_16_192_64_0p5_0p02_0041_0013.uasset" 5801
"../../../Engine/Content/EngineMaterials/Substrate/GLints/dict_16_192_64_0p5_0p02_0041_0012.uasset" 5802
"../../../Engine/Content/EngineMaterials/Substrate/GLints/dict_16_192_64_0p5_0p02_0041_0014.uasset" 5803
"/Engine/EngineMaterials/Substrate/GLints/dict_16_192_64_0p5_0p02_0040_0012" 5804
"../../../Engine/Content/EngineMaterials/Substrate/GLints/dict_16_192_64_0p5_0p02_0041_0015.uasset" 5805
"../../../Engine/Content/EngineMaterials/Substrate/GLints/dict_16_192_64_0p5_0p02_0042_0000.uasset" 5806
"/Engine/EngineMaterials/Substrate/GLints/dict_16_192_64_0p5_0p02_0040_0011" 5807
"/Engine/EngineMaterials/Substrate/GLints/dict_16_192_64_0p5_0p02_0040_0010" 5808
"/Engine/EngineMaterials/Substrate/GLints/dict_16_192_64_0p5_0p02_0040_0009" 5809
"/Engine/EngineMaterials/Substrate/GLints/dict_16_192_64_0p5_0p02_0040_0008" 5810
"/Engine/EngineMaterials/Substrate/GLints/dict_16_192_64_0p5_0p02_0040_0007" 5811
"/Engine/EngineMaterials/Substrate/GLints/dict_16_192_64_0p5_0p02_0040_0006" 5812
"/Engine/EngineMaterials/Substrate/GLints/dict_16_192_64_0p5_0p02_0040_0005" 5813
"/Engine/EngineMaterials/Substrate/GLints/dict_16_192_64_0p5_0p02_0040_0004" 5814
"/Engine/EngineMaterials/Substrate/GLints/dict_16_192_64_0p5_0p02_0040_0003" 5815
"/Engine/EngineMaterials/Substrate/GLints/dict_16_192_64_0p5_0p02_0040_0002" 5816
"/Engine/EngineMaterials/Substrate/GLints/dict_16_192_64_0p5_0p02_0040_0001" 5817
"/Engine/EngineMaterials/Substrate/GLints/dict_16_192_64_0p5_0p02_0042_0000" 5818
"../../../Engine/Content/EngineMaterials/Substrate/GLints/dict_16_192_64_0p5_0p02_0042_0001.uasset" 5819
"../../../Engine/Content/EngineMaterials/Substrate/GLints/dict_16_192_64_0p5_0p02_0042_0002.uasset" 5820
"/Engine/EngineMaterials/Substrate/GLints/dict_16_192_64_0p5_0p02_0041_0015" 5821
"../../../Engine/Content/EngineMaterials/Substrate/GLints/dict_16_192_64_0p5_0p02_0042_0004.uasset" 5822
"/Engine/EngineMaterials/Substrate/GLints/dict_16_192_64_0p5_0p02_0041_0014" 5823
"../../../Engine/Content/EngineMaterials/Substrate/GLints/dict_16_192_64_0p5_0p02_0042_0003.uasset" 5824
"../../../Engine/Content/EngineMaterials/Substrate/GLints/dict_16_192_64_0p5_0p02_0042_0005.uasset" 5825
"/Engine/EngineMaterials/Substrate/GLints/dict_16_192_64_0p5_0p02_0041_0006" 5826
"../../../Engine/Content/EngineMaterials/Substrate/GLints/dict_16_192_64_0p5_0p02_0042_0006.uasset" 5827
"/Engine/EngineMaterials/Substrate/GLints/dict_16_192_64_0p5_0p02_0041_0005" 5828
"../../../Engine/Content/EngineMaterials/Substrate/GLints/dict_16_192_64_0p5_0p02_0042_0007.uasset" 5829
"/Engine/EngineMaterials/Substrate/GLints/dict_16_192_64_0p5_0p02_0041_0004" 5830
"../../../Engine/Content/EngineMaterials/Substrate/GLints/dict_16_192_64_0p5_0p02_0042_0008.uasset" 5831
"../../../Engine/Content/EngineMaterials/Substrate/GLints/dict_16_192_64_0p5_0p02_0042_0009.uasset" 5832
"/Engine/EngineMaterials/Substrate/GLints/dict_16_192_64_0p5_0p02_0041_0003" 5833
"../../../Engine/Content/EngineMaterials/Substrate/GLints/dict_16_192_64_0p5_0p02_0042_0010.uasset" 5834
"../../../Engine/Content/EngineMaterials/Substrate/GLints/dict_16_192_64_0p5_0p02_0042_0011.uasset" 5835
"/Engine/EngineMaterials/Substrate/GLints/dict_16_192_64_0p5_0p02_0041_0002" 5836
"../../../Engine/Content/EngineMaterials/Substrate/GLints/dict_16_192_64_0p5_0p02_0042_0013.uasset" 5837
"/Engine/EngineMaterials/Substrate/GLints/dict_16_192_64_0p5_0p02_0041_0013" 5838
"../../../Engine/Content/EngineMaterials/Substrate/GLints/dict_16_192_64_0p5_0p02_0042_0012.uasset" 5839
"/Engine/EngineMaterials/Substrate/GLints/dict_16_192_64_0p5_0p02_0041_0012" 5840
"../../../Engine/Content/EngineMaterials/Substrate/GLints/dict_16_192_64_0p5_0p02_0042_0015.uasset" 5841
"../../../Engine/Content/EngineMaterials/Substrate/GLints/dict_16_192_64_0p5_0p02_0042_0014.uasset" 5842
"/Engine/EngineMaterials/Substrate/GLints/dict_16_192_64_0p5_0p02_0041_0011" 5843
"../../../Engine/Content/EngineMaterials/Substrate/GLints/dict_16_192_64_0p5_0p02_0043_0000.uasset" 5844
"../../../Engine/Content/EngineMaterials/Substrate/GLints/dict_16_192_64_0p5_0p02_0043_0001.uasset" 5845
"/Engine/EngineMaterials/Substrate/GLints/dict_16_192_64_0p5_0p02_0041_0010" 5846
"/Engine/EngineMaterials/Substrate/GLints/dict_16_192_64_0p5_0p02_0041_0009" 5847
"/Engine/EngineMaterials/Substrate/GLints/dict_16_192_64_0p5_0p02_0041_0008" 5848
"/Engine/EngineMaterials/Substrate/GLints/dict_16_192_64_0p5_0p02_0041_0007" 5849
"/Engine/EngineMaterials/Substrate/GLints/dict_16_192_64_0p5_0p02_0043_0001" 5850
"../../../Engine/Content/EngineMaterials/Substrate/GLints/dict_16_192_64_0p5_0p02_0043_0003.uasset" 5851
"../../../Engine/Content/EngineMaterials/Substrate/GLints/dict_16_192_64_0p5_0p02_0043_0002.uasset" 5852
"/Engine/EngineMaterials/Substrate/GLints/dict_16_192_64_0p5_0p02_0043_0000" 5853
"../../../Engine/Content/EngineMaterials/Substrate/GLints/dict_16_192_64_0p5_0p02_0043_0005.uasset" 5854
"../../../Engine/Content/EngineMaterials/Substrate/GLints/dict_16_192_64_0p5_0p02_0043_0004.uasset" 5855
"/Engine/EngineMaterials/Substrate/GLints/dict_16_192_64_0p5_0p02_0042_0015" 5856
"../../../Engine/Content/EngineMaterials/Substrate/GLints/dict_16_192_64_0p5_0p02_0043_0006.uasset" 5857
"../../../Engine/Content/EngineMaterials/Substrate/GLints/dict_16_192_64_0p5_0p02_0043_0007.uasset" 5858
"/Engine/EngineMaterials/Substrate/GLints/dict_16_192_64_0p5_0p02_0042_0014" 5859
"/Engine/EngineMaterials/Substrate/GLints/dict_16_192_64_0p5_0p02_0042_0013" 5860
"../../../Engine/Content/EngineMaterials/Substrate/GLints/dict_16_192_64_0p5_0p02_0043_0008.uasset" 5861
"../../../Engine/Content/EngineMaterials/Substrate/GLints/dict_16_192_64_0p5_0p02_0043_0009.uasset" 5862
"/Engine/EngineMaterials/Substrate/GLints/dict_16_192_64_0p5_0p02_0042_0012" 5863
"../../../Engine/Content/EngineMaterials/Substrate/GLints/dict_16_192_64_0p5_0p02_0043_0010.uasset" 5864
"../../../Engine/Content/EngineMaterials/Substrate/GLints/dict_16_192_64_0p5_0p02_0043_0011.uasset" 5865
"/Engine/EngineMaterials/Substrate/GLints/dict_16_192_64_0p5_0p02_0042_0011" 5866
"../../../Engine/Content/EngineMaterials/Substrate/GLints/dict_16_192_64_0p5_0p02_0043_0012.uasset" 5867
"../../../Engine/Content/EngineMaterials/Substrate/GLints/dict_16_192_64_0p5_0p02_0043_0013.uasset" 5868
"/Engine/EngineMaterials/Substrate/GLints/dict_16_192_64_0p5_0p02_0042_0010" 5869
"../../../Engine/Content/EngineMaterials/Substrate/GLints/dict_16_192_64_0p5_0p02_0043_0015.uasset" 5870
"../../../Engine/Content/EngineMaterials/Substrate/GLints/dict_16_192_64_0p5_0p02_0043_0014.uasset" 5871
"/Engine/EngineMaterials/Substrate/GLints/dict_16_192_64_0p5_0p02_0042_0009" 5872
"../../../Engine/Content/EngineMaterials/Substrate/GLints/dict_16_192_64_0p5_0p02_0044_0000.uasset" 5873
"/Engine/EngineMaterials/Substrate/GLints/dict_16_192_64_0p5_0p02_0042_0008" 5874
"/Engine/EngineMaterials/Substrate/GLints/dict_16_192_64_0p5_0p02_0042_0007" 5875
"/Engine/EngineMaterials/Substrate/GLints/dict_16_192_64_0p5_0p02_0042_0006" 5876
"/Engine/EngineMaterials/Substrate/GLints/dict_16_192_64_0p5_0p02_0042_0005" 5877
"/Engine/EngineMaterials/Substrate/GLints/dict_16_192_64_0p5_0p02_0042_0004" 5878
"/Engine/EngineMaterials/Substrate/GLints/dict_16_192_64_0p5_0p02_0042_0003" 5879
"/Engine/EngineMaterials/Substrate/GLints/dict_16_192_64_0p5_0p02_0042_0002" 5880
"/Engine/EngineMaterials/Substrate/GLints/dict_16_192_64_0p5_0p02_0042_0001" 5881
"/Engine/EngineMaterials/Substrate/GLints/dict_16_192_64_0p5_0p02_0044_0000" 5882
"../../../Engine/Content/EngineMaterials/Substrate/GLints/dict_16_192_64_0p5_0p02_0044_0001.uasset" 5883
"../../../Engine/Content/EngineMaterials/Substrate/GLints/dict_16_192_64_0p5_0p02_0044_0002.uasset" 5884
"/Engine/EngineMaterials/Substrate/GLints/dict_16_192_64_0p5_0p02_0043_0015" 5885
"../../../Engine/Content/EngineMaterials/Substrate/GLints/dict_16_192_64_0p5_0p02_0044_0003.uasset" 5886
"../../../Engine/Content/EngineMaterials/Substrate/GLints/dict_16_192_64_0p5_0p02_0044_0004.uasset" 5887
"/Engine/EngineMaterials/Substrate/GLints/dict_16_192_64_0p5_0p02_0043_0014" 5888
"../../../Engine/Content/EngineMaterials/Substrate/GLints/dict_16_192_64_0p5_0p02_0044_0005.uasset" 5889
"../../../Engine/Content/EngineMaterials/Substrate/GLints/dict_16_192_64_0p5_0p02_0044_0006.uasset" 5890
"/Engine/EngineMaterials/Substrate/GLints/dict_16_192_64_0p5_0p02_0043_0013" 5891
"../../../Engine/Content/EngineMaterials/Substrate/GLints/dict_16_192_64_0p5_0p02_0044_0007.uasset" 5892
"../../../Engine/Content/EngineMaterials/Substrate/GLints/dict_16_192_64_0p5_0p02_0044_0008.uasset" 5893
"/Engine/EngineMaterials/Substrate/GLints/dict_16_192_64_0p5_0p02_0043_0012" 5894
"/Engine/EngineMaterials/Substrate/GLints/dict_16_192_64_0p5_0p02_0043_0011" 5895
"../../../Engine/Content/EngineMaterials/Substrate/GLints/dict_16_192_64_0p5_0p02_0044_0010.uasset" 5896
"../../../Engine/Content/EngineMaterials/Substrate/GLints/dict_16_192_64_0p5_0p02_0044_0009.uasset" 5897
"/Engine/EngineMaterials/Substrate/GLints/dict_16_192_64_0p5_0p02_0043_0010" 5898
"../../../Engine/Content/EngineMaterials/Substrate/GLints/dict_16_192_64_0p5_0p02_0044_0011.uasset" 5899
"../../../Engine/Content/EngineMaterials/Substrate/GLints/dict_16_192_64_0p5_0p02_0044_0012.uasset" 5900
"/Engine/EngineMaterials/Substrate/GLints/dict_16_192_64_0p5_0p02_0043_0009" 5901
"../../../Engine/Content/EngineMaterials/Substrate/GLints/dict_16_192_64_0p5_0p02_0044_0013.uasset" 5902
"/Engine/EngineMaterials/Substrate/GLints/dict_16_192_64_0p5_0p02_0043_0008" 5903
"../../../Engine/Content/EngineMaterials/Substrate/GLints/dict_16_192_64_0p5_0p02_0044_0014.uasset" 5904
"../../../Engine/Content/EngineMaterials/Substrate/GLints/dict_16_192_64_0p5_0p02_0044_0015.uasset" 5905
"/Engine/EngineMaterials/Substrate/GLints/dict_16_192_64_0p5_0p02_0043_0007" 5906
"../../../Engine/Content/EngineMaterials/Substrate/GLints/dict_16_192_64_0p5_0p02_0045_0000.uasset" 5907
"/Engine/EngineMaterials/Substrate/GLints/dict_16_192_64_0p5_0p02_0043_0006" 5908
"../../../Engine/Content/EngineMaterials/Substrate/GLints/dict_16_192_64_0p5_0p02_0045_0001.uasset" 5909
"/Engine/EngineMaterials/Substrate/GLints/dict_16_192_64_0p5_0p02_0043_0005" 5910
"/Engine/EngineMaterials/Substrate/GLints/dict_16_192_64_0p5_0p02_0043_0004" 5911
"/Engine/EngineMaterials/Substrate/GLints/dict_16_192_64_0p5_0p02_0043_0003" 5912
"/Engine/EngineMaterials/Substrate/GLints/dict_16_192_64_0p5_0p02_0043_0002" 5913
"../../../Engine/Content/EngineMaterials/Substrate/GLints/dict_16_192_64_0p5_0p02_0045_0002.uasset" 5914
"/Engine/EngineMaterials/Substrate/GLints/dict_16_192_64_0p5_0p02_0045_0001" 5915
"../../../Engine/Content/EngineMaterials/Substrate/GLints/dict_16_192_64_0p5_0p02_0045_0003.uasset" 5916
"../../../Engine/Content/EngineMaterials/Substrate/GLints/dict_16_192_64_0p5_0p02_0045_0004.uasset" 5917
"/Engine/EngineMaterials/Substrate/GLints/dict_16_192_64_0p5_0p02_0045_0000" 5918
"../../../Engine/Content/EngineMaterials/Substrate/GLints/dict_16_192_64_0p5_0p02_0045_0005.uasset" 5919
"/Engine/EngineMaterials/Substrate/GLints/dict_16_192_64_0p5_0p02_0044_0015" 5920
"../../../Engine/Content/EngineMaterials/Substrate/GLints/dict_16_192_64_0p5_0p02_0045_0007.uasset" 5921
"../../../Engine/Content/EngineMaterials/Substrate/GLints/dict_16_192_64_0p5_0p02_0045_0006.uasset" 5922
"/Engine/EngineMaterials/Substrate/GLints/dict_16_192_64_0p5_0p02_0044_0014" 5923
"../../../Engine/Content/EngineMaterials/Substrate/GLints/dict_16_192_64_0p5_0p02_0045_0009.uasset" 5924
"/Engine/EngineMaterials/Substrate/GLints/dict_16_192_64_0p5_0p02_0044_0013" 5925
"../../../Engine/Content/EngineMaterials/Substrate/GLints/dict_16_192_64_0p5_0p02_0045_0010.uasset" 5926
"/Engine/EngineMaterials/Substrate/GLints/dict_16_192_64_0p5_0p02_0044_0012" 5927
"../../../Engine/Content/EngineMaterials/Substrate/GLints/dict_16_192_64_0p5_0p02_0045_0011.uasset" 5928
"/Engine/EngineMaterials/Substrate/GLints/dict_16_192_64_0p5_0p02_0044_0011" 5929
"../../../Engine/Content/EngineMaterials/Substrate/GLints/dict_16_192_64_0p5_0p02_0045_0012.uasset" 5930
"/Engine/EngineMaterials/Substrate/GLints/dict_16_192_64_0p5_0p02_0044_0010" 5931
"../../../Engine/Content/EngineMaterials/Substrate/GLints/dict_16_192_64_0p5_0p02_0045_0013.uasset" 5932
"/Engine/EngineMaterials/Substrate/GLints/dict_16_192_64_0p5_0p02_0044_0009" 5933
"../../../Engine/Content/EngineMaterials/Substrate/GLints/dict_16_192_64_0p5_0p02_0045_0014.uasset" 5934
"/Engine/EngineMaterials/Substrate/GLints/dict_16_192_64_0p5_0p02_0044_0008" 5935
"../../../Engine/Content/EngineMaterials/Substrate/GLints/dict_16_192_64_0p5_0p02_0045_0015.uasset" 5936
"/Engine/EngineMaterials/Substrate/GLints/dict_16_192_64_0p5_0p02_0044_0007" 5937
"../../../Engine/Content/EngineMaterials/Substrate/GLints/dict_16_192_64_0p5_0p02_0046_0000.uasset" 5938
"/Engine/EngineMaterials/Substrate/GLints/dict_16_192_64_0p5_0p02_0044_0006" 5939
"/Engine/EngineMaterials/Substrate/GLints/dict_16_192_64_0p5_0p02_0044_0005" 5940
"/Engine/EngineMaterials/Substrate/GLints/dict_16_192_64_0p5_0p02_0044_0004" 5941
"/Engine/EngineMaterials/Substrate/GLints/dict_16_192_64_0p5_0p02_0044_0003" 5942
"/Engine/EngineMaterials/Substrate/GLints/dict_16_192_64_0p5_0p02_0044_0002" 5943
"/Engine/EngineMaterials/Substrate/GLints/dict_16_192_64_0p5_0p02_0044_0001" 5944
"/Engine/EngineMaterials/Substrate/GLints/dict_16_192_64_0p5_0p02_0045_0015" 5945
"../../../Engine/Content/EngineMaterials/Substrate/GLints/dict_16_192_64_0p5_0p02_0045_0008.uasset" 5946
"/Engine/EngineMaterials/Substrate/GLints/dict_16_192_64_0p5_0p02_0045_0014" 5947
"../../../Engine/Content/EngineMaterials/Substrate/GLints/dict_16_192_64_0p5_0p02_0046_0001.uasset" 5948
"/Engine/EngineMaterials/Substrate/GLints/dict_16_192_64_0p5_0p02_0045_0013" 5949
"../../../Engine/Content/EngineMaterials/Substrate/GLints/dict_16_192_64_0p5_0p02_0046_0002.uasset" 5950
"/Engine/EngineMaterials/Substrate/GLints/dict_16_192_64_0p5_0p02_0045_0012" 5951
"../../../Engine/Content/EngineMaterials/Substrate/GLints/dict_16_192_64_0p5_0p02_0046_0003.uasset" 5952
"../../../Engine/Content/EngineMaterials/Substrate/GLints/dict_16_192_64_0p5_0p02_0046_0004.uasset" 5953
"/Engine/EngineMaterials/Substrate/GLints/dict_16_192_64_0p5_0p02_0045_0011" 5954
"/Engine/EngineMaterials/Substrate/GLints/dict_16_192_64_0p5_0p02_0045_0010" 5955
"../../../Engine/Content/EngineMaterials/Substrate/GLints/dict_16_192_64_0p5_0p02_0046_0005.uasset" 5956
"/Engine/EngineMaterials/Substrate/GLints/dict_16_192_64_0p5_0p02_0045_0009" 5957
"../../../Engine/Content/EngineMaterials/Substrate/GLints/dict_16_192_64_0p5_0p02_0046_0006.uasset" 5958
"/Engine/EngineMaterials/Substrate/GLints/dict_16_192_64_0p5_0p02_0045_0007" 5959
"/Engine/EngineMaterials/Substrate/GLints/dict_16_192_64_0p5_0p02_0045_0006" 5960
"../../../Engine/Content/EngineMaterials/Substrate/GLints/dict_16_192_64_0p5_0p02_0046_0007.uasset" 5961
"/Engine/EngineMaterials/Substrate/GLints/dict_16_192_64_0p5_0p02_0045_0005" 5962
"/Engine/EngineMaterials/Substrate/GLints/dict_16_192_64_0p5_0p02_0045_0004" 5963
"../../../Engine/Content/EngineMaterials/Substrate/GLints/dict_16_192_64_0p5_0p02_0046_0008.uasset" 5964
"/Engine/EngineMaterials/Substrate/GLints/dict_16_192_64_0p5_0p02_0045_0003" 5965
"../../../Engine/Content/EngineMaterials/Substrate/GLints/dict_16_192_64_0p5_0p02_0046_0009.uasset" 5966
"/Engine/EngineMaterials/Substrate/GLints/dict_16_192_64_0p5_0p02_0045_0002" 5967
"../../../Engine/Content/EngineMaterials/Substrate/GLints/dict_16_192_64_0p5_0p02_0046_0010.uasset" 5968
"/Engine/EngineMaterials/Substrate/GLints/dict_16_192_64_0p5_0p02_0046_0000" 5969
"/Engine/EngineMaterials/Substrate/GLints/dict_16_192_64_0p5_0p02_0046_0009" 5970
"../../../Engine/Content/EngineMaterials/Substrate/GLints/dict_16_192_64_0p5_0p02_0046_0011.uasset" 5971
"../../../Engine/Content/EngineMaterials/Substrate/GLints/dict_16_192_64_0p5_0p02_0046_0012.uasset" 5972
"/Engine/EngineMaterials/Substrate/GLints/dict_16_192_64_0p5_0p02_0046_0008" 5973
"/Engine/EngineMaterials/Substrate/GLints/dict_16_192_64_0p5_0p02_0046_0007" 5974
"../../../Engine/Content/EngineMaterials/Substrate/GLints/dict_16_192_64_0p5_0p02_0046_0013.uasset" 5975
"../../../Engine/Content/EngineMaterials/Substrate/GLints/dict_16_192_64_0p5_0p02_0046_0014.uasset" 5976
"/Engine/EngineMaterials/Substrate/GLints/dict_16_192_64_0p5_0p02_0046_0006" 5977
"../../../Engine/Content/EngineMaterials/Substrate/GLints/dict_16_192_64_0p5_0p02_0047_0000.uasset" 5978
"../../../Engine/Content/EngineMaterials/Substrate/GLints/dict_16_192_64_0p5_0p02_0046_0015.uasset" 5979
"/Engine/EngineMaterials/Substrate/GLints/dict_16_192_64_0p5_0p02_0046_0005" 5980
"/Engine/EngineMaterials/Substrate/GLints/dict_16_192_64_0p5_0p02_0046_0004" 5981
"../../../Engine/Content/EngineMaterials/Substrate/GLints/dict_16_192_64_0p5_0p02_0047_0001.uasset" 5982
"../../../Engine/Content/EngineMaterials/Substrate/GLints/dict_16_192_64_0p5_0p02_0047_0002.uasset" 5983
"/Engine/EngineMaterials/Substrate/GLints/dict_16_192_64_0p5_0p02_0045_0008" 5984
"/Engine/EngineMaterials/Substrate/GLints/dict_16_192_64_0p5_0p02_0046_0002" 5985
"../../../Engine/Content/EngineMaterials/Substrate/GLints/dict_16_192_64_0p5_0p02_0047_0004.uasset" 5986
"../../../Engine/Content/EngineMaterials/Substrate/GLints/dict_16_192_64_0p5_0p02_0047_0003.uasset" 5987
"/Engine/EngineMaterials/Substrate/GLints/dict_16_192_64_0p5_0p02_0046_0001" 5988
"../../../Engine/Content/EngineMaterials/Substrate/GLints/dict_16_192_64_0p5_0p02_0047_0005.uasset" 5989
"../../../Engine/Content/EngineMaterials/Substrate/GLints/dict_16_192_64_0p5_0p02_0047_0006.uasset" 5990
"/Engine/EngineMaterials/Substrate/GLints/dict_16_192_64_0p5_0p02_0047_0001" 5991
"../../../Engine/Content/EngineMaterials/Substrate/GLints/dict_16_192_64_0p5_0p02_0047_0007.uasset" 5992
"/Engine/EngineMaterials/Substrate/GLints/dict_16_192_64_0p5_0p02_0047_0000" 5993
"../../../Engine/Content/EngineMaterials/Substrate/GLints/dict_16_192_64_0p5_0p02_0047_0008.uasset" 5994
"/Engine/EngineMaterials/Substrate/GLints/dict_16_192_64_0p5_0p02_0046_0015" 5995
"../../../Engine/Content/EngineMaterials/Substrate/GLints/dict_16_192_64_0p5_0p02_0047_0009.uasset" 5996
"/Engine/EngineMaterials/Substrate/GLints/dict_16_192_64_0p5_0p02_0046_0014" 5997
"../../../Engine/Content/EngineMaterials/Substrate/GLints/dict_16_192_64_0p5_0p02_0047_0010.uasset" 5998
"../../../Engine/Content/EngineMaterials/Substrate/GLints/dict_16_192_64_0p5_0p02_0047_0011.uasset" 5999
"../../../Engine/Content/EngineMaterials/Substrate/GLints/dict_16_192_64_0p5_0p02_0047_0012.uasset" 6000
"/Engine/EngineMaterials/Substrate/GLints/dict_16_192_64_0p5_0p02_0046_0013" 6001
"../../../Engine/Content/EngineMaterials/Substrate/GLints/dict_16_192_64_0p5_0p02_0047_0013.uasset" 6002
"../../../Engine/Content/EngineMaterials/Substrate/GLints/dict_16_192_64_0p5_0p02_0047_0014.uasset" 6003
"/Engine/EngineMaterials/Substrate/GLints/dict_16_192_64_0p5_0p02_0046_0012" 6004
"../../../Engine/Content/EngineMaterials/Substrate/GLints/dict_16_192_64_0p5_0p02_0047_0015.uasset" 6005
"../../../Engine/Content/EngineMaterials/Substrate/GLints/dict_16_192_64_0p5_0p02_0048_0000.uasset" 6006
"/Engine/EngineMaterials/Substrate/GLints/dict_16_192_64_0p5_0p02_0046_0011" 6007
"../../../Engine/Content/EngineMaterials/Substrate/GLints/dict_16_192_64_0p5_0p02_0048_0001.uasset" 6008
"../../../Engine/Content/EngineMaterials/Substrate/GLints/dict_16_192_64_0p5_0p02_0048_0002.uasset" 6009
"/Engine/EngineMaterials/Substrate/GLints/dict_16_192_64_0p5_0p02_0046_0010" 6010
"../../../Engine/Content/EngineMaterials/Substrate/GLints/dict_16_192_64_0p5_0p02_0048_0003.uasset" 6011
"/Engine/EngineMaterials/Substrate/GLints/dict_16_192_64_0p5_0p02_0046_0003" 6012
"../../../Engine/Content/EngineMaterials/Substrate/GLints/dict_16_192_64_0p5_0p02_0048_0004.uasset" 6013
"../../../Engine/Content/EngineMaterials/Substrate/GLints/dict_16_192_64_0p5_0p02_0048_0005.uasset" 6014
"/Engine/EngineMaterials/Substrate/GLints/dict_16_192_64_0p5_0p02_0047_0004" 6015
"../../../Engine/Content/EngineMaterials/Substrate/GLints/dict_16_192_64_0p5_0p02_0048_0006.uasset" 6016
"../../../Engine/Content/EngineMaterials/Substrate/GLints/dict_16_192_64_0p5_0p02_0048_0007.uasset" 6017
"/Engine/EngineMaterials/Substrate/GLints/dict_16_192_64_0p5_0p02_0047_0003" 6018
"../../../Engine/Content/EngineMaterials/Substrate/GLints/dict_16_192_64_0p5_0p02_0048_0008.uasset" 6019
"/Engine/EngineMaterials/Substrate/GLints/dict_16_192_64_0p5_0p02_0047_0002" 6020
"/Engine/EngineMaterials/Substrate/GLints/dict_16_192_64_0p5_0p02_0048_0008" 6021
"../../../Engine/Content/EngineMaterials/Substrate/GLints/dict_16_192_64_0p5_0p02_0048_0009.uasset" 6022
"../../../Engine/Content/EngineMaterials/Substrate/GLints/dict_16_192_64_0p5_0p02_0048_0010.uasset" 6023
"/Engine/EngineMaterials/Substrate/GLints/dict_16_192_64_0p5_0p02_0047_0014" 6024
"../../../Engine/Content/EngineMaterials/Substrate/GLints/dict_16_192_64_0p5_0p02_0048_0012.uasset" 6025
"../../../Engine/Content/EngineMaterials/Substrate/GLints/dict_16_192_64_0p5_0p02_0048_0011.uasset" 6026
"/Engine/EngineMaterials/Substrate/GLints/dict_16_192_64_0p5_0p02_0047_0013" 6027
"../../../Engine/Content/EngineMaterials/Substrate/GLints/dict_16_192_64_0p5_0p02_0048_0013.uasset" 6028
"../../../Engine/Content/EngineMaterials/Substrate/GLints/dict_16_192_64_0p5_0p02_0048_0014.uasset" 6029
"/Engine/EngineMaterials/Substrate/GLints/dict_16_192_64_0p5_0p02_0047_0012" 6030
"../../../Engine/Content/EngineMaterials/Substrate/GLints/dict_16_192_64_0p5_0p02_0049_0000.uasset" 6031
"../../../Engine/Content/EngineMaterials/Substrate/GLints/dict_16_192_64_0p5_0p02_0048_0015.uasset" 6032
"/Engine/EngineMaterials/Substrate/GLints/dict_16_192_64_0p5_0p02_0047_0011" 6033
"../../../Engine/Content/EngineMaterials/Substrate/GLints/dict_16_192_64_0p5_0p02_0049_0001.uasset" 6034
"../../../Engine/Content/EngineMaterials/Substrate/GLints/dict_16_192_64_0p5_0p02_0049_0002.uasset" 6035
"/Engine/EngineMaterials/Substrate/GLints/dict_16_192_64_0p5_0p02_0047_0010" 6036
"../../../Engine/Content/EngineMaterials/Substrate/GLints/dict_16_192_64_0p5_0p02_0049_0003.uasset" 6037
"../../../Engine/Content/EngineMaterials/Substrate/GLints/dict_16_192_64_0p5_0p02_0049_0004.uasset" 6038
"/Engine/EngineMaterials/Substrate/GLints/dict_16_192_64_0p5_0p02_0047_0009" 6039
"/Engine/EngineMaterials/Substrate/GLints/dict_16_192_64_0p5_0p02_0047_0008" 6040
"/Engine/EngineMaterials/Substrate/GLints/dict_16_192_64_0p5_0p02_0048_0007" 6041
"/Engine/EngineMaterials/Substrate/GLints/dict_16_192_64_0p5_0p02_0048_0006" 6042
"/Engine/EngineMaterials/Substrate/GLints/dict_16_192_64_0p5_0p02_0048_0005" 6043
"/Engine/EngineMaterials/Substrate/GLints/dict_16_192_64_0p5_0p02_0048_0004" 6044
"/Engine/EngineMaterials/Substrate/GLints/dict_16_192_64_0p5_0p02_0048_0003" 6045
"/Engine/EngineMaterials/Substrate/GLints/dict_16_192_64_0p5_0p02_0048_0002" 6046
"/Engine/EngineMaterials/Substrate/GLints/dict_16_192_64_0p5_0p02_0048_0001" 6047
"/Engine/EngineMaterials/Substrate/GLints/dict_16_192_64_0p5_0p02_0048_0000" 6048
"/Engine/EngineMaterials/Substrate/GLints/dict_16_192_64_0p5_0p02_0047_0015" 6049
"/Engine/EngineMaterials/Substrate/GLints/dict_16_192_64_0p5_0p02_0047_0007" 6050
"/Engine/EngineMaterials/Substrate/GLints/dict_16_192_64_0p5_0p02_0047_0006" 6051
"/Engine/EngineMaterials/Substrate/GLints/dict_16_192_64_0p5_0p02_0047_0005" 6052
"/Engine/EngineMaterials/Substrate/GLints/dict_16_192_64_0p5_0p02_0049_0004" 6053
"../../../Engine/Content/EngineMaterials/Substrate/GLints/dict_16_192_64_0p5_0p02_0049_0006.uasset" 6054
"../../../Engine/Content/EngineMaterials/Substrate/GLints/dict_16_192_64_0p5_0p02_0049_0005.uasset" 6055
"/Engine/EngineMaterials/Substrate/GLints/dict_16_192_64_0p5_0p02_0049_0003" 6056
"../../../Engine/Content/EngineMaterials/Substrate/GLints/dict_16_192_64_0p5_0p02_0049_0007.uasset" 6057
"../../../Engine/Content/EngineMaterials/Substrate/GLints/dict_16_192_64_0p5_0p02_0049_0008.uasset" 6058
"/Engine/EngineMaterials/Substrate/GLints/dict_16_192_64_0p5_0p02_0049_0002" 6059
"../../../Engine/Content/EngineMaterials/Substrate/GLints/dict_16_192_64_0p5_0p02_0049_0009.uasset" 6060
"../../../Engine/Content/EngineMaterials/Substrate/GLints/dict_16_192_64_0p5_0p02_0049_0010.uasset" 6061
"/Engine/EngineMaterials/Substrate/GLints/dict_16_192_64_0p5_0p02_0049_0001" 6062
"/Engine/EngineMaterials/Substrate/GLints/dict_16_192_64_0p5_0p02_0049_0000" 6063
"../../../Engine/Content/EngineMaterials/Substrate/GLints/dict_16_192_64_0p5_0p02_0049_0011.uasset" 6064
"../../../Engine/Content/EngineMaterials/Substrate/GLints/dict_16_192_64_0p5_0p02_0049_0012.uasset" 6065
"/Engine/EngineMaterials/Substrate/GLints/dict_16_192_64_0p5_0p02_0048_0015" 6066
"../../../Engine/Content/EngineMaterials/Substrate/GLints/dict_16_192_64_0p5_0p02_0049_0013.uasset" 6067
"../../../Engine/Content/EngineMaterials/Substrate/GLints/dict_16_192_64_0p5_0p02_0049_0014.uasset" 6068
"/Engine/EngineMaterials/Substrate/GLints/dict_16_192_64_0p5_0p02_0048_0014" 6069
"../../../Engine/Content/EngineMaterials/Substrate/GLints/dict_16_192_64_0p5_0p02_0049_0015.uasset" 6070
"../../../Engine/Content/EngineMaterials/Substrate/GLints/dict_16_192_64_0p5_0p02_0050_0000.uasset" 6071
"/Engine/EngineMaterials/Substrate/GLints/dict_16_192_64_0p5_0p02_0048_0013" 6072
"../../../Engine/Content/EngineMaterials/Substrate/GLints/dict_16_192_64_0p5_0p02_0050_0001.uasset" 6073
"/Engine/EngineMaterials/Substrate/GLints/dict_16_192_64_0p5_0p02_0048_0012" 6074
"../../../Engine/Content/EngineMaterials/Substrate/GLints/dict_16_192_64_0p5_0p02_0050_0002.uasset" 6075
"/Engine/EngineMaterials/Substrate/GLints/dict_16_192_64_0p5_0p02_0048_0011" 6076
"../../../Engine/Content/EngineMaterials/Substrate/GLints/dict_16_192_64_0p5_0p02_0050_0003.uasset" 6077
"../../../Engine/Content/EngineMaterials/Substrate/GLints/dict_16_192_64_0p5_0p02_0050_0004.uasset" 6078
"/Engine/EngineMaterials/Substrate/GLints/dict_16_192_64_0p5_0p02_0048_0010" 6079
"../../../Engine/Content/EngineMaterials/Substrate/GLints/dict_16_192_64_0p5_0p02_0050_0005.uasset" 6080
"../../../Engine/Content/EngineMaterials/Substrate/GLints/dict_16_192_64_0p5_0p02_0050_0006.uasset" 6081
"/Engine/EngineMaterials/Substrate/GLints/dict_16_192_64_0p5_0p02_0048_0009" 6082
"../../../Engine/Content/EngineMaterials/Substrate/GLints/dict_16_192_64_0p5_0p02_0050_0007.uasset" 6083
"../../../Engine/Content/EngineMaterials/Substrate/GLints/dict_16_192_64_0p5_0p02_0050_0008.uasset" 6084
"/Engine/EngineMaterials/Substrate/GLints/dict_16_192_64_0p5_0p02_0050_0006" 6085
"../../../Engine/Content/EngineMaterials/Substrate/GLints/dict_16_192_64_0p5_0p02_0050_0009.uasset" 6086
"../../../Engine/Content/EngineMaterials/Substrate/GLints/dict_16_192_64_0p5_0p02_0050_0010.uasset" 6087
"../../../Engine/Content/EngineMaterials/Substrate/GLints/dict_16_192_64_0p5_0p02_0050_0011.uasset" 6088
"/Engine/EngineMaterials/Substrate/GLints/dict_16_192_64_0p5_0p02_0050_0005" 6089
"../../../Engine/Content/EngineMaterials/Substrate/GLints/dict_16_192_64_0p5_0p02_0050_0012.uasset" 6090
"../../../Engine/Content/EngineMaterials/Substrate/GLints/dict_16_192_64_0p5_0p02_0050_0013.uasset" 6091
"/Engine/EngineMaterials/Substrate/GLints/dict_16_192_64_0p5_0p02_0050_0004" 6092
"../../../Engine/Content/EngineMaterials/Substrate/GLints/dict_16_192_64_0p5_0p02_0050_0014.uasset" 6093
"../../../Engine/Content/EngineMaterials/Substrate/GLints/dict_16_192_64_0p5_0p02_0050_0015.uasset" 6094
"../../../Engine/Content/EngineMaterials/Substrate/GLints/dict_16_192_64_0p5_0p02_0051_0000.uasset" 6095
"/Engine/EngineMaterials/Substrate/GLints/dict_16_192_64_0p5_0p02_0050_0003" 6096
"../../../Engine/Content/EngineMaterials/Substrate/GLints/dict_16_192_64_0p5_0p02_0051_0001.uasset" 6097
"../../../Engine/Content/EngineMaterials/Substrate/GLints/dict_16_192_64_0p5_0p02_0051_0002.uasset" 6098
"../../../Engine/Content/EngineMaterials/Substrate/GLints/dict_16_192_64_0p5_0p02_0051_0003.uasset" 6099
"/Engine/EngineMaterials/Substrate/GLints/dict_16_192_64_0p5_0p02_0050_0002" 6100
"../../../Engine/Content/EngineMaterials/Substrate/GLints/dict_16_192_64_0p5_0p02_0051_0004.uasset" 6101
"/Engine/EngineMaterials/Substrate/GLints/dict_16_192_64_0p5_0p02_0050_0001" 6102
"/Engine/EngineMaterials/Substrate/GLints/dict_16_192_64_0p5_0p02_0050_0000" 6103
"/Engine/EngineMaterials/Substrate/GLints/dict_16_192_64_0p5_0p02_0049_0015" 6104
"/Engine/EngineMaterials/Substrate/GLints/dict_16_192_64_0p5_0p02_0049_0014" 6105
"/Engine/EngineMaterials/Substrate/GLints/dict_16_192_64_0p5_0p02_0049_0013" 6106
"/Engine/EngineMaterials/Substrate/GLints/dict_16_192_64_0p5_0p02_0049_0012" 6107
"/Engine/EngineMaterials/Substrate/GLints/dict_16_192_64_0p5_0p02_0049_0011" 6108
"/Engine/EngineMaterials/Substrate/GLints/dict_16_192_64_0p5_0p02_0049_0010" 6109
"/Engine/EngineMaterials/Substrate/GLints/dict_16_192_64_0p5_0p02_0049_0009" 6110
"/Engine/EngineMaterials/Substrate/GLints/dict_16_192_64_0p5_0p02_0049_0008" 6111
"/Engine/EngineMaterials/Substrate/GLints/dict_16_192_64_0p5_0p02_0049_0007" 6112
"/Engine/EngineMaterials/Substrate/GLints/dict_16_192_64_0p5_0p02_0049_0006" 6113
"/Engine/EngineMaterials/Substrate/GLints/dict_16_192_64_0p5_0p02_0049_0005" 6114
"/Engine/EngineMaterials/Substrate/GLints/dict_16_192_64_0p5_0p02_0050_0008" 6115
"../../../Engine/Content/EngineMaterials/Substrate/GLints/dict_16_192_64_0p5_0p02_0051_0005.uasset" 6116
"../../../Engine/Content/EngineMaterials/Substrate/GLints/dict_16_192_64_0p5_0p02_0051_0006.uasset" 6117
"/Engine/EngineMaterials/Substrate/GLints/dict_16_192_64_0p5_0p02_0050_0007" 6118
"../../../Engine/Content/EngineMaterials/Substrate/GLints/dict_16_192_64_0p5_0p02_0051_0007.uasset" 6119
"../../../Engine/Content/EngineMaterials/Substrate/GLints/dict_16_192_64_0p5_0p02_0051_0008.uasset" 6120
"/Engine/EngineMaterials/Substrate/GLints/dict_16_192_64_0p5_0p02_0051_0004" 6121
"../../../Engine/Content/EngineMaterials/Substrate/GLints/dict_16_192_64_0p5_0p02_0051_0009.uasset" 6122
"../../../Engine/Content/EngineMaterials/Substrate/GLints/dict_16_192_64_0p5_0p02_0051_0010.uasset" 6123
"/Engine/EngineMaterials/Substrate/GLints/dict_16_192_64_0p5_0p02_0051_0003" 6124
"../../../Engine/Content/EngineMaterials/Substrate/GLints/dict_16_192_64_0p5_0p02_0051_0011.uasset" 6125
"../../../Engine/Content/EngineMaterials/Substrate/GLints/dict_16_192_64_0p5_0p02_0051_0012.uasset" 6126
"/Engine/EngineMaterials/Substrate/GLints/dict_16_192_64_0p5_0p02_0051_0002" 6127
"../../../Engine/Content/EngineMaterials/Substrate/GLints/dict_16_192_64_0p5_0p02_0051_0013.uasset" 6128
"/Engine/EngineMaterials/Substrate/GLints/dict_16_192_64_0p5_0p02_0051_0001" 6129
"../../../Engine/Content/EngineMaterials/Substrate/GLints/dict_16_192_64_0p5_0p02_0051_0014.uasset" 6130
"../../../Engine/Content/EngineMaterials/Substrate/GLints/dict_16_192_64_0p5_0p02_0051_0015.uasset" 6131
"/Engine/EngineMaterials/Substrate/GLints/dict_16_192_64_0p5_0p02_0051_0000" 6132
"../../../Engine/Content/EngineMaterials/Substrate/GLints/dict_16_192_64_0p5_0p02_0052_0000.uasset" 6133
"/Engine/EngineMaterials/Substrate/GLints/dict_16_192_64_0p5_0p02_0050_0015" 6134
"../../../Engine/Content/EngineMaterials/Substrate/GLints/dict_16_192_64_0p5_0p02_0052_0001.uasset" 6135
"../../../Engine/Content/EngineMaterials/Substrate/GLints/dict_16_192_64_0p5_0p02_0052_0002.uasset" 6136
"/Engine/EngineMaterials/Substrate/GLints/dict_16_192_64_0p5_0p02_0050_0014" 6137
"../../../Engine/Content/EngineMaterials/Substrate/GLints/dict_16_192_64_0p5_0p02_0052_0003.uasset" 6138
"../../../Engine/Content/EngineMaterials/Substrate/GLints/dict_16_192_64_0p5_0p02_0052_0004.uasset" 6139
"/Engine/EngineMaterials/Substrate/GLints/dict_16_192_64_0p5_0p02_0050_0013" 6140
"../../../Engine/Content/EngineMaterials/Substrate/GLints/dict_16_192_64_0p5_0p02_0052_0005.uasset" 6141
"../../../Engine/Content/EngineMaterials/Substrate/GLints/dict_16_192_64_0p5_0p02_0052_0006.uasset" 6142
"/Engine/EngineMaterials/Substrate/GLints/dict_16_192_64_0p5_0p02_0050_0012" 6143
"/Engine/EngineMaterials/Substrate/GLints/dict_16_192_64_0p5_0p02_0050_0011" 6144
"/Engine/EngineMaterials/Substrate/GLints/dict_16_192_64_0p5_0p02_0050_0010" 6145
"/Engine/EngineMaterials/Substrate/GLints/dict_16_192_64_0p5_0p02_0050_0009" 6146
"/Engine/EngineMaterials/Substrate/GLints/dict_16_192_64_0p5_0p02_0052_0006" 6147
"../../../Engine/Content/EngineMaterials/Substrate/GLints/dict_16_192_64_0p5_0p02_0052_0008.uasset" 6148
"../../../Engine/Content/EngineMaterials/Substrate/GLints/dict_16_192_64_0p5_0p02_0052_0007.uasset" 6149
"/Engine/EngineMaterials/Substrate/GLints/dict_16_192_64_0p5_0p02_0052_0005" 6150
"../../../Engine/Content/EngineMaterials/Substrate/GLints/dict_16_192_64_0p5_0p02_0052_0009.uasset" 6151
"../../../Engine/Content/EngineMaterials/Substrate/GLints/dict_16_192_64_0p5_0p02_0052_0010.uasset" 6152
"/Engine/EngineMaterials/Substrate/GLints/dict_16_192_64_0p5_0p02_0052_0004" 6153
"../../../Engine/Content/EngineMaterials/Substrate/GLints/dict_16_192_64_0p5_0p02_0052_0011.uasset" 6154
"../../../Engine/Content/EngineMaterials/Substrate/GLints/dict_16_192_64_0p5_0p02_0052_0012.uasset" 6155
"/Engine/EngineMaterials/Substrate/GLints/dict_16_192_64_0p5_0p02_0052_0003" 6156
"../../../Engine/Content/EngineMaterials/Substrate/GLints/dict_16_192_64_0p5_0p02_0052_0013.uasset" 6157
"../../../Engine/Content/EngineMaterials/Substrate/GLints/dict_16_192_64_0p5_0p02_0052_0014.uasset" 6158
"/Engine/EngineMaterials/Substrate/GLints/dict_16_192_64_0p5_0p02_0052_0002" 6159
"../../../Engine/Content/EngineMaterials/Substrate/GLints/dict_16_192_64_0p5_0p02_0052_0015.uasset" 6160
"/Engine/EngineMaterials/Substrate/GLints/dict_16_192_64_0p5_0p02_0052_0001" 6161
"../../../Engine/Content/EngineMaterials/Substrate/GLints/dict_16_192_64_0p5_0p02_0053_0000.uasset" 6162
"../../../Engine/Content/EngineMaterials/Substrate/GLints/dict_16_192_64_0p5_0p02_0053_0001.uasset" 6163
"/Engine/EngineMaterials/Substrate/GLints/dict_16_192_64_0p5_0p02_0052_0000" 6164
"../../../Engine/Content/EngineMaterials/Substrate/GLints/dict_16_192_64_0p5_0p02_0053_0002.uasset" 6165
"/Engine/EngineMaterials/Substrate/GLints/dict_16_192_64_0p5_0p02_0051_0015" 6166
"../../../Engine/Content/EngineMaterials/Substrate/GLints/dict_16_192_64_0p5_0p02_0053_0003.uasset" 6167
"../../../Engine/Content/EngineMaterials/Substrate/GLints/dict_16_192_64_0p5_0p02_0053_0004.uasset" 6168
"/Engine/EngineMaterials/Substrate/GLints/dict_16_192_64_0p5_0p02_0051_0014" 6169
"/Engine/EngineMaterials/Substrate/GLints/dict_16_192_64_0p5_0p02_0051_0013" 6170
"/Engine/EngineMaterials/Substrate/GLints/dict_16_192_64_0p5_0p02_0051_0012" 6171
"/Engine/EngineMaterials/Substrate/GLints/dict_16_192_64_0p5_0p02_0051_0011" 6172
"/Engine/EngineMaterials/Substrate/GLints/dict_16_192_64_0p5_0p02_0051_0010" 6173
"/Engine/EngineMaterials/Substrate/GLints/dict_16_192_64_0p5_0p02_0051_0009" 6174
"/Engine/EngineMaterials/Substrate/GLints/dict_16_192_64_0p5_0p02_0051_0008" 6175
"/Engine/EngineMaterials/Substrate/GLints/dict_16_192_64_0p5_0p02_0051_0007" 6176
"/Engine/EngineMaterials/Substrate/GLints/dict_16_192_64_0p5_0p02_0051_0006" 6177
"/Engine/EngineMaterials/Substrate/GLints/dict_16_192_64_0p5_0p02_0051_0005" 6178
"/Engine/EngineMaterials/Substrate/GLints/dict_16_192_64_0p5_0p02_0053_0004" 6179
"../../../Engine/Content/EngineMaterials/Substrate/GLints/dict_16_192_64_0p5_0p02_0053_0005.uasset" 6180
"../../../Engine/Content/EngineMaterials/Substrate/GLints/dict_16_192_64_0p5_0p02_0053_0006.uasset" 6181
"/Engine/EngineMaterials/Substrate/GLints/dict_16_192_64_0p5_0p02_0053_0003" 6182
"../../../Engine/Content/EngineMaterials/Substrate/GLints/dict_16_192_64_0p5_0p02_0053_0007.uasset" 6183
"../../../Engine/Content/EngineMaterials/Substrate/GLints/dict_16_192_64_0p5_0p02_0053_0008.uasset" 6184
"/Engine/EngineMaterials/Substrate/GLints/dict_16_192_64_0p5_0p02_0053_0002" 6185
"../../../Engine/Content/EngineMaterials/Substrate/GLints/dict_16_192_64_0p5_0p02_0053_0010.uasset" 6186
"../../../Engine/Content/EngineMaterials/Substrate/GLints/dict_16_192_64_0p5_0p02_0053_0009.uasset" 6187
"/Engine/EngineMaterials/Substrate/GLints/dict_16_192_64_0p5_0p02_0053_0001" 6188
"../../../Engine/Content/EngineMaterials/Substrate/GLints/dict_16_192_64_0p5_0p02_0053_0012.uasset" 6189
"../../../Engine/Content/EngineMaterials/Substrate/GLints/dict_16_192_64_0p5_0p02_0053_0011.uasset" 6190
"/Engine/EngineMaterials/Substrate/GLints/dict_16_192_64_0p5_0p02_0053_0000" 6191
"../../../Engine/Content/EngineMaterials/Substrate/GLints/dict_16_192_64_0p5_0p02_0053_0014.uasset" 6192
"../../../Engine/Content/EngineMaterials/Substrate/GLints/dict_16_192_64_0p5_0p02_0053_0013.uasset" 6193
"/Engine/EngineMaterials/Substrate/GLints/dict_16_192_64_0p5_0p02_0052_0015" 6194
"/Engine/EngineMaterials/Substrate/GLints/dict_16_192_64_0p5_0p02_0052_0014" 6195
"../../../Engine/Content/EngineMaterials/Substrate/GLints/dict_16_192_64_0p5_0p02_0054_0000.uasset" 6196
"../../../Engine/Content/EngineMaterials/Substrate/GLints/dict_16_192_64_0p5_0p02_0053_0015.uasset" 6197
"/Engine/EngineMaterials/Substrate/GLints/dict_16_192_64_0p5_0p02_0052_0013" 6198
"../../../Engine/Content/EngineMaterials/Substrate/GLints/dict_16_192_64_0p5_0p02_0054_0001.uasset" 6199
"/Engine/EngineMaterials/Substrate/GLints/dict_16_192_64_0p5_0p02_0052_0012" 6200
"../../../Engine/Content/EngineMaterials/Substrate/GLints/dict_16_192_64_0p5_0p02_0054_0002.uasset" 6201
"/Engine/EngineMaterials/Substrate/GLints/dict_16_192_64_0p5_0p02_0052_0011" 6202
"../../../Engine/Content/EngineMaterials/Substrate/GLints/dict_16_192_64_0p5_0p02_0054_0003.uasset" 6203
"/Engine/EngineMaterials/Substrate/GLints/dict_16_192_64_0p5_0p02_0052_0010" 6204
"/Engine/EngineMaterials/Substrate/GLints/dict_16_192_64_0p5_0p02_0052_0009" 6205
"../../../Engine/Content/EngineMaterials/Substrate/GLints/dict_16_192_64_0p5_0p02_0054_0004.uasset" 6206
"/Engine/EngineMaterials/Substrate/GLints/dict_16_192_64_0p5_0p02_0052_0008" 6207
"../../../Engine/Content/EngineMaterials/Substrate/GLints/dict_16_192_64_0p5_0p02_0054_0005.uasset" 6208
"/Engine/EngineMaterials/Substrate/GLints/dict_16_192_64_0p5_0p02_0052_0007" 6209
"../../../Engine/Content/EngineMaterials/Substrate/GLints/dict_16_192_64_0p5_0p02_0054_0006.uasset" 6210
"/Engine/EngineMaterials/Substrate/GLints/dict_16_192_64_0p5_0p02_0054_0005" 6211
"../../../Engine/Content/EngineMaterials/Substrate/GLints/dict_16_192_64_0p5_0p02_0054_0007.uasset" 6212
"/Engine/EngineMaterials/Substrate/GLints/dict_16_192_64_0p5_0p02_0054_0004" 6213
"../../../Engine/Content/EngineMaterials/Substrate/GLints/dict_16_192_64_0p5_0p02_0054_0008.uasset" 6214
"../../../Engine/Content/EngineMaterials/Substrate/GLints/dict_16_192_64_0p5_0p02_0054_0010.uasset" 6215
"../../../Engine/Content/EngineMaterials/Substrate/GLints/dict_16_192_64_0p5_0p02_0054_0009.uasset" 6216
"/Engine/EngineMaterials/Substrate/GLints/dict_16_192_64_0p5_0p02_0054_0003" 6217
"../../../Engine/Content/EngineMaterials/Substrate/GLints/dict_16_192_64_0p5_0p02_0054_0011.uasset" 6218
"../../../Engine/Content/EngineMaterials/Substrate/GLints/dict_16_192_64_0p5_0p02_0054_0012.uasset" 6219
"../../../Engine/Content/EngineMaterials/Substrate/GLints/dict_16_192_64_0p5_0p02_0054_0013.uasset" 6220
"../../../Engine/Content/EngineMaterials/Substrate/GLints/dict_16_192_64_0p5_0p02_0054_0014.uasset" 6221
"/Engine/EngineMaterials/Substrate/GLints/dict_16_192_64_0p5_0p02_0054_0002" 6222
"../../../Engine/Content/EngineMaterials/Substrate/GLints/dict_16_192_64_0p5_0p02_0054_0015.uasset" 6223
"../../../Engine/Content/EngineMaterials/Substrate/GLints/dict_16_192_64_0p5_0p02_0055_0001.uasset" 6224
"../../../Engine/Content/EngineMaterials/Substrate/GLints/dict_16_192_64_0p5_0p02_0055_0000.uasset" 6225
"../../../Engine/Content/EngineMaterials/Substrate/GLints/dict_16_192_64_0p5_0p02_0055_0002.uasset" 6226
"../../../Engine/Content/EngineMaterials/Substrate/GLints/dict_16_192_64_0p5_0p02_0055_0003.uasset" 6227
"../../../Engine/Content/EngineMaterials/Substrate/GLints/dict_16_192_64_0p5_0p02_0055_0004.uasset" 6228
"/Engine/EngineMaterials/Substrate/GLints/dict_16_192_64_0p5_0p02_0054_0001" 6229
"/Engine/EngineMaterials/Substrate/GLints/dict_16_192_64_0p5_0p02_0054_0000" 6230
"/Engine/EngineMaterials/Substrate/GLints/dict_16_192_64_0p5_0p02_0053_0014" 6231
"/Engine/EngineMaterials/Substrate/GLints/dict_16_192_64_0p5_0p02_0053_0013" 6232
"/Engine/EngineMaterials/Substrate/GLints/dict_16_192_64_0p5_0p02_0053_0012" 6233
"/Engine/EngineMaterials/Substrate/GLints/dict_16_192_64_0p5_0p02_0053_0011" 6234
"/Engine/EngineMaterials/Substrate/GLints/dict_16_192_64_0p5_0p02_0053_0010" 6235
"/Engine/EngineMaterials/Substrate/GLints/dict_16_192_64_0p5_0p02_0053_0009" 6236
"/Engine/EngineMaterials/Substrate/GLints/dict_16_192_64_0p5_0p02_0053_0008" 6237
"/Engine/EngineMaterials/Substrate/GLints/dict_16_192_64_0p5_0p02_0053_0007" 6238
"/Engine/EngineMaterials/Substrate/GLints/dict_16_192_64_0p5_0p02_0053_0006" 6239
"/Engine/EngineMaterials/Substrate/GLints/dict_16_192_64_0p5_0p02_0053_0005" 6240
"/Engine/EngineMaterials/Substrate/GLints/dict_16_192_64_0p5_0p02_0055_0004" 6241
"../../../Engine/Content/EngineMaterials/Substrate/GLints/dict_16_192_64_0p5_0p02_0055_0005.uasset" 6242
"../../../Engine/Content/EngineMaterials/Substrate/GLints/dict_16_192_64_0p5_0p02_0055_0006.uasset" 6243
"../../../Engine/Content/EngineMaterials/Substrate/GLints/dict_16_192_64_0p5_0p02_0055_0007.uasset" 6244
"/Engine/EngineMaterials/Substrate/GLints/dict_16_192_64_0p5_0p02_0055_0003" 6245
"../../../Engine/Content/EngineMaterials/Substrate/GLints/dict_16_192_64_0p5_0p02_0055_0008.uasset" 6246
"/Engine/EngineMaterials/Substrate/GLints/dict_16_192_64_0p5_0p02_0054_0006" 6247
"../../../Engine/Content/EngineMaterials/Substrate/GLints/dict_16_192_64_0p5_0p02_0055_0009.uasset" 6248
"../../../Engine/Content/EngineMaterials/Substrate/GLints/dict_16_192_64_0p5_0p02_0055_0010.uasset" 6249
"../../../Engine/Content/EngineMaterials/Substrate/GLints/dict_16_192_64_0p5_0p02_0055_0011.uasset" 6250
"../../../Engine/Content/EngineMaterials/Substrate/GLints/dict_16_192_64_0p5_0p02_0055_0012.uasset" 6251
"/Engine/EngineMaterials/Substrate/GLints/dict_16_192_64_0p5_0p02_0055_0002" 6252
"../../../Engine/Content/EngineMaterials/Substrate/GLints/dict_16_192_64_0p5_0p02_0055_0013.uasset" 6253
"../../../Engine/Content/EngineMaterials/Substrate/GLints/dict_16_192_64_0p5_0p02_0055_0014.uasset" 6254
"../../../Engine/Content/EngineMaterials/Substrate/GLints/dict_16_192_64_0p5_0p02_0055_0015.uasset" 6255
"../../../Engine/Content/EngineMaterials/Substrate/GLints/dict_16_192_64_0p5_0p02_0056_0000.uasset" 6256
"/Engine/EngineMaterials/Substrate/GLints/dict_16_192_64_0p5_0p02_0055_0001" 6257
"../../../Engine/Content/EngineMaterials/Substrate/GLints/dict_16_192_64_0p5_0p02_0056_0001.uasset" 6258
"../../../Engine/Content/EngineMaterials/Substrate/GLints/dict_16_192_64_0p5_0p02_0056_0002.uasset" 6259
"../../../Engine/Content/EngineMaterials/Substrate/GLints/dict_16_192_64_0p5_0p02_0056_0003.uasset" 6260
"../../../Engine/Content/EngineMaterials/Substrate/GLints/dict_16_192_64_0p5_0p02_0056_0004.uasset" 6261
"/Engine/EngineMaterials/Substrate/GLints/dict_16_192_64_0p5_0p02_0055_0000" 6262
"/Engine/EngineMaterials/Substrate/GLints/dict_16_192_64_0p5_0p02_0054_0015" 6263
"/Engine/EngineMaterials/Substrate/GLints/dict_16_192_64_0p5_0p02_0054_0014" 6264
"/Engine/EngineMaterials/Substrate/GLints/dict_16_192_64_0p5_0p02_0054_0013" 6265
"/Engine/EngineMaterials/Substrate/GLints/dict_16_192_64_0p5_0p02_0054_0012" 6266
"/Engine/EngineMaterials/Substrate/GLints/dict_16_192_64_0p5_0p02_0054_0011" 6267
"/Engine/EngineMaterials/Substrate/GLints/dict_16_192_64_0p5_0p02_0054_0010" 6268
"/Engine/EngineMaterials/Substrate/GLints/dict_16_192_64_0p5_0p02_0054_0009" 6269
"/Engine/EngineMaterials/Substrate/GLints/dict_16_192_64_0p5_0p02_0054_0008" 6270
"/Engine/EngineMaterials/Substrate/GLints/dict_16_192_64_0p5_0p02_0054_0007" 6271
"/Engine/EngineMaterials/Substrate/GLints/dict_16_192_64_0p5_0p02_0056_0004" 6272
"../../../Engine/Content/EngineMaterials/Substrate/GLints/dict_16_192_64_0p5_0p02_0056_0005.uasset" 6273
"../../../Engine/Content/EngineMaterials/Substrate/GLints/dict_16_192_64_0p5_0p02_0056_0006.uasset" 6274
"../../../Engine/Content/EngineMaterials/Substrate/GLints/dict_16_192_64_0p5_0p02_0056_0007.uasset" 6275
"../../../Engine/Content/EngineMaterials/Substrate/GLints/dict_16_192_64_0p5_0p02_0056_0008.uasset" 6276
"/Engine/EngineMaterials/Substrate/GLints/dict_16_192_64_0p5_0p02_0056_0003" 6277
"../../../Engine/Content/EngineMaterials/Substrate/GLints/dict_16_192_64_0p5_0p02_0056_0010.uasset" 6278
"../../../Engine/Content/EngineMaterials/Substrate/GLints/dict_16_192_64_0p5_0p02_0056_0009.uasset" 6279
"../../../Engine/Content/EngineMaterials/Substrate/GLints/dict_16_192_64_0p5_0p02_0056_0011.uasset" 6280
"../../../Engine/Content/EngineMaterials/Substrate/GLints/dict_16_192_64_0p5_0p02_0056_0012.uasset" 6281
"/Engine/EngineMaterials/Substrate/GLints/dict_16_192_64_0p5_0p02_0056_0002" 6282
"../../../Engine/Content/EngineMaterials/Substrate/GLints/dict_16_192_64_0p5_0p02_0056_0013.uasset" 6283
"../../../Engine/Content/EngineMaterials/Substrate/GLints/dict_16_192_64_0p5_0p02_0056_0014.uasset" 6284
"../../../Engine/Content/EngineMaterials/Substrate/GLints/dict_16_192_64_0p5_0p02_0056_0015.uasset" 6285
"../../../Engine/Content/EngineMaterials/Substrate/GLints/dict_16_192_64_0p5_0p02_0057_0000.uasset" 6286
"../../../Engine/Content/EngineMaterials/Substrate/GLints/dict_16_192_64_0p5_0p02_0057_0001.uasset" 6287
"../../../Engine/Content/EngineMaterials/Substrate/GLints/dict_16_192_64_0p5_0p02_0057_0002.uasset" 6288
"../../../Engine/Content/EngineMaterials/Substrate/GLints/dict_16_192_64_0p5_0p02_0057_0003.uasset" 6289
"/Engine/EngineMaterials/Substrate/GLints/dict_16_192_64_0p5_0p02_0056_0001" 6290
"/Engine/EngineMaterials/Substrate/GLints/dict_16_192_64_0p5_0p02_0056_0000" 6291
"/Engine/EngineMaterials/Substrate/GLints/dict_16_192_64_0p5_0p02_0055_0015" 6292
"/Engine/EngineMaterials/Substrate/GLints/dict_16_192_64_0p5_0p02_0055_0014" 6293
"/Engine/EngineMaterials/Substrate/GLints/dict_16_192_64_0p5_0p02_0055_0013" 6294
"/Engine/EngineMaterials/Substrate/GLints/dict_16_192_64_0p5_0p02_0055_0012" 6295
"/Engine/EngineMaterials/Substrate/GLints/dict_16_192_64_0p5_0p02_0055_0011" 6296
"/Engine/EngineMaterials/Substrate/GLints/dict_16_192_64_0p5_0p02_0055_0010" 6297
"/Engine/EngineMaterials/Substrate/GLints/dict_16_192_64_0p5_0p02_0055_0009" 6298
"/Engine/EngineMaterials/Substrate/GLints/dict_16_192_64_0p5_0p02_0055_0008" 6299
"/Engine/EngineMaterials/Substrate/GLints/dict_16_192_64_0p5_0p02_0055_0007" 6300
"/Engine/EngineMaterials/Substrate/GLints/dict_16_192_64_0p5_0p02_0055_0006" 6301
"/Engine/EngineMaterials/Substrate/GLints/dict_16_192_64_0p5_0p02_0055_0005" 6302
"/Engine/EngineMaterials/Substrate/GLints/dict_16_192_64_0p5_0p02_0057_0003" 6303
"../../../Engine/Content/EngineMaterials/Substrate/GLints/dict_16_192_64_0p5_0p02_0057_0004.uasset" 6304
"../../../Engine/Content/EngineMaterials/Substrate/GLints/dict_16_192_64_0p5_0p02_0057_0005.uasset" 6305
"../../../Engine/Content/EngineMaterials/Substrate/GLints/dict_16_192_64_0p5_0p02_0057_0006.uasset" 6306
"/Engine/EngineMaterials/Substrate/GLints/dict_16_192_64_0p5_0p02_0057_0002" 6307
"../../../Engine/Content/EngineMaterials/Substrate/GLints/dict_16_192_64_0p5_0p02_0057_0007.uasset" 6308
"../../../Engine/Content/EngineMaterials/Substrate/GLints/dict_16_192_64_0p5_0p02_0057_0008.uasset" 6309
"../../../Engine/Content/EngineMaterials/Substrate/GLints/dict_16_192_64_0p5_0p02_0057_0009.uasset" 6310
"../../../Engine/Content/EngineMaterials/Substrate/GLints/dict_16_192_64_0p5_0p02_0057_0010.uasset" 6311
"/Engine/EngineMaterials/Substrate/GLints/dict_16_192_64_0p5_0p02_0057_0001" 6312
"../../../Engine/Content/EngineMaterials/Substrate/GLints/dict_16_192_64_0p5_0p02_0057_0011.uasset" 6313
"../../../Engine/Content/EngineMaterials/Substrate/GLints/dict_16_192_64_0p5_0p02_0057_0012.uasset" 6314
"../../../Engine/Content/EngineMaterials/Substrate/GLints/dict_16_192_64_0p5_0p02_0057_0013.uasset" 6315
"../../../Engine/Content/EngineMaterials/Substrate/GLints/dict_16_192_64_0p5_0p02_0057_0014.uasset" 6316
"/Engine/EngineMaterials/Substrate/GLints/dict_16_192_64_0p5_0p02_0057_0000" 6317
"../../../Engine/Content/EngineMaterials/Substrate/GLints/dict_16_192_64_0p5_0p02_0057_0015.uasset" 6318
"../../../Engine/Content/EngineMaterials/Substrate/GLints/dict_16_192_64_0p5_0p02_0058_0000.uasset" 6319
"../../../Engine/Content/EngineMaterials/Substrate/GLints/dict_16_192_64_0p5_0p02_0058_0002.uasset" 6320
"../../../Engine/Content/EngineMaterials/Substrate/GLints/dict_16_192_64_0p5_0p02_0058_0001.uasset" 6321
"/Engine/EngineMaterials/Substrate/GLints/dict_16_192_64_0p5_0p02_0056_0015" 6322
"../../../Engine/Content/EngineMaterials/Substrate/GLints/dict_16_192_64_0p5_0p02_0058_0003.uasset" 6323
"/Engine/EngineMaterials/Substrate/GLints/dict_16_192_64_0p5_0p02_0056_0014" 6324
"/Engine/EngineMaterials/Substrate/GLints/dict_16_192_64_0p5_0p02_0056_0013" 6325
"/Engine/EngineMaterials/Substrate/GLints/dict_16_192_64_0p5_0p02_0056_0012" 6326
"/Engine/EngineMaterials/Substrate/GLints/dict_16_192_64_0p5_0p02_0056_0011" 6327
"/Engine/EngineMaterials/Substrate/GLints/dict_16_192_64_0p5_0p02_0056_0010" 6328
"/Engine/EngineMaterials/Substrate/GLints/dict_16_192_64_0p5_0p02_0056_0009" 6329
"/Engine/EngineMaterials/Substrate/GLints/dict_16_192_64_0p5_0p02_0053_0015" 6330
"/Engine/EngineMaterials/Substrate/GLints/dict_16_192_64_0p5_0p02_0056_0008" 6331
"/Engine/EngineMaterials/Substrate/GLints/dict_16_192_64_0p5_0p02_0056_0007" 6332
"/Engine/EngineMaterials/Substrate/GLints/dict_16_192_64_0p5_0p02_0056_0006" 6333
"/Engine/EngineMaterials/Substrate/GLints/dict_16_192_64_0p5_0p02_0056_0005" 6334
"/Engine/EngineMaterials/Substrate/GLints/dict_16_192_64_0p5_0p02_0058_0003" 6335
"../../../Engine/Content/EngineMaterials/Substrate/GLints/dict_16_192_64_0p5_0p02_0058_0004.uasset" 6336
"../../../Engine/Content/EngineMaterials/Substrate/GLints/dict_16_192_64_0p5_0p02_0058_0005.uasset" 6337
"/Engine/EngineMaterials/Substrate/GLints/dict_16_192_64_0p5_0p02_0058_0002" 6338
"../../../Engine/Content/EngineMaterials/Substrate/GLints/dict_16_192_64_0p5_0p02_0058_0006.uasset" 6339
"../../../Engine/Content/EngineMaterials/Substrate/GLints/dict_16_192_64_0p5_0p02_0058_0007.uasset" 6340
"/Engine/EngineMaterials/Substrate/GLints/dict_16_192_64_0p5_0p02_0058_0001" 6341
"../../../Engine/Content/EngineMaterials/Substrate/GLints/dict_16_192_64_0p5_0p02_0058_0008.uasset" 6342
"../../../Engine/Content/EngineMaterials/Substrate/GLints/dict_16_192_64_0p5_0p02_0058_0009.uasset" 6343
"/Engine/EngineMaterials/Substrate/GLints/dict_16_192_64_0p5_0p02_0058_0000" 6344
"../../../Engine/Content/EngineMaterials/Substrate/GLints/dict_16_192_64_0p5_0p02_0058_0010.uasset" 6345
"/Engine/EngineMaterials/Substrate/GLints/dict_16_192_64_0p5_0p02_0057_0015" 6346
"../../../Engine/Content/EngineMaterials/Substrate/GLints/dict_16_192_64_0p5_0p02_0058_0011.uasset" 6347
"../../../Engine/Content/EngineMaterials/Substrate/GLints/dict_16_192_64_0p5_0p02_0058_0012.uasset" 6348
"/Engine/EngineMaterials/Substrate/GLints/dict_16_192_64_0p5_0p02_0057_0014" 6349
"../../../Engine/Content/EngineMaterials/Substrate/GLints/dict_16_192_64_0p5_0p02_0058_0013.uasset" 6350
"../../../Engine/Content/EngineMaterials/Substrate/GLints/dict_16_192_64_0p5_0p02_0058_0014.uasset" 6351
"/Engine/EngineMaterials/Substrate/GLints/dict_16_192_64_0p5_0p02_0057_0013" 6352
"../../../Engine/Content/EngineMaterials/Substrate/GLints/dict_16_192_64_0p5_0p02_0058_0015.uasset" 6353
"../../../Engine/Content/EngineMaterials/Substrate/GLints/dict_16_192_64_0p5_0p02_0059_0000.uasset" 6354
"/Engine/EngineMaterials/Substrate/GLints/dict_16_192_64_0p5_0p02_0057_0012" 6355
"../../../Engine/Content/EngineMaterials/Substrate/GLints/dict_16_192_64_0p5_0p02_0059_0001.uasset" 6356
"../../../Engine/Content/EngineMaterials/Substrate/GLints/dict_16_192_64_0p5_0p02_0059_0002.uasset" 6357
"/Engine/EngineMaterials/Substrate/GLints/dict_16_192_64_0p5_0p02_0057_0011" 6358
"../../../Engine/Content/EngineMaterials/Substrate/GLints/dict_16_192_64_0p5_0p02_0059_0003.uasset" 6359
"/Engine/EngineMaterials/Substrate/GLints/dict_16_192_64_0p5_0p02_0057_0010" 6360
"/Engine/EngineMaterials/Substrate/GLints/dict_16_192_64_0p5_0p02_0057_0009" 6361
"/Engine/EngineMaterials/Substrate/GLints/dict_16_192_64_0p5_0p02_0057_0008" 6362
"/Engine/EngineMaterials/Substrate/GLints/dict_16_192_64_0p5_0p02_0057_0007" 6363
"/Engine/EngineMaterials/Substrate/GLints/dict_16_192_64_0p5_0p02_0057_0006" 6364
"/Engine/EngineMaterials/Substrate/GLints/dict_16_192_64_0p5_0p02_0057_0005" 6365
"/Engine/EngineMaterials/Substrate/GLints/dict_16_192_64_0p5_0p02_0057_0004" 6366
"/Engine/EngineMaterials/Substrate/GLints/dict_16_192_64_0p5_0p02_0059_0003" 6367
"../../../Engine/Content/EngineMaterials/Substrate/GLints/dict_16_192_64_0p5_0p02_0059_0004.uasset" 6368
"../../../Engine/Content/EngineMaterials/Substrate/GLints/dict_16_192_64_0p5_0p02_0059_0005.uasset" 6369
"/Engine/EngineMaterials/Substrate/GLints/dict_16_192_64_0p5_0p02_0059_0002" 6370
"../../../Engine/Content/EngineMaterials/Substrate/GLints/dict_16_192_64_0p5_0p02_0059_0007.uasset" 6371
"../../../Engine/Content/EngineMaterials/Substrate/GLints/dict_16_192_64_0p5_0p02_0059_0006.uasset" 6372
"/Engine/EngineMaterials/Substrate/GLints/dict_16_192_64_0p5_0p02_0059_0001" 6373
"../../../Engine/Content/EngineMaterials/Substrate/GLints/dict_16_192_64_0p5_0p02_0059_0008.uasset" 6374
"../../../Engine/Content/EngineMaterials/Substrate/GLints/dict_16_192_64_0p5_0p02_0059_0009.uasset" 6375
"/Engine/EngineMaterials/Substrate/GLints/dict_16_192_64_0p5_0p02_0059_0000" 6376
"../../../Engine/Content/EngineMaterials/Substrate/GLints/dict_16_192_64_0p5_0p02_0059_0011.uasset" 6377
"../../../Engine/Content/EngineMaterials/Substrate/GLints/dict_16_192_64_0p5_0p02_0059_0010.uasset" 6378
"/Engine/EngineMaterials/Substrate/GLints/dict_16_192_64_0p5_0p02_0058_0015" 6379
"/Engine/EngineMaterials/Substrate/GLints/dict_16_192_64_0p5_0p02_0058_0014" 6380
"../../../Engine/Content/EngineMaterials/Substrate/GLints/dict_16_192_64_0p5_0p02_0059_0012.uasset" 6381
"../../../Engine/Content/EngineMaterials/Substrate/GLints/dict_16_192_64_0p5_0p02_0059_0013.uasset" 6382
"/Engine/EngineMaterials/Substrate/GLints/dict_16_192_64_0p5_0p02_0058_0013" 6383
"../../../Engine/Content/EngineMaterials/Substrate/GLints/dict_16_192_64_0p5_0p02_0059_0014.uasset" 6384
"../../../Engine/Content/EngineMaterials/Substrate/GLints/dict_16_192_64_0p5_0p02_0059_0015.uasset" 6385
"/Engine/EngineMaterials/Substrate/GLints/dict_16_192_64_0p5_0p02_0058_0012" 6386
"../../../Engine/Content/EngineMaterials/Substrate/GLints/dict_16_192_64_0p5_0p02_0060_0000.uasset" 6387
"/Engine/EngineMaterials/Substrate/GLints/dict_16_192_64_0p5_0p02_0058_0011" 6388
"../../../Engine/Content/EngineMaterials/Substrate/GLints/dict_16_192_64_0p5_0p02_0060_0001.uasset" 6389
"../../../Engine/Content/EngineMaterials/Substrate/GLints/dict_16_192_64_0p5_0p02_0060_0002.uasset" 6390
"/Engine/EngineMaterials/Substrate/GLints/dict_16_192_64_0p5_0p02_0058_0010" 6391
"../../../Engine/Content/EngineMaterials/Substrate/GLints/dict_16_192_64_0p5_0p02_0060_0003.uasset" 6392
"/Engine/EngineMaterials/Substrate/GLints/dict_16_192_64_0p5_0p02_0058_0009" 6393
"/Engine/EngineMaterials/Substrate/GLints/dict_16_192_64_0p5_0p02_0058_0008" 6394
"/Engine/EngineMaterials/Substrate/GLints/dict_16_192_64_0p5_0p02_0058_0007" 6395
"/Engine/EngineMaterials/Substrate/GLints/dict_16_192_64_0p5_0p02_0058_0006" 6396
"/Engine/EngineMaterials/Substrate/GLints/dict_16_192_64_0p5_0p02_0058_0005" 6397
"/Engine/EngineMaterials/Substrate/GLints/dict_16_192_64_0p5_0p02_0058_0004" 6398
"/Engine/EngineMaterials/Substrate/GLints/dict_16_192_64_0p5_0p02_0060_0003" 6399
"../../../Engine/Content/EngineMaterials/Substrate/GLints/dict_16_192_64_0p5_0p02_0060_0004.uasset" 6400
"../../../Engine/Content/EngineMaterials/Substrate/GLints/dict_16_192_64_0p5_0p02_0060_0005.uasset" 6401
"../../../Engine/Content/EngineMaterials/Substrate/GLints/dict_16_192_64_0p5_0p02_0060_0006.uasset" 6402
"/Engine/EngineMaterials/Substrate/GLints/dict_16_192_64_0p5_0p02_0060_0002" 6403
"../../../Engine/Content/EngineMaterials/Substrate/GLints/dict_16_192_64_0p5_0p02_0060_0007.uasset" 6404
"../../../Engine/Content/EngineMaterials/Substrate/GLints/dict_16_192_64_0p5_0p02_0060_0009.uasset" 6405
"../../../Engine/Content/EngineMaterials/Substrate/GLints/dict_16_192_64_0p5_0p02_0060_0008.uasset" 6406
"/Engine/EngineMaterials/Substrate/GLints/dict_16_192_64_0p5_0p02_0060_0001" 6407
"../../../Engine/Content/EngineMaterials/Substrate/GLints/dict_16_192_64_0p5_0p02_0060_0010.uasset" 6408
"../../../Engine/Content/EngineMaterials/Substrate/GLints/dict_16_192_64_0p5_0p02_0060_0011.uasset" 6409
"../../../Engine/Content/EngineMaterials/Substrate/GLints/dict_16_192_64_0p5_0p02_0060_0012.uasset" 6410
"/Engine/EngineMaterials/Substrate/GLints/dict_16_192_64_0p5_0p02_0060_0000" 6411
"../../../Engine/Content/EngineMaterials/Substrate/GLints/dict_16_192_64_0p5_0p02_0060_0013.uasset" 6412
"../../../Engine/Content/EngineMaterials/Substrate/GLints/dict_16_192_64_0p5_0p02_0060_0015.uasset" 6413
"../../../Engine/Content/EngineMaterials/Substrate/GLints/dict_16_192_64_0p5_0p02_0060_0014.uasset" 6414
"/Engine/EngineMaterials/Substrate/GLints/dict_16_192_64_0p5_0p02_0059_0015" 6415
"../../../Engine/Content/EngineMaterials/Substrate/GLints/dict_16_192_64_0p5_0p02_0061_0000.uasset" 6416
"../../../Engine/Content/EngineMaterials/Substrate/GLints/dict_16_192_64_0p5_0p02_0061_0001.uasset" 6417
"../../../Engine/Content/EngineMaterials/Substrate/GLints/dict_16_192_64_0p5_0p02_0061_0002.uasset" 6418
"/Engine/EngineMaterials/Substrate/GLints/dict_16_192_64_0p5_0p02_0059_0014" 6419
"../../../Engine/Content/EngineMaterials/Substrate/GLints/dict_16_192_64_0p5_0p02_0061_0003.uasset" 6420
"/Engine/EngineMaterials/Substrate/GLints/dict_16_192_64_0p5_0p02_0059_0013" 6421
"/Engine/EngineMaterials/Substrate/GLints/dict_16_192_64_0p5_0p02_0059_0012" 6422
"/Engine/EngineMaterials/Substrate/GLints/dict_16_192_64_0p5_0p02_0059_0011" 6423
"/Engine/EngineMaterials/Substrate/GLints/dict_16_192_64_0p5_0p02_0059_0010" 6424
"/Engine/EngineMaterials/Substrate/GLints/dict_16_192_64_0p5_0p02_0059_0009" 6425
"/Engine/EngineMaterials/Substrate/GLints/dict_16_192_64_0p5_0p02_0059_0008" 6426
"/Engine/EngineMaterials/Substrate/GLints/dict_16_192_64_0p5_0p02_0059_0007" 6427
"/Engine/EngineMaterials/Substrate/GLints/dict_16_192_64_0p5_0p02_0059_0006" 6428
"/Engine/EngineMaterials/Substrate/GLints/dict_16_192_64_0p5_0p02_0059_0005" 6429
"/Engine/EngineMaterials/Substrate/GLints/dict_16_192_64_0p5_0p02_0059_0004" 6430
"../../../Engine/Content/EngineMaterials/Substrate/GLints/dict_16_192_64_0p5_0p02_0061_0004.uasset" 6431
"../../../Engine/Content/EngineMaterials/Substrate/GLints/dict_16_192_64_0p5_0p02_0061_0006.uasset" 6432
"../../../Engine/Content/EngineMaterials/Substrate/GLints/dict_16_192_64_0p5_0p02_0061_0005.uasset" 6433
"/Engine/EngineMaterials/Substrate/GLints/dict_16_192_64_0p5_0p02_0061_0003" 6434
"../../../Engine/Content/EngineMaterials/Substrate/GLints/dict_16_192_64_0p5_0p02_0061_0007.uasset" 6435
"../../../Engine/Content/EngineMaterials/Substrate/GLints/dict_16_192_64_0p5_0p02_0061_0008.uasset" 6436
"../../../Engine/Content/EngineMaterials/Substrate/GLints/dict_16_192_64_0p5_0p02_0061_0009.uasset" 6437
"/Engine/EngineMaterials/Substrate/GLints/dict_16_192_64_0p5_0p02_0061_0002" 6438
"../../../Engine/Content/EngineMaterials/Substrate/GLints/dict_16_192_64_0p5_0p02_0061_0010.uasset" 6439
"../../../Engine/Content/EngineMaterials/Substrate/GLints/dict_16_192_64_0p5_0p02_0061_0011.uasset" 6440
"../../../Engine/Content/EngineMaterials/Substrate/GLints/dict_16_192_64_0p5_0p02_0061_0012.uasset" 6441
"../../../Engine/Content/EngineMaterials/Substrate/GLints/dict_16_192_64_0p5_0p02_0061_0014.uasset" 6442
"../../../Engine/Content/EngineMaterials/Substrate/GLints/dict_16_192_64_0p5_0p02_0061_0013.uasset" 6443
"/Engine/EngineMaterials/Substrate/GLints/dict_16_192_64_0p5_0p02_0061_0001" 6444
"../../../Engine/Content/EngineMaterials/Substrate/GLints/dict_16_192_64_0p5_0p02_0061_0015.uasset" 6445
"../../../Engine/Content/EngineMaterials/Substrate/GLints/dict_16_192_64_0p5_0p02_0062_0002.uasset" 6446
"../../../Engine/Content/EngineMaterials/Substrate/GLints/dict_16_192_64_0p5_0p02_0062_0001.uasset" 6447
"../../../Engine/Content/EngineMaterials/Substrate/GLints/dict_16_192_64_0p5_0p02_0062_0000.uasset" 6448
"../../../Engine/Content/EngineMaterials/Substrate/GLints/dict_16_192_64_0p5_0p02_0062_0003.uasset" 6449
"/Engine/EngineMaterials/Substrate/GLints/dict_16_192_64_0p5_0p02_0061_0000" 6450
"/Engine/EngineMaterials/Substrate/GLints/dict_16_192_64_0p5_0p02_0060_0015" 6451
"/Engine/EngineMaterials/Substrate/GLints/dict_16_192_64_0p5_0p02_0060_0014" 6452
"/Engine/EngineMaterials/Substrate/GLints/dict_16_192_64_0p5_0p02_0060_0013" 6453
"/Engine/EngineMaterials/Substrate/GLints/dict_16_192_64_0p5_0p02_0060_0012" 6454
"/Engine/EngineMaterials/Substrate/GLints/dict_16_192_64_0p5_0p02_0060_0011" 6455
"/Engine/EngineMaterials/Substrate/GLints/dict_16_192_64_0p5_0p02_0060_0010" 6456
"/Engine/EngineMaterials/Substrate/GLints/dict_16_192_64_0p5_0p02_0060_0009" 6457
"/Engine/EngineMaterials/Substrate/GLints/dict_16_192_64_0p5_0p02_0060_0008" 6458
"/Engine/EngineMaterials/Substrate/GLints/dict_16_192_64_0p5_0p02_0060_0007" 6459
"/Engine/EngineMaterials/Substrate/GLints/dict_16_192_64_0p5_0p02_0060_0006" 6460
"/Engine/EngineMaterials/Substrate/GLints/dict_16_192_64_0p5_0p02_0060_0005" 6461
"/Engine/EngineMaterials/Substrate/GLints/dict_16_192_64_0p5_0p02_0060_0004" 6462
"/Engine/EngineMaterials/Substrate/GLints/dict_16_192_64_0p5_0p02_0062_0003" 6463
"../../../Engine/Content/EngineMaterials/Substrate/GLints/dict_16_192_64_0p5_0p02_0062_0004.uasset" 6464
"../../../Engine/Content/EngineMaterials/Substrate/GLints/dict_16_192_64_0p5_0p02_0062_0005.uasset" 6465
"../../../Engine/Content/EngineMaterials/Substrate/GLints/dict_16_192_64_0p5_0p02_0062_0006.uasset" 6466
"/Engine/EngineMaterials/Substrate/GLints/dict_16_192_64_0p5_0p02_0062_0002" 6467
"../../../Engine/Content/EngineMaterials/Substrate/GLints/dict_16_192_64_0p5_0p02_0062_0008.uasset" 6468
"../../../Engine/Content/EngineMaterials/Substrate/GLints/dict_16_192_64_0p5_0p02_0062_0007.uasset" 6469
"../../../Engine/Content/EngineMaterials/Substrate/GLints/dict_16_192_64_0p5_0p02_0062_0009.uasset" 6470
"/Engine/EngineMaterials/Substrate/GLints/dict_16_192_64_0p5_0p02_0062_0001" 6471
"../../../Engine/Content/EngineMaterials/Substrate/GLints/dict_16_192_64_0p5_0p02_0062_0010.uasset" 6472
"../../../Engine/Content/EngineMaterials/Substrate/GLints/dict_16_192_64_0p5_0p02_0062_0011.uasset" 6473
"/Engine/EngineMaterials/Substrate/GLints/dict_16_192_64_0p5_0p02_0062_0000" 6474
"../../../Engine/Content/EngineMaterials/Substrate/GLints/dict_16_192_64_0p5_0p02_0062_0012.uasset" 6475
"../../../Engine/Content/EngineMaterials/Substrate/GLints/dict_16_192_64_0p5_0p02_0062_0013.uasset" 6476
"/Engine/EngineMaterials/Substrate/GLints/dict_16_192_64_0p5_0p02_0061_0015" 6477
"../../../Engine/Content/EngineMaterials/Substrate/GLints/dict_16_192_64_0p5_0p02_0062_0014.uasset" 6478
"../../../Engine/Content/EngineMaterials/Substrate/GLints/dict_16_192_64_0p5_0p02_0062_0015.uasset" 6479
"/Engine/EngineMaterials/Substrate/GLints/dict_16_192_64_0p5_0p02_0061_0014" 6480
"../../../Engine/Content/EngineMaterials/Substrate/GLints/dict_16_192_64_0p5_0p02_0063_0000.uasset" 6481
"../../../Engine/Content/EngineMaterials/Substrate/GLints/dict_16_192_64_0p5_0p02_0063_0002.uasset" 6482
"../../../Engine/Content/EngineMaterials/Substrate/GLints/dict_16_192_64_0p5_0p02_0063_0001.uasset" 6483
"/Engine/EngineMaterials/Substrate/GLints/dict_16_192_64_0p5_0p02_0061_0013" 6484
"../../../Engine/Content/EngineMaterials/Substrate/GLints/dict_16_192_64_0p5_0p02_0063_0003.uasset" 6485
"/Engine/EngineMaterials/Substrate/GLints/dict_16_192_64_0p5_0p02_0061_0012" 6486
"/Engine/EngineMaterials/Substrate/GLints/dict_16_192_64_0p5_0p02_0061_0011" 6487
"/Engine/EngineMaterials/Substrate/GLints/dict_16_192_64_0p5_0p02_0061_0010" 6488
"/Engine/EngineMaterials/Substrate/GLints/dict_16_192_64_0p5_0p02_0061_0009" 6489
"/Engine/EngineMaterials/Substrate/GLints/dict_16_192_64_0p5_0p02_0061_0008" 6490
"/Engine/EngineMaterials/Substrate/GLints/dict_16_192_64_0p5_0p02_0061_0007" 6491
"/Engine/EngineMaterials/Substrate/GLints/dict_16_192_64_0p5_0p02_0061_0006" 6492
"/Engine/EngineMaterials/Substrate/GLints/dict_16_192_64_0p5_0p02_0061_0005" 6493
"/Engine/EngineMaterials/Substrate/GLints/dict_16_192_64_0p5_0p02_0061_0004" 6494
"/Engine/EngineMaterials/Substrate/GLints/dict_16_192_64_0p5_0p02_0063_0003" 6495
"../../../Engine/Content/EngineMaterials/Substrate/GLints/dict_16_192_64_0p5_0p02_0063_0004.uasset" 6496
"/Engine/EngineMaterials/Substrate/GLints/dict_16_192_64_0p5_0p02_0063_0002" 6497
"../../../Engine/Content/EngineMaterials/Substrate/GLints/dict_16_192_64_0p5_0p02_0063_0005.uasset" 6498
"/Engine/EngineMaterials/Substrate/GLints/dict_16_192_64_0p5_0p02_0063_0001" 6499
"../../../Engine/Content/EngineMaterials/Substrate/GLints/dict_16_192_64_0p5_0p02_0063_0006.uasset" 6500
"/Engine/EngineMaterials/Substrate/GLints/dict_16_192_64_0p5_0p02_0063_0000" 6501
"../../../Engine/Content/EngineMaterials/Substrate/GLints/dict_16_192_64_0p5_0p02_0063_0007.uasset" 6502
"/Engine/EngineMaterials/Substrate/GLints/dict_16_192_64_0p5_0p02_0062_0015" 6503
"/Engine/EngineMaterials/Substrate/GLints/dict_16_192_64_0p5_0p02_0062_0014" 6504
"../../../Engine/Content/EngineMaterials/Substrate/GLints/dict_16_192_64_0p5_0p02_0063_0008.uasset" 6505
"/Engine/EngineMaterials/Substrate/GLints/dict_16_192_64_0p5_0p02_0062_0013" 6506
"../../../Engine/Content/EngineMaterials/Substrate/GLints/dict_16_192_64_0p5_0p02_0063_0009.uasset" 6507
"/Engine/EngineMaterials/Substrate/GLints/dict_16_192_64_0p5_0p02_0062_0012" 6508
"../../../Engine/Content/EngineMaterials/Substrate/GLints/dict_16_192_64_0p5_0p02_0063_0010.uasset" 6509
"/Engine/EngineMaterials/Substrate/GLints/dict_16_192_64_0p5_0p02_0062_0011" 6510
"/Engine/EngineMaterials/Substrate/GLints/dict_16_192_64_0p5_0p02_0062_0010" 6511
"../../../Engine/Content/EngineMaterials/Substrate/GLints/dict_16_192_64_0p5_0p02_0063_0011.uasset" 6512
"/Engine/EngineMaterials/Substrate/GLints/dict_16_192_64_0p5_0p02_0062_0009" 6513
"../../../Engine/Content/EngineMaterials/Substrate/GLints/dict_16_192_64_0p5_0p02_0063_0012.uasset" 6514
"/Engine/EngineMaterials/Substrate/GLints/dict_16_192_64_0p5_0p02_0062_0007" 6515
"../../../Engine/Content/EngineMaterials/Substrate/GLints/dict_16_192_64_0p5_0p02_0063_0013.uasset" 6516
"/Engine/EngineMaterials/Substrate/GLints/dict_16_192_64_0p5_0p02_0062_0006" 6517
"/Engine/EngineMaterials/Substrate/GLints/dict_16_192_64_0p5_0p02_0062_0005" 6518
"../../../Engine/Content/EngineMaterials/Substrate/GLints/dict_16_192_64_0p5_0p02_0063_0014.uasset" 6519
"/Engine/EngineMaterials/Substrate/GLints/dict_16_192_64_0p5_0p02_0062_0004" 6520
"../../../Engine/Content/EngineMaterials/Substrate/GLints/dict_16_192_64_0p5_0p02_0063_0015.uasset" 6521
"/Engine/EngineMaterials/Substrate/GLints/dict_16_192_64_0p5_0p02_0063_0015" 6522
"../../../Engine/Content/EngineMaterials/Substrate/GLints/AGlintTex2dArray.uasset" 6523
"/Engine/EngineMaterials/Substrate/GLints/dict_16_192_64_0p5_0p02_0063_0014" 6524
"/Engine/EngineMaterials/Substrate/GLints/dict_16_192_64_0p5_0p02_0063_0013" 6525
"../../../Engine/Content/EngineMaterials/Substrate/Glints2/dict_0000_0000.uasset" 6526
"/Engine/EngineMaterials/Substrate/GLints/dict_16_192_64_0p5_0p02_0063_0012" 6527
"../../../Engine/Content/EngineMaterials/Substrate/Glints2/dict_0000_0001.uasset" 6528
"/Engine/EngineMaterials/Substrate/GLints/dict_16_192_64_0p5_0p02_0063_0011" 6529
"C:/Users/xingh/AppData/Local/Temp/UnrealShaderWorkingDir/4978E7A5472AB1D50C19DAB24456E12C/9/WorkerOutputOnly.out" 6530
"/Engine/EngineMaterials/Substrate/GLints/dict_16_192_64_0p5_0p02_0063_0010" 6531
"../../../Engine/Content/EngineMaterials/Substrate/Glints2/dict_0000_0002.uasset" 6532
"/Engine/EngineMaterials/Substrate/GLints/dict_16_192_64_0p5_0p02_0063_0009" 6533
"/Engine/EngineMaterials/Substrate/GLints/dict_16_192_64_0p5_0p02_0063_0008" 6534
"../../../Engine/Content/EngineMaterials/Substrate/Glints2/dict_0000_0003.uasset" 6535
"/Engine/EngineMaterials/Substrate/GLints/dict_16_192_64_0p5_0p02_0063_0007" 6536
"../../../Engine/Content/EngineMaterials/Substrate/Glints2/dict_0000_0004.uasset" 6537
"/Engine/EngineMaterials/Substrate/GLints/dict_16_192_64_0p5_0p02_0063_0006" 6538
"../../../Engine/Content/EngineMaterials/Substrate/Glints2/dict_0000_0005.uasset" 6539
"/Engine/EngineMaterials/Substrate/GLints/dict_16_192_64_0p5_0p02_0063_0005" 6540
"/Engine/EngineMaterials/Substrate/GLints/dict_16_192_64_0p5_0p02_0063_0004" 6541
"../../../Engine/Content/EngineMaterials/Substrate/Glints2/dict_0000_0006.uasset" 6542
"/Engine/EngineMaterials/Substrate/Glints2/dict_0000_0002" 6543
"../../../Engine/Content/EngineMaterials/Substrate/Glints2/dict_0000_0007.uasset" 6544
"/Engine/EngineMaterials/Substrate/Glints2/dict_0000_0001" 6545
"../../../Engine/Content/EngineMaterials/Substrate/Glints2/dict_0000_0008.uasset" 6546
"/Engine/EngineMaterials/Substrate/Glints2/dict_0000_0000" 6547
"/Engine/EngineMaterials/Substrate/Glints2/dict_0000_0006" 6548
"/Engine/EngineMaterials/Substrate/Glints2/dict_0000_0005" 6549
"/Engine/EngineMaterials/Substrate/Glints2/dict_0000_0004" 6550
"/Engine/EngineMaterials/Substrate/Glints2/dict_0000_0003" 6551
"/Engine/EngineMaterials/Substrate/Glints2/dict_0000_0007" 6552
"../../../Engine/Content/EngineMaterials/Substrate/Glints2/dict_0000_0010.uasset" 6553
"../../../Engine/Content/EngineMaterials/Substrate/Glints2/dict_0000_0009.uasset" 6554
"../../../Engine/Content/EngineMaterials/Substrate/Glints2/dict_0000_0012.uasset" 6555
"../../../Engine/Content/EngineMaterials/Substrate/Glints2/dict_0000_0011.uasset" 6556
"../../../Engine/Content/EngineMaterials/Substrate/Glints2/dict_0000_0013.uasset" 6557
"../../../Engine/Content/EngineMaterials/Substrate/Glints2/dict_0000_0014.uasset" 6558
"../../../Engine/Content/EngineMaterials/Substrate/Glints2/dict_0000_0015.uasset" 6559
"../../../Engine/Content/EngineMaterials/Substrate/Glints2/dict_0000_0016.uasset" 6560
"../../../Engine/Content/EngineMaterials/Substrate/Glints2/dict_0000_0017.uasset" 6561
"../../../Engine/Content/EngineMaterials/Substrate/Glints2/dict_0000_0018.uasset" 6562
"../../../Engine/Content/EngineMaterials/Substrate/Glints2/dict_0000_0019.uasset" 6563
"../../../Engine/Content/EngineMaterials/Substrate/Glints2/dict_0000_0020.uasset" 6564
"../../../Engine/Content/EngineMaterials/Substrate/Glints2/dict_0000_0021.uasset" 6565
"../../../Engine/Content/EngineMaterials/Substrate/Glints2/dict_0000_0022.uasset" 6566
"../../../Engine/Content/EngineMaterials/Substrate/Glints2/dict_0000_0023.uasset" 6567
"../../../Engine/Content/EngineMaterials/Substrate/Glints2/dict_0000_0024.uasset" 6568
"../../../Engine/Content/EngineMaterials/Substrate/Glints2/dict_0000_0025.uasset" 6569
"../../../Engine/Content/EngineMaterials/Substrate/Glints2/dict_0000_0026.uasset" 6570
"../../../Engine/Content/EngineMaterials/Substrate/Glints2/dict_0000_0027.uasset" 6571
"../../../Engine/Content/EngineMaterials/Substrate/Glints2/dict_0000_0028.uasset" 6572
"../../../Engine/Content/EngineMaterials/Substrate/Glints2/dict_0000_0029.uasset" 6573
"../../../Engine/Content/EngineMaterials/Substrate/Glints2/dict_0000_0030.uasset" 6574
"../../../Engine/Content/EngineMaterials/Substrate/Glints2/dict_0000_0031.uasset" 6575
"/Engine/EngineMaterials/Substrate/Glints2/dict_0000_0017" 6576
"../../../Engine/Content/EngineMaterials/Substrate/Glints2/dict_0000_0032.uasset" 6577
"../../../Engine/Content/EngineMaterials/Substrate/Glints2/dict_0000_0033.uasset" 6578
"../../../Engine/Content/EngineMaterials/Substrate/Glints2/dict_0000_0034.uasset" 6579
"../../../Engine/Content/EngineMaterials/Substrate/Glints2/dict_0000_0035.uasset" 6580
"/Engine/EngineMaterials/Substrate/Glints2/dict_0000_0016" 6581
"../../../Engine/Content/EngineMaterials/Substrate/Glints2/dict_0000_0036.uasset" 6582
"../../../Engine/Content/EngineMaterials/Substrate/Glints2/dict_0000_0037.uasset" 6583
"/Engine/EngineMaterials/Substrate/Glints2/dict_0000_0015" 6584
"/Engine/EngineMaterials/Substrate/Glints2/dict_0000_0029" 6585
"/Engine/EngineMaterials/Substrate/Glints2/dict_0000_0014" 6586
"/Engine/EngineMaterials/Substrate/Glints2/dict_0000_0013" 6587
"/Engine/EngineMaterials/Substrate/Glints2/dict_0000_0012" 6588
"/Engine/EngineMaterials/Substrate/Glints2/dict_0000_0011" 6589
"/Engine/EngineMaterials/Substrate/Glints2/dict_0000_0010" 6590
"/Engine/EngineMaterials/Substrate/Glints2/dict_0000_0009" 6591
"/Engine/EngineMaterials/Substrate/Glints2/dict_0000_0028" 6592
"/Engine/EngineMaterials/Substrate/Glints2/dict_0000_0027" 6593
"/Engine/EngineMaterials/Substrate/Glints2/dict_0000_0026" 6594
"/Engine/EngineMaterials/Substrate/Glints2/dict_0000_0025" 6595
"/Engine/EngineMaterials/Substrate/Glints2/dict_0000_0024" 6596
"/Engine/EngineMaterials/Substrate/Glints2/dict_0000_0023" 6597
"/Engine/EngineMaterials/Substrate/Glints2/dict_0000_0022" 6598
"/Engine/EngineMaterials/Substrate/Glints2/dict_0000_0021" 6599
"/Engine/EngineMaterials/Substrate/Glints2/dict_0000_0020" 6600
"/Engine/EngineMaterials/Substrate/Glints2/dict_0000_0019" 6601
"/Engine/EngineMaterials/Substrate/Glints2/dict_0000_0018" 6602
"../../../Engine/Content/EngineMaterials/Substrate/Glints2/dict_0000_0038.uasset" 6603
"/Engine/EngineMaterials/Substrate/Glints2/dict_0000_0036" 6604
"../../../Engine/Content/EngineMaterials/Substrate/Glints2/dict_0000_0039.uasset" 6605
"../../../Engine/Content/EngineMaterials/Substrate/Glints2/dict_0000_0040.uasset" 6606
"/Engine/EngineMaterials/Substrate/Glints2/dict_0000_0035" 6607
"../../../Engine/Content/EngineMaterials/Substrate/Glints2/dict_0000_0041.uasset" 6608
"../../../Engine/Content/EngineMaterials/Substrate/Glints2/dict_0000_0042.uasset" 6609
"../../../Engine/Content/EngineMaterials/Substrate/Glints2/dict_0000_0043.uasset" 6610
"../../../Engine/Content/EngineMaterials/Substrate/Glints2/dict_0000_0044.uasset" 6611
"/Engine/EngineMaterials/Substrate/Glints2/dict_0000_0034" 6612
"../../../Engine/Content/EngineMaterials/Substrate/Glints2/dict_0000_0045.uasset" 6613
"../../../Engine/Content/EngineMaterials/Substrate/Glints2/dict_0000_0046.uasset" 6614
"/Engine/EngineMaterials/Substrate/GLints/AGlintTex2dArray" 6615
"../../../Engine/Content/EngineMaterials/Substrate/Glints2/dict_0000_0047.uasset" 6616
"../../../Engine/Content/EngineMaterials/Substrate/Glints2/dict_0000_0048.uasset" 6617
"../../../Engine/Content/EngineMaterials/Substrate/Glints2/dict_0000_0049.uasset" 6618
"../../../Engine/Content/EngineMaterials/Substrate/Glints2/dict_0000_0051.uasset" 6619
"../../../Engine/Content/EngineMaterials/Substrate/Glints2/dict_0000_0050.uasset" 6620
"../../../Engine/Content/EngineMaterials/Substrate/Glints2/dict_0000_0052.uasset" 6621
"../../../Engine/Content/EngineMaterials/Substrate/Glints2/dict_0000_0053.uasset" 6622
"../../../Engine/Content/EngineMaterials/Substrate/Glints2/dict_0000_0054.uasset" 6623
"../../../Engine/Content/EngineMaterials/Substrate/Glints2/dict_0000_0055.uasset" 6624
"../../../Engine/Content/EngineMaterials/Substrate/Glints2/dict_0000_0056.uasset" 6625
"../../../Engine/Content/EngineMaterials/Substrate/Glints2/dict_0000_0057.uasset" 6626
"../../../Engine/Content/EngineMaterials/Substrate/Glints2/dict_0000_0058.uasset" 6627
"/Engine/EngineMaterials/Substrate/Glints2/dict_0000_0037" 6628
"/Engine/EngineMaterials/Substrate/Glints2/dict_0000_0033" 6629
"/Engine/EngineMaterials/Substrate/Glints2/dict_0000_0032" 6630
"/Engine/EngineMaterials/Substrate/Glints2/dict_0000_0031" 6631
"/Engine/EngineMaterials/Substrate/Glints2/dict_0000_0030" 6632
"../../../Engine/Content/EngineMaterials/Substrate/Glints2/dict_0000_0059.uasset" 6633
"../../../Engine/Content/EngineMaterials/Substrate/Glints2/dict_0000_0060.uasset" 6634
"../../../Engine/Content/EngineMaterials/Substrate/Glints2/dict_0000_0061.uasset" 6635
"/Engine/EngineMaterials/Substrate/Glints2/dict_0000_0058" 6636
"../../../Engine/Content/EngineMaterials/Substrate/Glints2/dict_0000_0062.uasset" 6637
"../../../Engine/Content/EngineMaterials/Substrate/Glints2/dict_0000_0063.uasset" 6638
"../../../Engine/Content/EngineMaterials/Substrate/Glints2/dict_0000_0064.uasset" 6639
"../../../Engine/Content/EngineMaterials/Substrate/Glints2/dict_0000_0065.uasset" 6640
"../../../Engine/Content/EngineMaterials/Substrate/Glints2/dict_0000_0066.uasset" 6641
"../../../Engine/Content/EngineMaterials/Substrate/Glints2/dict_0000_0067.uasset" 6642
"../../../Engine/Content/EngineMaterials/Substrate/Glints2/dict_0000_0068.uasset" 6643
"/Engine/EngineMaterials/Substrate/Glints2/dict_0000_0057" 6644
"/Engine/EngineMaterials/Substrate/Glints2/dict_0000_0056" 6645
"/Engine/EngineMaterials/Substrate/Glints2/dict_0000_0055" 6646
"/Engine/EngineMaterials/Substrate/Glints2/dict_0000_0054" 6647
"/Engine/EngineMaterials/Substrate/Glints2/dict_0000_0053" 6648
"/Engine/EngineMaterials/Substrate/Glints2/dict_0000_0052" 6649
"/Engine/EngineMaterials/Substrate/Glints2/dict_0000_0051" 6650
"/Engine/EngineMaterials/Substrate/Glints2/dict_0000_0050" 6651
"/Engine/EngineMaterials/Substrate/Glints2/dict_0000_0049" 6652
"/Engine/EngineMaterials/Substrate/Glints2/dict_0000_0008" 6653
"/Engine/EngineMaterials/Substrate/Glints2/dict_0000_0048" 6654
"/Engine/EngineMaterials/Substrate/Glints2/dict_0000_0047" 6655
"/Engine/EngineMaterials/Substrate/Glints2/dict_0000_0046" 6656
"/Engine/EngineMaterials/Substrate/Glints2/dict_0000_0045" 6657
"/Engine/EngineMaterials/Substrate/Glints2/dict_0000_0044" 6658
"/Engine/EngineMaterials/Substrate/Glints2/dict_0000_0043" 6659
"/Engine/EngineMaterials/Substrate/Glints2/dict_0000_0041" 6660
"/Engine/EngineMaterials/Substrate/Glints2/dict_0000_0040" 6661
"/Engine/EngineMaterials/Substrate/Glints2/dict_0000_0039" 6662
"/Engine/EngineMaterials/Substrate/Glints2/dict_0000_0038" 6663
"/Engine/EngineMaterials/Substrate/Glints2/dict_0000_0068" 6664
"../../../Engine/Content/EngineMaterials/Substrate/Glints2/dict_0000_0069.uasset" 6665
"../../../Engine/Content/EngineMaterials/Substrate/Glints2/dict_0000_0070.uasset" 6666
"/Engine/EngineMaterials/Substrate/Glints2/dict_0000_0067" 6667
"../../../Engine/Content/EngineMaterials/Substrate/Glints2/dict_0000_0071.uasset" 6668
"../../../Engine/Content/EngineMaterials/Substrate/Glints2/dict_0000_0072.uasset" 6669
"/Engine/EngineMaterials/Substrate/Glints2/dict_0000_0066" 6670
"/Engine/EngineMaterials/Substrate/Glints2/dict_0000_0065" 6671
"../../../Engine/Content/EngineMaterials/Substrate/Glints2/dict_0000_0073.uasset" 6672
"../../../Engine/Content/EngineMaterials/Substrate/Glints2/dict_0000_0074.uasset" 6673
"../../../Engine/Content/EngineMaterials/Substrate/Glints2/dict_0000_0075.uasset" 6674
"/Engine/EngineMaterials/Substrate/Glints2/dict_0000_0064" 6675
"../../../Engine/Content/EngineMaterials/Substrate/Glints2/dict_0000_0076.uasset" 6676
"../../../Engine/Content/EngineMaterials/Substrate/Glints2/dict_0000_0077.uasset" 6677
"../../../Engine/Content/EngineMaterials/Substrate/Glints2/dict_0000_0078.uasset" 6678
"../../../Engine/Content/EngineMaterials/Substrate/Glints2/dict_0000_0079.uasset" 6679
"../../../Engine/Content/EngineMaterials/Substrate/Glints2/dict_0000_0080.uasset" 6680
"../../../Engine/Content/EngineMaterials/Substrate/Glints2/dict_0000_0081.uasset" 6681
"/Engine/EngineMaterials/Substrate/Glints2/dict_0000_0063" 6682
"../../../Engine/Content/EngineMaterials/Substrate/Glints2/dict_0000_0084.uasset" 6683
"../../../Engine/Content/EngineMaterials/Substrate/Glints2/dict_0000_0083.uasset" 6684
"../../../Engine/Content/EngineMaterials/Substrate/Glints2/dict_0000_0082.uasset" 6685
"../../../Engine/Content/EngineMaterials/Substrate/Glints2/dict_0000_0085.uasset" 6686
"../../../Engine/Content/EngineMaterials/Substrate/Glints2/dict_0000_0086.uasset" 6687
"/Engine/EngineMaterials/Substrate/Glints2/dict_0000_0062" 6688
"../../../Engine/Content/EngineMaterials/Substrate/Glints2/dict_0000_0088.uasset" 6689
"../../../Engine/Content/EngineMaterials/Substrate/Glints2/dict_0000_0089.uasset" 6690
"../../../Engine/Content/EngineMaterials/Substrate/Glints2/dict_0000_0087.uasset" 6691
"/Engine/EngineMaterials/Substrate/Glints2/dict_0000_0061" 6692
"/Engine/EngineMaterials/Substrate/Glints2/dict_0000_0060" 6693
"/Engine/EngineMaterials/Substrate/Glints2/dict_0000_0059" 6694
"../../../Engine/Content/EngineMaterials/Substrate/Glints2/dict_0000_0093.uasset" 6695
"../../../Engine/Content/EngineMaterials/Substrate/Glints2/dict_0000_0096.uasset" 6696
"../../../Engine/Content/EngineMaterials/Substrate/Glints2/dict_0000_0091.uasset" 6697
"../../../Engine/Content/EngineMaterials/Substrate/Glints2/dict_0000_0094.uasset" 6698
"../../../Engine/Content/EngineMaterials/Substrate/Glints2/dict_0000_0092.uasset" 6699
"../../../Engine/Content/EngineMaterials/Substrate/Glints2/dict_0000_0090.uasset" 6700
"../../../Engine/Content/EngineMaterials/Substrate/Glints2/dict_0000_0095.uasset" 6701
"../../../Engine/Content/EngineMaterials/Substrate/Glints2/dict_0000_0097.uasset" 6702
"/Engine/EngineMaterials/Substrate/Glints2/dict_0000_0089" 6703
"../../../Engine/Content/EngineMaterials/Substrate/Glints2/dict_0000_0098.uasset" 6704
"../../../Engine/Content/EngineMaterials/Substrate/Glints2/dict_0000_0099.uasset" 6705
"/Engine/EngineMaterials/Substrate/Glints2/dict_0000_0088" 6706
"/Engine/EngineMaterials/Substrate/Glints2/dict_0000_0087" 6707
"/Engine/EngineMaterials/Substrate/Glints2/dict_0000_0097" 6708
"/Engine/EngineMaterials/Substrate/Glints2/dict_0000_0096" 6709
"/Engine/EngineMaterials/Substrate/Glints2/dict_0000_0086" 6710
"/Engine/EngineMaterials/Substrate/Glints2/dict_0000_0085" 6711
"/Engine/EngineMaterials/Substrate/Glints2/dict_0000_0084" 6712
"/Engine/EngineMaterials/Substrate/Glints2/dict_0000_0083" 6713
"/Engine/EngineMaterials/Substrate/Glints2/dict_0000_0082" 6714
"/Engine/EngineMaterials/Substrate/Glints2/dict_0000_0081" 6715
"/Engine/EngineMaterials/Substrate/Glints2/dict_0000_0080" 6716
"/Engine/EngineMaterials/Substrate/Glints2/dict_0000_0079" 6717
"/Engine/EngineMaterials/Substrate/Glints2/dict_0000_0095" 6718
"/Engine/EngineMaterials/Substrate/Glints2/dict_0000_0078" 6719
"/Engine/EngineMaterials/Substrate/Glints2/dict_0000_0094" 6720
"/Engine/EngineMaterials/Substrate/Glints2/dict_0000_0077" 6721
"/Engine/EngineMaterials/Substrate/Glints2/dict_0000_0076" 6722
"/Engine/EngineMaterials/Substrate/Glints2/dict_0000_0075" 6723
"/Engine/EngineMaterials/Substrate/Glints2/dict_0000_0074" 6724
"/Engine/EngineMaterials/Substrate/Glints2/dict_0000_0073" 6725
"/Engine/EngineMaterials/Substrate/Glints2/dict_0000_0093" 6726
"/Engine/EngineMaterials/Substrate/Glints2/dict_0000_0042" 6727
"/Engine/EngineMaterials/Substrate/Glints2/dict_0000_0072" 6728
"/Engine/EngineMaterials/Substrate/Glints2/dict_0000_0071" 6729
"/Engine/EngineMaterials/Substrate/Glints2/dict_0000_0070" 6730
"/Engine/EngineMaterials/Substrate/Glints2/dict_0000_0069" 6731
"/Engine/EngineMaterials/Substrate/Glints2/dict_0000_0092" 6732
"/Engine/EngineMaterials/Substrate/Glints2/dict_0000_0091" 6733
"/Engine/EngineMaterials/Substrate/Glints2/dict_0000_0090" 6734
"/Engine/EngineMaterials/Substrate/Glints2/dict_0000_0099" 6735
"../../../Engine/Content/EngineMaterials/Substrate/Glints2/dict_0000_0106.uasset" 6736
"../../../Engine/Content/EngineMaterials/Substrate/Glints2/dict_0000_0105.uasset" 6737
"../../../Engine/Content/EngineMaterials/Substrate/Glints2/dict_0000_0100.uasset" 6738
"../../../Engine/Content/EngineMaterials/Substrate/Glints2/dict_0000_0103.uasset" 6739
"../../../Engine/Content/EngineMaterials/Substrate/Glints2/dict_0000_0108.uasset" 6740
"../../../Engine/Content/EngineMaterials/Substrate/Glints2/dict_0000_0104.uasset" 6741
"../../../Engine/Content/EngineMaterials/Substrate/Glints2/dict_0000_0107.uasset" 6742
"../../../Engine/Content/EngineMaterials/Substrate/Glints2/dict_0000_0115.uasset" 6743
"../../../Engine/Content/EngineMaterials/Substrate/Glints2/dict_0000_0101.uasset" 6744
"../../../Engine/Content/EngineMaterials/Substrate/Glints2/dict_0000_0110.uasset" 6745
"../../../Engine/Content/EngineMaterials/Substrate/Glints2/dict_0000_0113.uasset" 6746
"../../../Engine/Content/EngineMaterials/Substrate/Glints2/dict_0000_0111.uasset" 6747
"../../../Engine/Content/EngineMaterials/Substrate/Glints2/dict_0000_0102.uasset" 6748
"../../../Engine/Content/EngineMaterials/Substrate/Glints2/dict_0000_0112.uasset" 6749
"/Engine/EngineMaterials/Substrate/Glints2/dict_0000_0098" 6750
"../../../Engine/Content/EngineMaterials/Substrate/Glints2/dict_0000_0114.uasset" 6751
"../../../Engine/Content/EngineMaterials/Substrate/Glints2/dict_0000_0119.uasset" 6752
"../../../Engine/Content/EngineMaterials/Substrate/Glints2/dict_0000_0123.uasset" 6753
"../../../Engine/Content/EngineMaterials/Substrate/Glints2/dict_0000_0109.uasset" 6754
"../../../Engine/Content/EngineMaterials/Substrate/Glints2/dict_0000_0118.uasset" 6755
"../../../Engine/Content/EngineMaterials/Substrate/Glints2/dict_0000_0117.uasset" 6756
"../../../Engine/Content/EngineMaterials/Substrate/Glints2/dict_0000_0125.uasset" 6757
"../../../Engine/Content/EngineMaterials/Substrate/Glints2/dict_0000_0122.uasset" 6758
"../../../Engine/Content/EngineMaterials/Substrate/Glints2/dict_0000_0120.uasset" 6759
"../../../Engine/Content/EngineMaterials/Substrate/Glints2/dict_0000_0127.uasset" 6760
"../../../Engine/Content/EngineMaterials/Substrate/Glints2/dict_0000_0126.uasset" 6761
"../../../Engine/Content/EngineMaterials/Substrate/Glints2/dict_0000_0121.uasset" 6762
"../../../Engine/Content/EngineMaterials/Substrate/Glints2/dict_0000_0128.uasset" 6763
"../../../Engine/Content/EngineMaterials/Substrate/Glints2/dict_0000_0116.uasset" 6764
"../../../Engine/Content/EngineMaterials/Substrate/Glints2/dict_0000_0129.uasset" 6765
"../../../Engine/Content/EngineMaterials/Substrate/Glints2/dict_0000_0124.uasset" 6766
"../../../Engine/Content/EngineMaterials/Substrate/Glints2/dict_0000_0130.uasset" 6767
"/Engine/EngineMaterials/Substrate/Glints2/dict_0000_0125" 6768
"../../../Engine/Content/EngineMaterials/Substrate/Glints2/dict_0000_0131.uasset" 6769
"/Engine/EngineMaterials/Substrate/Glints2/dict_0000_0123" 6770
"/Engine/EngineMaterials/Substrate/Glints2/dict_0000_0122" 6771
"/Engine/EngineMaterials/Substrate/Glints2/dict_0000_0121" 6772
"/Engine/EngineMaterials/Substrate/Glints2/dict_0000_0120" 6773
"/Engine/EngineMaterials/Substrate/Glints2/dict_0000_0119" 6774
"/Engine/EngineMaterials/Substrate/Glints2/dict_0000_0118" 6775
"/Engine/EngineMaterials/Substrate/Glints2/dict_0000_0117" 6776
"/Engine/EngineMaterials/Substrate/Glints2/dict_0000_0115" 6777
"/Engine/EngineMaterials/Substrate/Glints2/dict_0000_0114" 6778
"/Engine/EngineMaterials/Substrate/Glints2/dict_0000_0113" 6779
"/Engine/EngineMaterials/Substrate/Glints2/dict_0000_0112" 6780
"/Engine/EngineMaterials/Substrate/Glints2/dict_0000_0111" 6781
"/Engine/EngineMaterials/Substrate/Glints2/dict_0000_0110" 6782
"/Engine/EngineMaterials/Substrate/Glints2/dict_0000_0109" 6783
"/Engine/EngineMaterials/Substrate/Glints2/dict_0000_0108" 6784
"/Engine/EngineMaterials/Substrate/Glints2/dict_0000_0107" 6785
"/Engine/EngineMaterials/Substrate/Glints2/dict_0000_0106" 6786
"/Engine/EngineMaterials/Substrate/Glints2/dict_0000_0105" 6787
"/Engine/EngineMaterials/Substrate/Glints2/dict_0000_0104" 6788
"/Engine/EngineMaterials/Substrate/Glints2/dict_0000_0103" 6789
"/Engine/EngineMaterials/Substrate/Glints2/dict_0000_0102" 6790
"/Engine/EngineMaterials/Substrate/Glints2/dict_0000_0101" 6791
"/Engine/EngineMaterials/Substrate/Glints2/dict_0000_0100" 6792
"/Engine/EngineMaterials/Substrate/Glints2/dict_0000_0129" 6793
"../../../Engine/Content/EngineMaterials/Substrate/Glints2/dict_0000_0139.uasset" 6794
"../../../Engine/Content/EngineMaterials/Substrate/Glints2/dict_0000_0133.uasset" 6795
"../../../Engine/Content/EngineMaterials/Substrate/Glints2/dict_0000_0142.uasset" 6796
"../../../Engine/Content/EngineMaterials/Substrate/Glints2/dict_0000_0135.uasset" 6797
"../../../Engine/Content/EngineMaterials/Substrate/Glints2/dict_0000_0146.uasset" 6798
"../../../Engine/Content/EngineMaterials/Substrate/Glints2/dict_0000_0137.uasset" 6799
"../../../Engine/Content/EngineMaterials/Substrate/Glints2/dict_0000_0138.uasset" 6800
"../../../Engine/Content/EngineMaterials/Substrate/Glints2/dict_0000_0136.uasset" 6801
"../../../Engine/Content/EngineMaterials/Substrate/Glints2/dict_0000_0141.uasset" 6802
"../../../Engine/Content/EngineMaterials/Substrate/Glints2/dict_0000_0143.uasset" 6803
"../../../Engine/Content/EngineMaterials/Substrate/Glints2/dict_0000_0144.uasset" 6804
"../../../Engine/Content/EngineMaterials/Substrate/Glints2/dict_0000_0134.uasset" 6805
"../../../Engine/Content/EngineMaterials/Substrate/Glints2/dict_0000_0132.uasset" 6806
"../../../Engine/Content/EngineMaterials/Substrate/Glints2/dict_0000_0140.uasset" 6807
"/Engine/EngineMaterials/Substrate/Glints2/dict_0000_0128" 6808
"../../../Engine/Content/EngineMaterials/Substrate/Glints2/dict_0000_0148.uasset" 6809
"../../../Engine/Content/EngineMaterials/Substrate/Glints2/dict_0000_0145.uasset" 6810
"../../../Engine/Content/EngineMaterials/Substrate/Glints2/dict_0000_0150.uasset" 6811
"../../../Engine/Content/EngineMaterials/Substrate/Glints2/dict_0000_0149.uasset" 6812
"../../../Engine/Content/EngineMaterials/Substrate/Glints2/dict_0000_0147.uasset" 6813
"../../../Engine/Content/EngineMaterials/Substrate/Glints2/dict_0000_0151.uasset" 6814
"../../../Engine/Content/EngineMaterials/Substrate/Glints2/dict_0000_0154.uasset" 6815
"../../../Engine/Content/EngineMaterials/Substrate/Glints2/dict_0000_0155.uasset" 6816
"../../../Engine/Content/EngineMaterials/Substrate/Glints2/dict_0000_0153.uasset" 6817
"../../../Engine/Content/EngineMaterials/Substrate/Glints2/dict_0000_0152.uasset" 6818
"/Engine/EngineMaterials/Substrate/Glints2/dict_0000_0127" 6819
"/Engine/EngineMaterials/Substrate/Glints2/dict_0000_0131" 6820
"/Engine/EngineMaterials/Substrate/Glints2/dict_0000_0130" 6821
"/Engine/EngineMaterials/Substrate/Glints2/dict_0000_0126" 6822
"/Engine/EngineMaterials/Substrate/Glints2/dict_0000_0124" 6823
"/Engine/EngineMaterials/Substrate/Glints2/dict_0000_0116" 6824
"/Engine/EngineMaterials/Substrate/Glints2/dict_0000_0155" 6825
"../../../Engine/Content/EngineMaterials/Substrate/Glints2/dict_0000_0162.uasset" 6826
"../../../Engine/Content/EngineMaterials/Substrate/Glints2/dict_0000_0160.uasset" 6827
"../../../Engine/Content/EngineMaterials/Substrate/Glints2/dict_0000_0156.uasset" 6828
"../../../Engine/Content/EngineMaterials/Substrate/Glints2/dict_0000_0158.uasset" 6829
"../../../Engine/Content/EngineMaterials/Substrate/Glints2/dict_0000_0159.uasset" 6830
"../../../Engine/Content/EngineMaterials/Substrate/Glints2/dict_0000_0161.uasset" 6831
"../../../Engine/Content/EngineMaterials/Substrate/Glints2/dict_0000_0163.uasset" 6832
"../../../Engine/Content/EngineMaterials/Substrate/Glints2/dict_0000_0157.uasset" 6833
"/Engine/EngineMaterials/Substrate/Glints2/dict_0000_0154" 6834
"/Engine/EngineMaterials/Substrate/Glints2/dict_0000_0153" 6835
"/Engine/EngineMaterials/Substrate/Glints2/dict_0000_0152" 6836
"/Engine/EngineMaterials/Substrate/Glints2/dict_0000_0151" 6837
"/Engine/EngineMaterials/Substrate/Glints2/dict_0000_0150" 6838
"/Engine/EngineMaterials/Substrate/Glints2/dict_0000_0149" 6839
"/Engine/EngineMaterials/Substrate/Glints2/dict_0000_0148" 6840
"/Engine/EngineMaterials/Substrate/Glints2/dict_0000_0147" 6841
"/Engine/EngineMaterials/Substrate/Glints2/dict_0000_0146" 6842
"/Engine/EngineMaterials/Substrate/Glints2/dict_0000_0145" 6843
"/Engine/EngineMaterials/Substrate/Glints2/dict_0000_0144" 6844
"/Engine/EngineMaterials/Substrate/Glints2/dict_0000_0143" 6845
"/Engine/EngineMaterials/Substrate/Glints2/dict_0000_0142" 6846
"/Engine/EngineMaterials/Substrate/Glints2/dict_0000_0141" 6847
"/Engine/EngineMaterials/Substrate/Glints2/dict_0000_0140" 6848
"/Engine/EngineMaterials/Substrate/Glints2/dict_0000_0139" 6849
"/Engine/EngineMaterials/Substrate/Glints2/dict_0000_0138" 6850
"/Engine/EngineMaterials/Substrate/Glints2/dict_0000_0137" 6851
"/Engine/EngineMaterials/Substrate/Glints2/dict_0000_0136" 6852
"/Engine/EngineMaterials/Substrate/Glints2/dict_0000_0135" 6853
"/Engine/EngineMaterials/Substrate/Glints2/dict_0000_0134" 6854
"/Engine/EngineMaterials/Substrate/Glints2/dict_0000_0133" 6855
"/Engine/EngineMaterials/Substrate/Glints2/dict_0000_0132" 6856
"/Engine/EngineMaterials/Substrate/Glints2/dict_0000_0163" 6857
"../../../Engine/Content/EngineMaterials/Substrate/Glints2/dict_0000_0172.uasset" 6858
"../../../Engine/Content/EngineMaterials/Substrate/Glints2/dict_0000_0171.uasset" 6859
"../../../Engine/Content/EngineMaterials/Substrate/Glints2/dict_0000_0168.uasset" 6860
"../../../Engine/Content/EngineMaterials/Substrate/Glints2/dict_0000_0173.uasset" 6861
"../../../Engine/Content/EngineMaterials/Substrate/Glints2/dict_0000_0167.uasset" 6862
"../../../Engine/Content/EngineMaterials/Substrate/Glints2/dict_0000_0166.uasset" 6863
"../../../Engine/Content/EngineMaterials/Substrate/Glints2/dict_0000_0175.uasset" 6864
"../../../Engine/Content/EngineMaterials/Substrate/Glints2/dict_0000_0169.uasset" 6865
"../../../Engine/Content/EngineMaterials/Substrate/Glints2/dict_0000_0174.uasset" 6866
"../../../Engine/Content/EngineMaterials/Substrate/Glints2/dict_0000_0177.uasset" 6867
"../../../Engine/Content/EngineMaterials/Substrate/Glints2/dict_0000_0176.uasset" 6868
"../../../Engine/Content/EngineMaterials/Substrate/Glints2/dict_0000_0170.uasset" 6869
"../../../Engine/Content/EngineMaterials/Substrate/Glints2/dict_0000_0164.uasset" 6870
"../../../Engine/Content/EngineMaterials/Substrate/Glints2/dict_0000_0165.uasset" 6871
"../../../Engine/Content/EngineMaterials/Substrate/Glints2/dict_0000_0179.uasset" 6872
"../../../Engine/Content/EngineMaterials/Substrate/Glints2/dict_0000_0178.uasset" 6873
"/Engine/EngineMaterials/Substrate/Glints2/dict_0000_0162" 6874
"../../../Engine/Content/EngineMaterials/Substrate/Glints2/dict_0000_0181.uasset" 6875
"../../../Engine/Content/EngineMaterials/Substrate/Glints2/dict_0000_0180.uasset" 6876
"../../../Engine/Content/EngineMaterials/Substrate/Glints2/dict_0000_0184.uasset" 6877
"../../../Engine/Content/EngineMaterials/Substrate/Glints2/dict_0000_0183.uasset" 6878
"../../../Engine/Content/EngineMaterials/Substrate/Glints2/dict_0000_0186.uasset" 6879
"../../../Engine/Content/EngineMaterials/Substrate/Glints2/dict_0000_0182.uasset" 6880
"../../../Engine/Content/EngineMaterials/Substrate/Glints2/dict_0000_0185.uasset" 6881
"../../../Engine/Content/EngineMaterials/Substrate/Glints2/dict_0000_0187.uasset" 6882
"/Engine/EngineMaterials/Substrate/Glints2/dict_0000_0161" 6883
"/Engine/EngineMaterials/Substrate/Glints2/dict_0000_0160" 6884
"/Engine/EngineMaterials/Substrate/Glints2/dict_0000_0159" 6885
"/Engine/EngineMaterials/Substrate/Glints2/dict_0000_0158" 6886
"/Engine/EngineMaterials/Substrate/Glints2/dict_0000_0157" 6887
"/Engine/EngineMaterials/Substrate/Glints2/dict_0000_0156" 6888
"/Engine/EngineMaterials/Substrate/Glints2/dict_0000_0187" 6889
"../../../Engine/Content/EngineMaterials/Substrate/Glints2/dict_0000_0193.uasset" 6890
"../../../Engine/Content/EngineMaterials/Substrate/Glints2/dict_0000_0190.uasset" 6891
"../../../Engine/Content/EngineMaterials/Substrate/Glints2/dict_0000_0195.uasset" 6892
"../../../Engine/Content/EngineMaterials/Substrate/Glints2/dict_0000_0194.uasset" 6893
"../../../Engine/Content/EngineMaterials/Substrate/Glints2/dict_0000_0188.uasset" 6894
"../../../Engine/Content/EngineMaterials/Substrate/Glints2/dict_0000_0189.uasset" 6895
"../../../Engine/Content/EngineMaterials/Substrate/Glints2/dict_0000_0192.uasset" 6896
"../../../Engine/Content/EngineMaterials/Substrate/Glints2/dict_0000_0191.uasset" 6897
"/Engine/EngineMaterials/Substrate/Glints2/dict_0000_0186" 6898
"/Engine/EngineMaterials/Substrate/Glints2/dict_0000_0185" 6899
"/Engine/EngineMaterials/Substrate/Glints2/dict_0000_0184" 6900
"/Engine/EngineMaterials/Substrate/Glints2/dict_0000_0183" 6901
"/Engine/EngineMaterials/Substrate/Glints2/dict_0000_0182" 6902
"/Engine/EngineMaterials/Substrate/Glints2/dict_0000_0181" 6903
"/Engine/EngineMaterials/Substrate/Glints2/dict_0000_0180" 6904
"/Engine/EngineMaterials/Substrate/Glints2/dict_0000_0179" 6905
"/Engine/EngineMaterials/Substrate/Glints2/dict_0000_0178" 6906
"/Engine/EngineMaterials/Substrate/Glints2/dict_0000_0177" 6907
"/Engine/EngineMaterials/Substrate/Glints2/dict_0000_0176" 6908
"/Engine/EngineMaterials/Substrate/Glints2/dict_0000_0175" 6909
"/Engine/EngineMaterials/Substrate/Glints2/dict_0000_0174" 6910
"/Engine/EngineMaterials/Substrate/Glints2/dict_0000_0173" 6911
"/Engine/EngineMaterials/Substrate/Glints2/dict_0000_0172" 6912
"/Engine/EngineMaterials/Substrate/Glints2/dict_0000_0171" 6913
"/Engine/EngineMaterials/Substrate/Glints2/dict_0000_0170" 6914
"/Engine/EngineMaterials/Substrate/Glints2/dict_0000_0169" 6915
"/Engine/EngineMaterials/Substrate/Glints2/dict_0000_0168" 6916
"/Engine/EngineMaterials/Substrate/Glints2/dict_0000_0167" 6917
"/Engine/EngineMaterials/Substrate/Glints2/dict_0000_0166" 6918
"/Engine/EngineMaterials/Substrate/Glints2/dict_0000_0165" 6919
"/Engine/EngineMaterials/Substrate/Glints2/dict_0000_0164" 6920
"/Engine/EngineMaterials/Substrate/Glints2/dict_0000_0195" 6921
"../../../Engine/Content/EngineMaterials/Substrate/Glints2/dict_0000_0202.uasset" 6922
"../../../Engine/Content/EngineMaterials/Substrate/Glints2/dict_0000_0204.uasset" 6923
"../../../Engine/Content/EngineMaterials/Substrate/Glints2/dict_0000_0207.uasset" 6924
"../../../Engine/Content/EngineMaterials/Substrate/Glints2/dict_0000_0199.uasset" 6925
"../../../Engine/Content/EngineMaterials/Substrate/Glints2/dict_0000_0203.uasset" 6926
"../../../Engine/Content/EngineMaterials/Substrate/Glints2/dict_0000_0200.uasset" 6927
"../../../Engine/Content/EngineMaterials/Substrate/Glints2/dict_0000_0205.uasset" 6928
"../../../Engine/Content/EngineMaterials/Substrate/Glints2/dict_0000_0209.uasset" 6929
"../../../Engine/Content/EngineMaterials/Substrate/Glints2/dict_0000_0210.uasset" 6930
"../../../Engine/Content/EngineMaterials/Substrate/Glints2/dict_0000_0201.uasset" 6931
"../../../Engine/Content/EngineMaterials/Substrate/Glints2/dict_0000_0197.uasset" 6932
"../../../Engine/Content/EngineMaterials/Substrate/Glints2/dict_0000_0198.uasset" 6933
"../../../Engine/Content/EngineMaterials/Substrate/Glints2/dict_0000_0206.uasset" 6934
"../../../Engine/Content/EngineMaterials/Substrate/Glints2/dict_0000_0211.uasset" 6935
"../../../Engine/Content/EngineMaterials/Substrate/Glints2/dict_0000_0196.uasset" 6936
"/Engine/EngineMaterials/Substrate/Glints2/dict_0000_0194" 6937
"../../../Engine/Content/EngineMaterials/Substrate/Glints2/dict_0000_0208.uasset" 6938
"../../../Engine/Content/EngineMaterials/Substrate/Glints2/dict_0000_0212.uasset" 6939
"../../../Engine/Content/EngineMaterials/Substrate/Glints2/dict_0000_0218.uasset" 6940
"../../../Engine/Content/EngineMaterials/Substrate/Glints2/dict_0000_0214.uasset" 6941
"../../../Engine/Content/EngineMaterials/Substrate/Glints2/dict_0000_0215.uasset" 6942
"../../../Engine/Content/EngineMaterials/Substrate/Glints2/dict_0000_0219.uasset" 6943
"../../../Engine/Content/EngineMaterials/Substrate/Glints2/dict_0000_0213.uasset" 6944
"../../../Engine/Content/EngineMaterials/Substrate/Glints2/dict_0000_0217.uasset" 6945
"../../../Engine/Content/EngineMaterials/Substrate/Glints2/dict_0000_0216.uasset" 6946
"/Engine/EngineMaterials/Substrate/Glints2/dict_0000_0193" 6947
"/Engine/EngineMaterials/Substrate/Glints2/dict_0000_0192" 6948
"/Engine/EngineMaterials/Substrate/Glints2/dict_0000_0191" 6949
"/Engine/EngineMaterials/Substrate/Glints2/dict_0000_0190" 6950
"/Engine/EngineMaterials/Substrate/Glints2/dict_0000_0189" 6951
"/Engine/EngineMaterials/Substrate/Glints2/dict_0000_0188" 6952
"/Engine/EngineMaterials/Substrate/Glints2/dict_0000_0219" 6953
"../../../Engine/Content/EngineMaterials/Substrate/Glints2/dict_0000_0222.uasset" 6954
"../../../Engine/Content/EngineMaterials/Substrate/Glints2/dict_0000_0227.uasset" 6955
"../../../Engine/Content/EngineMaterials/Substrate/Glints2/dict_0000_0226.uasset" 6956
"../../../Engine/Content/EngineMaterials/Substrate/Glints2/dict_0000_0224.uasset" 6957
"../../../Engine/Content/EngineMaterials/Substrate/Glints2/dict_0000_0223.uasset" 6958
"../../../Engine/Content/EngineMaterials/Substrate/Glints2/dict_0000_0225.uasset" 6959
"../../../Engine/Content/EngineMaterials/Substrate/Glints2/dict_0000_0221.uasset" 6960
"../../../Engine/Content/EngineMaterials/Substrate/Glints2/dict_0000_0220.uasset" 6961
"/Engine/EngineMaterials/Substrate/Glints2/dict_0000_0218" 6962
"/Engine/EngineMaterials/Substrate/Glints2/dict_0000_0217" 6963
"/Engine/EngineMaterials/Substrate/Glints2/dict_0000_0216" 6964
"/Engine/EngineMaterials/Substrate/Glints2/dict_0000_0215" 6965
"/Engine/EngineMaterials/Substrate/Glints2/dict_0000_0214" 6966
"/Engine/EngineMaterials/Substrate/Glints2/dict_0000_0213" 6967
"/Engine/EngineMaterials/Substrate/Glints2/dict_0000_0212" 6968
"/Engine/EngineMaterials/Substrate/Glints2/dict_0000_0211" 6969
"/Engine/EngineMaterials/Substrate/Glints2/dict_0000_0210" 6970
"/Engine/EngineMaterials/Substrate/Glints2/dict_0000_0209" 6971
"/Engine/EngineMaterials/Substrate/Glints2/dict_0000_0208" 6972
"/Engine/EngineMaterials/Substrate/Glints2/dict_0000_0207" 6973
"/Engine/EngineMaterials/Substrate/Glints2/dict_0000_0206" 6974
"/Engine/EngineMaterials/Substrate/Glints2/dict_0000_0205" 6975
"/Engine/EngineMaterials/Substrate/Glints2/dict_0000_0204" 6976
"/Engine/EngineMaterials/Substrate/Glints2/dict_0000_0203" 6977
"/Engine/EngineMaterials/Substrate/Glints2/dict_0000_0202" 6978
"/Engine/EngineMaterials/Substrate/Glints2/dict_0000_0201" 6979
"/Engine/EngineMaterials/Substrate/Glints2/dict_0000_0200" 6980
"/Engine/EngineMaterials/Substrate/Glints2/dict_0000_0199" 6981
"/Engine/EngineMaterials/Substrate/Glints2/dict_0000_0198" 6982
"/Engine/EngineMaterials/Substrate/Glints2/dict_0000_0197" 6983
"/Engine/EngineMaterials/Substrate/Glints2/dict_0000_0196" 6984
"../../../Engine/Content/EngineMaterials/Substrate/Glints2/dict_0000_0229.uasset" 6985
"../../../Engine/Content/EngineMaterials/Substrate/Glints2/dict_0000_0233.uasset" 6986
"../../../Engine/Content/EngineMaterials/Substrate/Glints2/dict_0000_0235.uasset" 6987
"../../../Engine/Content/EngineMaterials/Substrate/Glints2/dict_0000_0240.uasset" 6988
"../../../Engine/Content/EngineMaterials/Substrate/Glints2/dict_0000_0231.uasset" 6989
"../../../Engine/Content/EngineMaterials/Substrate/Glints2/dict_0000_0236.uasset" 6990
"../../../Engine/Content/EngineMaterials/Substrate/Glints2/dict_0000_0237.uasset" 6991
"../../../Engine/Content/EngineMaterials/Substrate/Glints2/dict_0000_0230.uasset" 6992
"../../../Engine/Content/EngineMaterials/Substrate/Glints2/dict_0000_0243.uasset" 6993
"../../../Engine/Content/EngineMaterials/Substrate/Glints2/dict_0000_0239.uasset" 6994
"../../../Engine/Content/EngineMaterials/Substrate/Glints2/dict_0000_0241.uasset" 6995
"/Engine/EngineMaterials/Substrate/Glints2/dict_0000_0227" 6996
"../../../Engine/Content/EngineMaterials/Substrate/Glints2/dict_0000_0228.uasset" 6997
"../../../Engine/Content/EngineMaterials/Substrate/Glints2/dict_0000_0238.uasset" 6998
"../../../Engine/Content/EngineMaterials/Substrate/Glints2/dict_0000_0242.uasset" 6999
"../../../Engine/Content/EngineMaterials/Substrate/Glints2/dict_0000_0234.uasset" 7000
"../../../Engine/Content/EngineMaterials/Substrate/Glints2/dict_0000_0232.uasset" 7001
"../../../Engine/Content/EngineMaterials/Substrate/Glints2/dict_0000_0245.uasset" 7002
"../../../Engine/Content/EngineMaterials/Substrate/Glints2/dict_0000_0248.uasset" 7003
"../../../Engine/Content/EngineMaterials/Substrate/Glints2/dict_0000_0246.uasset" 7004
"../../../Engine/Content/EngineMaterials/Substrate/Glints2/dict_0000_0244.uasset" 7005
"../../../Engine/Content/EngineMaterials/Substrate/Glints2/dict_0000_0250.uasset" 7006
"../../../Engine/Content/EngineMaterials/Substrate/Glints2/dict_0000_0251.uasset" 7007
"../../../Engine/Content/EngineMaterials/Substrate/Glints2/dict_0000_0247.uasset" 7008
"../../../Engine/Content/EngineMaterials/Substrate/Glints2/dict_0000_0249.uasset" 7009
"/Engine/EngineMaterials/Substrate/Glints2/dict_0000_0226" 7010
"/Engine/EngineMaterials/Substrate/Glints2/dict_0000_0225" 7011
"/Engine/EngineMaterials/Substrate/Glints2/dict_0000_0224" 7012
"/Engine/EngineMaterials/Substrate/Glints2/dict_0000_0223" 7013
"/Engine/EngineMaterials/Substrate/Glints2/dict_0000_0222" 7014
"/Engine/EngineMaterials/Substrate/Glints2/dict_0000_0221" 7015
"/Engine/EngineMaterials/Substrate/Glints2/dict_0000_0220" 7016
"../../../Engine/Content/EngineMaterials/Substrate/Glints2/dict_0000_0254.uasset" 7017
"../../../Engine/Content/EngineMaterials/Substrate/Glints2/dict_0001_0000.uasset" 7018
"../../../Engine/Content/EngineMaterials/Substrate/Glints2/dict_0001_0001.uasset" 7019
"../../../Engine/Content/EngineMaterials/Substrate/Glints2/dict_0001_0002.uasset" 7020
"../../../Engine/Content/EngineMaterials/Substrate/Glints2/dict_0000_0253.uasset" 7021
"/Engine/EngineMaterials/Substrate/Glints2/dict_0000_0251" 7022
"../../../Engine/Content/EngineMaterials/Substrate/Glints2/dict_0000_0252.uasset" 7023
"../../../Engine/Content/EngineMaterials/Substrate/Glints2/dict_0001_0003.uasset" 7024
"../../../Engine/Content/EngineMaterials/Substrate/Glints2/dict_0000_0255.uasset" 7025
"/Engine/EngineMaterials/Substrate/Glints2/dict_0000_0250" 7026
"/Engine/EngineMaterials/Substrate/Glints2/dict_0000_0249" 7027
"/Engine/EngineMaterials/Substrate/Glints2/dict_0000_0248" 7028
"/Engine/EngineMaterials/Substrate/Glints2/dict_0000_0247" 7029
"/Engine/EngineMaterials/Substrate/Glints2/dict_0000_0246" 7030
"/Engine/EngineMaterials/Substrate/Glints2/dict_0000_0245" 7031
"/Engine/EngineMaterials/Substrate/Glints2/dict_0000_0244" 7032
"/Engine/EngineMaterials/Substrate/Glints2/dict_0000_0243" 7033
"/Engine/EngineMaterials/Substrate/Glints2/dict_0000_0242" 7034
"/Engine/EngineMaterials/Substrate/Glints2/dict_0000_0241" 7035
"/Engine/EngineMaterials/Substrate/Glints2/dict_0000_0240" 7036
"/Engine/EngineMaterials/Substrate/Glints2/dict_0000_0239" 7037
"/Engine/EngineMaterials/Substrate/Glints2/dict_0000_0238" 7038
"/Engine/EngineMaterials/Substrate/Glints2/dict_0000_0237" 7039
"/Engine/EngineMaterials/Substrate/Glints2/dict_0000_0236" 7040
"/Engine/EngineMaterials/Substrate/Glints2/dict_0000_0235" 7041
"/Engine/EngineMaterials/Substrate/Glints2/dict_0000_0234" 7042
"/Engine/EngineMaterials/Substrate/Glints2/dict_0000_0233" 7043
"/Engine/EngineMaterials/Substrate/Glints2/dict_0000_0232" 7044
"/Engine/EngineMaterials/Substrate/Glints2/dict_0000_0231" 7045
"/Engine/EngineMaterials/Substrate/Glints2/dict_0000_0230" 7046
"/Engine/EngineMaterials/Substrate/Glints2/dict_0000_0229" 7047
"/Engine/EngineMaterials/Substrate/Glints2/dict_0000_0228" 7048
"../../../Engine/Content/EngineMaterials/Substrate/Glints2/dict_0001_0008.uasset" 7049
"../../../Engine/Content/EngineMaterials/Substrate/Glints2/dict_0001_0010.uasset" 7050
"../../../Engine/Content/EngineMaterials/Substrate/Glints2/dict_0001_0007.uasset" 7051
"../../../Engine/Content/EngineMaterials/Substrate/Glints2/dict_0001_0006.uasset" 7052
"../../../Engine/Content/EngineMaterials/Substrate/Glints2/dict_0001_0012.uasset" 7053
"../../../Engine/Content/EngineMaterials/Substrate/Glints2/dict_0001_0019.uasset" 7054
"../../../Engine/Content/EngineMaterials/Substrate/Glints2/dict_0001_0014.uasset" 7055
"../../../Engine/Content/EngineMaterials/Substrate/Glints2/dict_0001_0005.uasset" 7056
"../../../Engine/Content/EngineMaterials/Substrate/Glints2/dict_0001_0004.uasset" 7057
"../../../Engine/Content/EngineMaterials/Substrate/Glints2/dict_0001_0016.uasset" 7058
"../../../Engine/Content/EngineMaterials/Substrate/Glints2/dict_0001_0017.uasset" 7059
"../../../Engine/Content/EngineMaterials/Substrate/Glints2/dict_0001_0018.uasset" 7060
"../../../Engine/Content/EngineMaterials/Substrate/Glints2/dict_0001_0011.uasset" 7061
"../../../Engine/Content/EngineMaterials/Substrate/Glints2/dict_0001_0020.uasset" 7062
"../../../Engine/Content/EngineMaterials/Substrate/Glints2/dict_0001_0024.uasset" 7063
"../../../Engine/Content/EngineMaterials/Substrate/Glints2/dict_0001_0013.uasset" 7064
"../../../Engine/Content/EngineMaterials/Substrate/Glints2/dict_0001_0025.uasset" 7065
"../../../Engine/Content/EngineMaterials/Substrate/Glints2/dict_0001_0015.uasset" 7066
"../../../Engine/Content/EngineMaterials/Substrate/Glints2/dict_0001_0027.uasset" 7067
"../../../Engine/Content/EngineMaterials/Substrate/Glints2/dict_0001_0022.uasset" 7068
"/Engine/EngineMaterials/Substrate/Glints2/dict_0001_0003" 7069
"../../../Engine/Content/EngineMaterials/Substrate/Glints2/dict_0001_0023.uasset" 7070
"../../../Engine/Content/EngineMaterials/Substrate/Glints2/dict_0001_0009.uasset" 7071
"../../../Engine/Content/EngineMaterials/Substrate/Glints2/dict_0001_0026.uasset" 7072
"../../../Engine/Content/EngineMaterials/Substrate/Glints2/dict_0001_0021.uasset" 7073
"/Engine/EngineMaterials/Substrate/Glints2/dict_0001_0002" 7074
"/Engine/EngineMaterials/Substrate/Glints2/dict_0001_0001" 7075
"/Engine/EngineMaterials/Substrate/Glints2/dict_0001_0000" 7076
"/Engine/EngineMaterials/Substrate/Glints2/dict_0000_0255" 7077
"/Engine/EngineMaterials/Substrate/Glints2/dict_0000_0254" 7078
"/Engine/EngineMaterials/Substrate/Glints2/dict_0000_0253" 7079
"/Engine/EngineMaterials/Substrate/Glints2/dict_0000_0252" 7080
"../../../Engine/Content/EngineMaterials/Substrate/Glints2/dict_0001_0030.uasset" 7081
"../../../Engine/Content/EngineMaterials/Substrate/Glints2/dict_0001_0032.uasset" 7082
"../../../Engine/Content/EngineMaterials/Substrate/Glints2/dict_0001_0031.uasset" 7083
"../../../Engine/Content/EngineMaterials/Substrate/Glints2/dict_0001_0033.uasset" 7084
"../../../Engine/Content/EngineMaterials/Substrate/Glints2/dict_0001_0029.uasset" 7085
"/Engine/EngineMaterials/Substrate/Glints2/dict_0001_0027" 7086
"../../../Engine/Content/EngineMaterials/Substrate/Glints2/dict_0001_0035.uasset" 7087
"../../../Engine/Content/EngineMaterials/Substrate/Glints2/dict_0001_0034.uasset" 7088
"../../../Engine/Content/EngineMaterials/Substrate/Glints2/dict_0001_0028.uasset" 7089
"/Engine/EngineMaterials/Substrate/Glints2/dict_0001_0026" 7090
"/Engine/EngineMaterials/Substrate/Glints2/dict_0001_0025" 7091
"/Engine/EngineMaterials/Substrate/Glints2/dict_0001_0024" 7092
"/Engine/EngineMaterials/Substrate/Glints2/dict_0001_0023" 7093
"/Engine/EngineMaterials/Substrate/Glints2/dict_0001_0022" 7094
"/Engine/EngineMaterials/Substrate/Glints2/dict_0001_0021" 7095
"/Engine/EngineMaterials/Substrate/Glints2/dict_0001_0020" 7096
"/Engine/EngineMaterials/Substrate/Glints2/dict_0001_0019" 7097
"/Engine/EngineMaterials/Substrate/Glints2/dict_0001_0018" 7098
"/Engine/EngineMaterials/Substrate/Glints2/dict_0001_0017" 7099
"/Engine/EngineMaterials/Substrate/Glints2/dict_0001_0016" 7100
"/Engine/EngineMaterials/Substrate/Glints2/dict_0001_0015" 7101
"/Engine/EngineMaterials/Substrate/Glints2/dict_0001_0014" 7102
"/Engine/EngineMaterials/Substrate/Glints2/dict_0001_0013" 7103
"/Engine/EngineMaterials/Substrate/Glints2/dict_0001_0012" 7104
"/Engine/EngineMaterials/Substrate/Glints2/dict_0001_0011" 7105
"/Engine/EngineMaterials/Substrate/Glints2/dict_0001_0010" 7106
"/Engine/EngineMaterials/Substrate/Glints2/dict_0001_0009" 7107
"/Engine/EngineMaterials/Substrate/Glints2/dict_0001_0008" 7108
"/Engine/EngineMaterials/Substrate/Glints2/dict_0001_0007" 7109
"/Engine/EngineMaterials/Substrate/Glints2/dict_0001_0006" 7110
"/Engine/EngineMaterials/Substrate/Glints2/dict_0001_0005" 7111
"/Engine/EngineMaterials/Substrate/Glints2/dict_0001_0004" 7112
"/Engine/EngineMaterials/Substrate/Glints2/dict_0001_0035" 7113
"../../../Engine/Content/EngineMaterials/Substrate/Glints2/dict_0001_0042.uasset" 7114
"../../../Engine/Content/EngineMaterials/Substrate/Glints2/dict_0001_0038.uasset" 7115
"../../../Engine/Content/EngineMaterials/Substrate/Glints2/dict_0001_0043.uasset" 7116
"../../../Engine/Content/EngineMaterials/Substrate/Glints2/dict_0001_0039.uasset" 7117
"../../../Engine/Content/EngineMaterials/Substrate/Glints2/dict_0001_0044.uasset" 7118
"../../../Engine/Content/EngineMaterials/Substrate/Glints2/dict_0001_0041.uasset" 7119
"../../../Engine/Content/EngineMaterials/Substrate/Glints2/dict_0001_0037.uasset" 7120
"../../../Engine/Content/EngineMaterials/Substrate/Glints2/dict_0001_0045.uasset" 7121
"../../../Engine/Content/EngineMaterials/Substrate/Glints2/dict_0001_0036.uasset" 7122
"../../../Engine/Content/EngineMaterials/Substrate/Glints2/dict_0001_0051.uasset" 7123
"../../../Engine/Content/EngineMaterials/Substrate/Glints2/dict_0001_0049.uasset" 7124
"/Engine/EngineMaterials/Substrate/Glints2/dict_0001_0034" 7125
"../../../Engine/Content/EngineMaterials/Substrate/Glints2/dict_0001_0046.uasset" 7126
"../../../Engine/Content/EngineMaterials/Substrate/Glints2/dict_0001_0056.uasset" 7127
"../../../Engine/Content/EngineMaterials/Substrate/Glints2/dict_0001_0057.uasset" 7128
"../../../Engine/Content/EngineMaterials/Substrate/Glints2/dict_0001_0048.uasset" 7129
"../../../Engine/Content/EngineMaterials/Substrate/Glints2/dict_0001_0054.uasset" 7130
"../../../Engine/Content/EngineMaterials/Substrate/Glints2/dict_0001_0055.uasset" 7131
"../../../Engine/Content/EngineMaterials/Substrate/Glints2/dict_0001_0058.uasset" 7132
"../../../Engine/Content/EngineMaterials/Substrate/Glints2/dict_0001_0053.uasset" 7133
"../../../Engine/Content/EngineMaterials/Substrate/Glints2/dict_0001_0040.uasset" 7134
"../../../Engine/Content/EngineMaterials/Substrate/Glints2/dict_0001_0047.uasset" 7135
"../../../Engine/Content/EngineMaterials/Substrate/Glints2/dict_0001_0050.uasset" 7136
"../../../Engine/Content/EngineMaterials/Substrate/Glints2/dict_0001_0059.uasset" 7137
"../../../Engine/Content/EngineMaterials/Substrate/Glints2/dict_0001_0052.uasset" 7138
"/Engine/EngineMaterials/Substrate/Glints2/dict_0001_0033" 7139
"/Engine/EngineMaterials/Substrate/Glints2/dict_0001_0032" 7140
"/Engine/EngineMaterials/Substrate/Glints2/dict_0001_0031" 7141
"/Engine/EngineMaterials/Substrate/Glints2/dict_0001_0030" 7142
"/Engine/EngineMaterials/Substrate/Glints2/dict_0001_0029" 7143
"/Engine/EngineMaterials/Substrate/Glints2/dict_0001_0028" 7144
"/Engine/EngineMaterials/Substrate/Glints2/dict_0001_0059" 7145
"../../../Engine/Content/EngineMaterials/Substrate/Glints2/dict_0001_0060.uasset" 7146
"../../../Engine/Content/EngineMaterials/Substrate/Glints2/dict_0001_0064.uasset" 7147
"../../../Engine/Content/EngineMaterials/Substrate/Glints2/dict_0001_0062.uasset" 7148
"../../../Engine/Content/EngineMaterials/Substrate/Glints2/dict_0001_0061.uasset" 7149
"../../../Engine/Content/EngineMaterials/Substrate/Glints2/dict_0001_0065.uasset" 7150
"../../../Engine/Content/EngineMaterials/Substrate/Glints2/dict_0001_0063.uasset" 7151
"../../../Engine/Content/EngineMaterials/Substrate/Glints2/dict_0001_0066.uasset" 7152
"../../../Engine/Content/EngineMaterials/Substrate/Glints2/dict_0001_0067.uasset" 7153
"/Engine/EngineMaterials/Substrate/Glints2/dict_0001_0058" 7154
"/Engine/EngineMaterials/Substrate/Glints2/dict_0001_0057" 7155
"/Engine/EngineMaterials/Substrate/Glints2/dict_0001_0056" 7156
"/Engine/EngineMaterials/Substrate/Glints2/dict_0001_0055" 7157
"/Engine/EngineMaterials/Substrate/Glints2/dict_0001_0054" 7158
"/Engine/EngineMaterials/Substrate/Glints2/dict_0001_0053" 7159
"/Engine/EngineMaterials/Substrate/Glints2/dict_0001_0052" 7160
"/Engine/EngineMaterials/Substrate/Glints2/dict_0001_0051" 7161
"/Engine/EngineMaterials/Substrate/Glints2/dict_0001_0050" 7162
"/Engine/EngineMaterials/Substrate/Glints2/dict_0001_0049" 7163
"/Engine/EngineMaterials/Substrate/Glints2/dict_0001_0048" 7164
"/Engine/EngineMaterials/Substrate/Glints2/dict_0001_0047" 7165
"/Engine/EngineMaterials/Substrate/Glints2/dict_0001_0046" 7166
"/Engine/EngineMaterials/Substrate/Glints2/dict_0001_0045" 7167
"/Engine/EngineMaterials/Substrate/Glints2/dict_0001_0044" 7168
"/Engine/EngineMaterials/Substrate/Glints2/dict_0001_0043" 7169
"/Engine/EngineMaterials/Substrate/Glints2/dict_0001_0042" 7170
"/Engine/EngineMaterials/Substrate/Glints2/dict_0001_0041" 7171
"/Engine/EngineMaterials/Substrate/Glints2/dict_0001_0040" 7172
"/Engine/EngineMaterials/Substrate/Glints2/dict_0001_0039" 7173
"/Engine/EngineMaterials/Substrate/Glints2/dict_0001_0038" 7174
"/Engine/EngineMaterials/Substrate/Glints2/dict_0001_0037" 7175
"/Engine/EngineMaterials/Substrate/Glints2/dict_0001_0036" 7176
"../../../Engine/Content/EngineMaterials/Substrate/Glints2/dict_0001_0070.uasset" 7177
"/Engine/EngineMaterials/Substrate/Glints2/dict_0001_0067" 7178
"../../../Engine/Content/EngineMaterials/Substrate/Glints2/dict_0001_0068.uasset" 7179
"../../../Engine/Content/EngineMaterials/Substrate/Glints2/dict_0001_0075.uasset" 7180
"../../../Engine/Content/EngineMaterials/Substrate/Glints2/dict_0001_0073.uasset" 7181
"../../../Engine/Content/EngineMaterials/Substrate/Glints2/dict_0001_0074.uasset" 7182
"../../../Engine/Content/EngineMaterials/Substrate/Glints2/dict_0001_0080.uasset" 7183
"../../../Engine/Content/EngineMaterials/Substrate/Glints2/dict_0001_0083.uasset" 7184
"../../../Engine/Content/EngineMaterials/Substrate/Glints2/dict_0001_0079.uasset" 7185
"../../../Engine/Content/EngineMaterials/Substrate/Glints2/dict_0001_0084.uasset" 7186
"../../../Engine/Content/EngineMaterials/Substrate/Glints2/dict_0001_0071.uasset" 7187
"../../../Engine/Content/EngineMaterials/Substrate/Glints2/dict_0001_0069.uasset" 7188
"../../../Engine/Content/EngineMaterials/Substrate/Glints2/dict_0001_0076.uasset" 7189
"../../../Engine/Content/EngineMaterials/Substrate/Glints2/dict_0001_0082.uasset" 7190
"../../../Engine/Content/EngineMaterials/Substrate/Glints2/dict_0001_0077.uasset" 7191
"../../../Engine/Content/EngineMaterials/Substrate/Glints2/dict_0001_0078.uasset" 7192
"../../../Engine/Content/EngineMaterials/Substrate/Glints2/dict_0001_0081.uasset" 7193
"/Engine/EngineMaterials/Substrate/Glints2/dict_0001_0066" 7194
"../../../Engine/Content/EngineMaterials/Substrate/Glints2/dict_0001_0085.uasset" 7195
"../../../Engine/Content/EngineMaterials/Substrate/Glints2/dict_0001_0087.uasset" 7196
"../../../Engine/Content/EngineMaterials/Substrate/Glints2/dict_0001_0088.uasset" 7197
"../../../Engine/Content/EngineMaterials/Substrate/Glints2/dict_0001_0086.uasset" 7198
"../../../Engine/Content/EngineMaterials/Substrate/Glints2/dict_0001_0089.uasset" 7199
"../../../Engine/Content/EngineMaterials/Substrate/Glints2/dict_0001_0091.uasset" 7200
"../../../Engine/Content/EngineMaterials/Substrate/Glints2/dict_0001_0090.uasset" 7201
"../../../Engine/Content/EngineMaterials/Substrate/Glints2/dict_0001_0072.uasset" 7202
"/Engine/EngineMaterials/Substrate/Glints2/dict_0001_0065" 7203
"/Engine/EngineMaterials/Substrate/Glints2/dict_0001_0064" 7204
"/Engine/EngineMaterials/Substrate/Glints2/dict_0001_0063" 7205
"/Engine/EngineMaterials/Substrate/Glints2/dict_0001_0062" 7206
"/Engine/EngineMaterials/Substrate/Glints2/dict_0001_0061" 7207
"/Engine/EngineMaterials/Substrate/Glints2/dict_0001_0060" 7208
"/Engine/EngineMaterials/Substrate/Glints2/dict_0001_0091" 7209
"../../../Engine/Content/EngineMaterials/Substrate/Glints2/dict_0001_0094.uasset" 7210
"../../../Engine/Content/EngineMaterials/Substrate/Glints2/dict_0001_0098.uasset" 7211
"../../../Engine/Content/EngineMaterials/Substrate/Glints2/dict_0001_0095.uasset" 7212
"../../../Engine/Content/EngineMaterials/Substrate/Glints2/dict_0001_0097.uasset" 7213
"../../../Engine/Content/EngineMaterials/Substrate/Glints2/dict_0001_0096.uasset" 7214
"../../../Engine/Content/EngineMaterials/Substrate/Glints2/dict_0001_0092.uasset" 7215
"../../../Engine/Content/EngineMaterials/Substrate/Glints2/dict_0001_0099.uasset" 7216
"../../../Engine/Content/EngineMaterials/Substrate/Glints2/dict_0001_0093.uasset" 7217
"/Engine/EngineMaterials/Substrate/Glints2/dict_0001_0090" 7218
"/Engine/EngineMaterials/Substrate/Glints2/dict_0001_0089" 7219
"/Engine/EngineMaterials/Substrate/Glints2/dict_0001_0088" 7220
"/Engine/EngineMaterials/Substrate/Glints2/dict_0001_0087" 7221
"/Engine/EngineMaterials/Substrate/Glints2/dict_0001_0086" 7222
"/Engine/EngineMaterials/Substrate/Glints2/dict_0001_0085" 7223
"/Engine/EngineMaterials/Substrate/Glints2/dict_0001_0084" 7224
"/Engine/EngineMaterials/Substrate/Glints2/dict_0001_0083" 7225
"/Engine/EngineMaterials/Substrate/Glints2/dict_0001_0082" 7226
"/Engine/EngineMaterials/Substrate/Glints2/dict_0001_0081" 7227
"/Engine/EngineMaterials/Substrate/Glints2/dict_0001_0080" 7228
"/Engine/EngineMaterials/Substrate/Glints2/dict_0001_0079" 7229
"/Engine/EngineMaterials/Substrate/Glints2/dict_0001_0078" 7230
"/Engine/EngineMaterials/Substrate/Glints2/dict_0001_0077" 7231
"/Engine/EngineMaterials/Substrate/Glints2/dict_0001_0076" 7232
"/Engine/EngineMaterials/Substrate/Glints2/dict_0001_0075" 7233
"/Engine/EngineMaterials/Substrate/Glints2/dict_0001_0074" 7234
"/Engine/EngineMaterials/Substrate/Glints2/dict_0001_0073" 7235
"/Engine/EngineMaterials/Substrate/Glints2/dict_0001_0072" 7236
"/Engine/EngineMaterials/Substrate/Glints2/dict_0001_0071" 7237
"/Engine/EngineMaterials/Substrate/Glints2/dict_0001_0070" 7238
"/Engine/EngineMaterials/Substrate/Glints2/dict_0001_0069" 7239
"/Engine/EngineMaterials/Substrate/Glints2/dict_0001_0068" 7240
"../../../Engine/Content/EngineMaterials/Substrate/Glints2/dict_0001_0109.uasset" 7241
"../../../Engine/Content/EngineMaterials/Substrate/Glints2/dict_0001_0106.uasset" 7242
"../../../Engine/Content/EngineMaterials/Substrate/Glints2/dict_0001_0114.uasset" 7243
"../../../Engine/Content/EngineMaterials/Substrate/Glints2/dict_0001_0104.uasset" 7244
"../../../Engine/Content/EngineMaterials/Substrate/Glints2/dict_0001_0112.uasset" 7245
"../../../Engine/Content/EngineMaterials/Substrate/Glints2/dict_0001_0110.uasset" 7246
"/Engine/EngineMaterials/Substrate/Glints2/dict_0001_0099" 7247
"../../../Engine/Content/EngineMaterials/Substrate/Glints2/dict_0001_0103.uasset" 7248
"../../../Engine/Content/EngineMaterials/Substrate/Glints2/dict_0001_0102.uasset" 7249
"../../../Engine/Content/EngineMaterials/Substrate/Glints2/dict_0001_0117.uasset" 7250
"../../../Engine/Content/EngineMaterials/Substrate/Glints2/dict_0001_0108.uasset" 7251
"../../../Engine/Content/EngineMaterials/Substrate/Glints2/dict_0001_0107.uasset" 7252
"../../../Engine/Content/EngineMaterials/Substrate/Glints2/dict_0001_0115.uasset" 7253
"../../../Engine/Content/EngineMaterials/Substrate/Glints2/dict_0001_0101.uasset" 7254
"../../../Engine/Content/EngineMaterials/Substrate/Glints2/dict_0001_0116.uasset" 7255
"../../../Engine/Content/EngineMaterials/Substrate/Glints2/dict_0001_0105.uasset" 7256
"../../../Engine/Content/EngineMaterials/Substrate/Glints2/dict_0001_0111.uasset" 7257
"../../../Engine/Content/EngineMaterials/Substrate/Glints2/dict_0001_0120.uasset" 7258
"../../../Engine/Content/EngineMaterials/Substrate/Glints2/dict_0001_0119.uasset" 7259
"../../../Engine/Content/EngineMaterials/Substrate/Glints2/dict_0001_0121.uasset" 7260
"../../../Engine/Content/EngineMaterials/Substrate/Glints2/dict_0001_0122.uasset" 7261
"../../../Engine/Content/EngineMaterials/Substrate/Glints2/dict_0001_0123.uasset" 7262
"../../../Engine/Content/EngineMaterials/Substrate/Glints2/dict_0001_0118.uasset" 7263
"../../../Engine/Content/EngineMaterials/Substrate/Glints2/dict_0001_0100.uasset" 7264
"../../../Engine/Content/EngineMaterials/Substrate/Glints2/dict_0001_0113.uasset" 7265
"/Engine/EngineMaterials/Substrate/Glints2/dict_0001_0098" 7266
"/Engine/EngineMaterials/Substrate/Glints2/dict_0001_0097" 7267
"/Engine/EngineMaterials/Substrate/Glints2/dict_0001_0096" 7268
"/Engine/EngineMaterials/Substrate/Glints2/dict_0001_0095" 7269
"/Engine/EngineMaterials/Substrate/Glints2/dict_0001_0094" 7270
"/Engine/EngineMaterials/Substrate/Glints2/dict_0001_0093" 7271
"/Engine/EngineMaterials/Substrate/Glints2/dict_0001_0092" 7272
"/Engine/EngineMaterials/Substrate/Glints2/dict_0001_0123" 7273
"../../../Engine/Content/EngineMaterials/Substrate/Glints2/dict_0001_0128.uasset" 7274
"../../../Engine/Content/EngineMaterials/Substrate/Glints2/dict_0001_0126.uasset" 7275
"../../../Engine/Content/EngineMaterials/Substrate/Glints2/dict_0001_0125.uasset" 7276
"../../../Engine/Content/EngineMaterials/Substrate/Glints2/dict_0001_0130.uasset" 7277
"../../../Engine/Content/EngineMaterials/Substrate/Glints2/dict_0001_0124.uasset" 7278
"../../../Engine/Content/EngineMaterials/Substrate/Glints2/dict_0001_0131.uasset" 7279
"../../../Engine/Content/EngineMaterials/Substrate/Glints2/dict_0001_0127.uasset" 7280
"../../../Engine/Content/EngineMaterials/Substrate/Glints2/dict_0001_0129.uasset" 7281
"/Engine/EngineMaterials/Substrate/Glints2/dict_0001_0122" 7282
"/Engine/EngineMaterials/Substrate/Glints2/dict_0001_0121" 7283
"/Engine/EngineMaterials/Substrate/Glints2/dict_0001_0120" 7284
"/Engine/EngineMaterials/Substrate/Glints2/dict_0001_0119" 7285
"/Engine/EngineMaterials/Substrate/Glints2/dict_0001_0118" 7286
"/Engine/EngineMaterials/Substrate/Glints2/dict_0001_0117" 7287
"/Engine/EngineMaterials/Substrate/Glints2/dict_0001_0116" 7288
"/Engine/EngineMaterials/Substrate/Glints2/dict_0001_0115" 7289
"/Engine/EngineMaterials/Substrate/Glints2/dict_0001_0114" 7290
"/Engine/EngineMaterials/Substrate/Glints2/dict_0001_0113" 7291
"/Engine/EngineMaterials/Substrate/Glints2/dict_0001_0112" 7292
"/Engine/EngineMaterials/Substrate/Glints2/dict_0001_0111" 7293
"/Engine/EngineMaterials/Substrate/Glints2/dict_0001_0110" 7294
"/Engine/EngineMaterials/Substrate/Glints2/dict_0001_0109" 7295
"/Engine/EngineMaterials/Substrate/Glints2/dict_0001_0108" 7296
"/Engine/EngineMaterials/Substrate/Glints2/dict_0001_0107" 7297
"/Engine/EngineMaterials/Substrate/Glints2/dict_0001_0106" 7298
"/Engine/EngineMaterials/Substrate/Glints2/dict_0001_0105" 7299
"/Engine/EngineMaterials/Substrate/Glints2/dict_0001_0104" 7300
"/Engine/EngineMaterials/Substrate/Glints2/dict_0001_0103" 7301
"/Engine/EngineMaterials/Substrate/Glints2/dict_0001_0102" 7302
"/Engine/EngineMaterials/Substrate/Glints2/dict_0001_0101" 7303
"/Engine/EngineMaterials/Substrate/Glints2/dict_0001_0100" 7304
"/Engine/EngineMaterials/Substrate/Glints2/dict_0001_0131" 7305
"../../../Engine/Content/EngineMaterials/Substrate/Glints2/dict_0001_0138.uasset" 7306
"../../../Engine/Content/EngineMaterials/Substrate/Glints2/dict_0001_0137.uasset" 7307
"../../../Engine/Content/EngineMaterials/Substrate/Glints2/dict_0001_0139.uasset" 7308
"../../../Engine/Content/EngineMaterials/Substrate/Glints2/dict_0001_0141.uasset" 7309
"../../../Engine/Content/EngineMaterials/Substrate/Glints2/dict_0001_0134.uasset" 7310
"../../../Engine/Content/EngineMaterials/Substrate/Glints2/dict_0001_0136.uasset" 7311
"../../../Engine/Content/EngineMaterials/Substrate/Glints2/dict_0001_0145.uasset" 7312
"../../../Engine/Content/EngineMaterials/Substrate/Glints2/dict_0001_0132.uasset" 7313
"../../../Engine/Content/EngineMaterials/Substrate/Glints2/dict_0001_0140.uasset" 7314
"../../../Engine/Content/EngineMaterials/Substrate/Glints2/dict_0001_0149.uasset" 7315
"../../../Engine/Content/EngineMaterials/Substrate/Glints2/dict_0001_0143.uasset" 7316
"../../../Engine/Content/EngineMaterials/Substrate/Glints2/dict_0001_0148.uasset" 7317
"../../../Engine/Content/EngineMaterials/Substrate/Glints2/dict_0001_0135.uasset" 7318
"../../../Engine/Content/EngineMaterials/Substrate/Glints2/dict_0001_0144.uasset" 7319
"../../../Engine/Content/EngineMaterials/Substrate/Glints2/dict_0001_0146.uasset" 7320
"../../../Engine/Content/EngineMaterials/Substrate/Glints2/dict_0001_0133.uasset" 7321
"../../../Engine/Content/EngineMaterials/Substrate/Glints2/dict_0001_0151.uasset" 7322
"../../../Engine/Content/EngineMaterials/Substrate/Glints2/dict_0001_0153.uasset" 7323
"../../../Engine/Content/EngineMaterials/Substrate/Glints2/dict_0001_0150.uasset" 7324
"../../../Engine/Content/EngineMaterials/Substrate/Glints2/dict_0001_0154.uasset" 7325
"../../../Engine/Content/EngineMaterials/Substrate/Glints2/dict_0001_0147.uasset" 7326
"../../../Engine/Content/EngineMaterials/Substrate/Glints2/dict_0001_0142.uasset" 7327
"../../../Engine/Content/EngineMaterials/Substrate/Glints2/dict_0001_0152.uasset" 7328
"/Engine/EngineMaterials/Substrate/Glints2/dict_0001_0130" 7329
"../../../Engine/Content/EngineMaterials/Substrate/Glints2/dict_0001_0155.uasset" 7330
"/Engine/EngineMaterials/Substrate/Glints2/dict_0001_0129" 7331
"/Engine/EngineMaterials/Substrate/Glints2/dict_0001_0128" 7332
"/Engine/EngineMaterials/Substrate/Glints2/dict_0001_0127" 7333
"/Engine/EngineMaterials/Substrate/Glints2/dict_0001_0126" 7334
"/Engine/EngineMaterials/Substrate/Glints2/dict_0001_0125" 7335
"/Engine/EngineMaterials/Substrate/Glints2/dict_0001_0124" 7336
"/Engine/EngineMaterials/Substrate/Glints2/dict_0001_0155" 7337
"../../../Engine/Content/EngineMaterials/Substrate/Glints2/dict_0001_0157.uasset" 7338
"../../../Engine/Content/EngineMaterials/Substrate/Glints2/dict_0001_0163.uasset" 7339
"../../../Engine/Content/EngineMaterials/Substrate/Glints2/dict_0001_0162.uasset" 7340
"../../../Engine/Content/EngineMaterials/Substrate/Glints2/dict_0001_0156.uasset" 7341
"../../../Engine/Content/EngineMaterials/Substrate/Glints2/dict_0001_0161.uasset" 7342
"../../../Engine/Content/EngineMaterials/Substrate/Glints2/dict_0001_0160.uasset" 7343
"../../../Engine/Content/EngineMaterials/Substrate/Glints2/dict_0001_0159.uasset" 7344
"../../../Engine/Content/EngineMaterials/Substrate/Glints2/dict_0001_0158.uasset" 7345
"/Engine/EngineMaterials/Substrate/Glints2/dict_0001_0154" 7346
"/Engine/EngineMaterials/Substrate/Glints2/dict_0001_0153" 7347
"/Engine/EngineMaterials/Substrate/Glints2/dict_0001_0152" 7348
"/Engine/EngineMaterials/Substrate/Glints2/dict_0001_0151" 7349
"/Engine/EngineMaterials/Substrate/Glints2/dict_0001_0150" 7350
"/Engine/EngineMaterials/Substrate/Glints2/dict_0001_0149" 7351
"/Engine/EngineMaterials/Substrate/Glints2/dict_0001_0148" 7352
"/Engine/EngineMaterials/Substrate/Glints2/dict_0001_0147" 7353
"/Engine/EngineMaterials/Substrate/Glints2/dict_0001_0146" 7354
"/Engine/EngineMaterials/Substrate/Glints2/dict_0001_0145" 7355
"/Engine/EngineMaterials/Substrate/Glints2/dict_0001_0144" 7356
"/Engine/EngineMaterials/Substrate/Glints2/dict_0001_0143" 7357
"/Engine/EngineMaterials/Substrate/Glints2/dict_0001_0142" 7358
"/Engine/EngineMaterials/Substrate/Glints2/dict_0001_0141" 7359
"/Engine/EngineMaterials/Substrate/Glints2/dict_0001_0140" 7360
"/Engine/EngineMaterials/Substrate/Glints2/dict_0001_0139" 7361
"/Engine/EngineMaterials/Substrate/Glints2/dict_0001_0138" 7362
"/Engine/EngineMaterials/Substrate/Glints2/dict_0001_0137" 7363
"/Engine/EngineMaterials/Substrate/Glints2/dict_0001_0136" 7364
"/Engine/EngineMaterials/Substrate/Glints2/dict_0001_0135" 7365
"/Engine/EngineMaterials/Substrate/Glints2/dict_0001_0134" 7366
"/Engine/EngineMaterials/Substrate/Glints2/dict_0001_0133" 7367
"/Engine/EngineMaterials/Substrate/Glints2/dict_0001_0132" 7368
"../../../Engine/Content/EngineMaterials/Substrate/Glints2/dict_0001_0164.uasset" 7369
"../../../Engine/Content/EngineMaterials/Substrate/Glints2/dict_0001_0174.uasset" 7370
"../../../Engine/Content/EngineMaterials/Substrate/Glints2/dict_0001_0167.uasset" 7371
"../../../Engine/Content/EngineMaterials/Substrate/Glints2/dict_0001_0176.uasset" 7372
"../../../Engine/Content/EngineMaterials/Substrate/Glints2/dict_0001_0172.uasset" 7373
"/Engine/EngineMaterials/Substrate/Glints2/dict_0001_0163" 7374
"../../../Engine/Content/EngineMaterials/Substrate/Glints2/dict_0001_0165.uasset" 7375
"../../../Engine/Content/EngineMaterials/Substrate/Glints2/dict_0001_0179.uasset" 7376
"../../../Engine/Content/EngineMaterials/Substrate/Glints2/dict_0001_0173.uasset" 7377
"../../../Engine/Content/EngineMaterials/Substrate/Glints2/dict_0001_0166.uasset" 7378
"../../../Engine/Content/EngineMaterials/Substrate/Glints2/dict_0001_0178.uasset" 7379
"../../../Engine/Content/EngineMaterials/Substrate/Glints2/dict_0001_0180.uasset" 7380
"../../../Engine/Content/EngineMaterials/Substrate/Glints2/dict_0001_0177.uasset" 7381
"../../../Engine/Content/EngineMaterials/Substrate/Glints2/dict_0001_0170.uasset" 7382
"../../../Engine/Content/EngineMaterials/Substrate/Glints2/dict_0001_0171.uasset" 7383
"../../../Engine/Content/EngineMaterials/Substrate/Glints2/dict_0001_0181.uasset" 7384
"../../../Engine/Content/EngineMaterials/Substrate/Glints2/dict_0001_0175.uasset" 7385
"../../../Engine/Content/EngineMaterials/Substrate/Glints2/dict_0001_0168.uasset" 7386
"../../../Engine/Content/EngineMaterials/Substrate/Glints2/dict_0001_0186.uasset" 7387
"../../../Engine/Content/EngineMaterials/Substrate/Glints2/dict_0001_0184.uasset" 7388
"../../../Engine/Content/EngineMaterials/Substrate/Glints2/dict_0001_0183.uasset" 7389
"../../../Engine/Content/EngineMaterials/Substrate/Glints2/dict_0001_0185.uasset" 7390
"../../../Engine/Content/EngineMaterials/Substrate/Glints2/dict_0001_0187.uasset" 7391
"/Engine/EngineMaterials/Substrate/Glints2/dict_0001_0162" 7392
"../../../Engine/Content/EngineMaterials/Substrate/Glints2/dict_0001_0182.uasset" 7393
"../../../Engine/Content/EngineMaterials/Substrate/Glints2/dict_0001_0169.uasset" 7394
"/Engine/EngineMaterials/Substrate/Glints2/dict_0001_0161" 7395
"/Engine/EngineMaterials/Substrate/Glints2/dict_0001_0160" 7396
"/Engine/EngineMaterials/Substrate/Glints2/dict_0001_0159" 7397
"/Engine/EngineMaterials/Substrate/Glints2/dict_0001_0158" 7398
"/Engine/EngineMaterials/Substrate/Glints2/dict_0001_0157" 7399
"/Engine/EngineMaterials/Substrate/Glints2/dict_0001_0156" 7400
"/Engine/EngineMaterials/Substrate/Glints2/dict_0001_0187" 7401
"../../../Engine/Content/EngineMaterials/Substrate/Glints2/dict_0001_0188.uasset" 7402
"../../../Engine/Content/EngineMaterials/Substrate/Glints2/dict_0001_0195.uasset" 7403
"../../../Engine/Content/EngineMaterials/Substrate/Glints2/dict_0001_0192.uasset" 7404
"../../../Engine/Content/EngineMaterials/Substrate/Glints2/dict_0001_0190.uasset" 7405
"../../../Engine/Content/EngineMaterials/Substrate/Glints2/dict_0001_0191.uasset" 7406
"../../../Engine/Content/EngineMaterials/Substrate/Glints2/dict_0001_0193.uasset" 7407
"../../../Engine/Content/EngineMaterials/Substrate/Glints2/dict_0001_0194.uasset" 7408
"../../../Engine/Content/EngineMaterials/Substrate/Glints2/dict_0001_0189.uasset" 7409
"/Engine/EngineMaterials/Substrate/Glints2/dict_0001_0186" 7410
"/Engine/EngineMaterials/Substrate/Glints2/dict_0001_0185" 7411
"/Engine/EngineMaterials/Substrate/Glints2/dict_0001_0184" 7412
"/Engine/EngineMaterials/Substrate/Glints2/dict_0001_0183" 7413
"/Engine/EngineMaterials/Substrate/Glints2/dict_0001_0182" 7414
"/Engine/EngineMaterials/Substrate/Glints2/dict_0001_0181" 7415
"/Engine/EngineMaterials/Substrate/Glints2/dict_0001_0180" 7416
"/Engine/EngineMaterials/Substrate/Glints2/dict_0001_0179" 7417
"/Engine/EngineMaterials/Substrate/Glints2/dict_0001_0178" 7418
"/Engine/EngineMaterials/Substrate/Glints2/dict_0001_0177" 7419
"/Engine/EngineMaterials/Substrate/Glints2/dict_0001_0176" 7420
"/Engine/EngineMaterials/Substrate/Glints2/dict_0001_0175" 7421
"/Engine/EngineMaterials/Substrate/Glints2/dict_0001_0174" 7422
"/Engine/EngineMaterials/Substrate/Glints2/dict_0001_0173" 7423
"/Engine/EngineMaterials/Substrate/Glints2/dict_0001_0172" 7424
"/Engine/EngineMaterials/Substrate/Glints2/dict_0001_0171" 7425
"/Engine/EngineMaterials/Substrate/Glints2/dict_0001_0170" 7426
"/Engine/EngineMaterials/Substrate/Glints2/dict_0001_0169" 7427
"/Engine/EngineMaterials/Substrate/Glints2/dict_0001_0168" 7428
"/Engine/EngineMaterials/Substrate/Glints2/dict_0001_0167" 7429
"/Engine/EngineMaterials/Substrate/Glints2/dict_0001_0166" 7430
"/Engine/EngineMaterials/Substrate/Glints2/dict_0001_0165" 7431
"/Engine/EngineMaterials/Substrate/Glints2/dict_0001_0164" 7432
"../../../Engine/Content/EngineMaterials/Substrate/Glints2/dict_0001_0199.uasset" 7433
"../../../Engine/Content/EngineMaterials/Substrate/Glints2/dict_0001_0200.uasset" 7434
"../../../Engine/Content/EngineMaterials/Substrate/Glints2/dict_0001_0201.uasset" 7435
"../../../Engine/Content/EngineMaterials/Substrate/Glints2/dict_0001_0207.uasset" 7436
"/Engine/EngineMaterials/Substrate/Glints2/dict_0001_0195" 7437
"../../../Engine/Content/EngineMaterials/Substrate/Glints2/dict_0001_0210.uasset" 7438
"../../../Engine/Content/EngineMaterials/Substrate/Glints2/dict_0001_0213.uasset" 7439
"../../../Engine/Content/EngineMaterials/Substrate/Glints2/dict_0001_0216.uasset" 7440
"../../../Engine/Content/EngineMaterials/Substrate/Glints2/dict_0001_0212.uasset" 7441
"../../../Engine/Content/EngineMaterials/Substrate/Glints2/dict_0001_0204.uasset" 7442
"../../../Engine/Content/EngineMaterials/Substrate/Glints2/dict_0001_0209.uasset" 7443
"../../../Engine/Content/EngineMaterials/Substrate/Glints2/dict_0001_0208.uasset" 7444
"../../../Engine/Content/EngineMaterials/Substrate/Glints2/dict_0001_0202.uasset" 7445
"../../../Engine/Content/EngineMaterials/Substrate/Glints2/dict_0001_0206.uasset" 7446
"../../../Engine/Content/EngineMaterials/Substrate/Glints2/dict_0001_0205.uasset" 7447
"../../../Engine/Content/EngineMaterials/Substrate/Glints2/dict_0001_0203.uasset" 7448
"../../../Engine/Content/EngineMaterials/Substrate/Glints2/dict_0001_0214.uasset" 7449
"../../../Engine/Content/EngineMaterials/Substrate/Glints2/dict_0001_0196.uasset" 7450
"../../../Engine/Content/EngineMaterials/Substrate/Glints2/dict_0001_0219.uasset" 7451
"../../../Engine/Content/EngineMaterials/Substrate/Glints2/dict_0001_0211.uasset" 7452
"/Engine/EngineMaterials/Substrate/Glints2/dict_0001_0194" 7453
"../../../Engine/Content/EngineMaterials/Substrate/Glints2/dict_0001_0215.uasset" 7454
"../../../Engine/Content/EngineMaterials/Substrate/Glints2/dict_0001_0198.uasset" 7455
"../../../Engine/Content/EngineMaterials/Substrate/Glints2/dict_0001_0217.uasset" 7456
"../../../Engine/Content/EngineMaterials/Substrate/Glints2/dict_0001_0197.uasset" 7457
"../../../Engine/Content/EngineMaterials/Substrate/Glints2/dict_0001_0218.uasset" 7458
"/Engine/EngineMaterials/Substrate/Glints2/dict_0001_0193" 7459
"/Engine/EngineMaterials/Substrate/Glints2/dict_0001_0192" 7460
"/Engine/EngineMaterials/Substrate/Glints2/dict_0001_0191" 7461
"/Engine/EngineMaterials/Substrate/Glints2/dict_0001_0190" 7462
"/Engine/EngineMaterials/Substrate/Glints2/dict_0001_0189" 7463
"/Engine/EngineMaterials/Substrate/Glints2/dict_0001_0188" 7464
"/Engine/EngineMaterials/Substrate/Glints2/dict_0001_0219" 7465
"../../../Engine/Content/EngineMaterials/Substrate/Glints2/dict_0001_0223.uasset" 7466
"../../../Engine/Content/EngineMaterials/Substrate/Glints2/dict_0001_0224.uasset" 7467
"../../../Engine/Content/EngineMaterials/Substrate/Glints2/dict_0001_0226.uasset" 7468
"../../../Engine/Content/EngineMaterials/Substrate/Glints2/dict_0001_0225.uasset" 7469
"../../../Engine/Content/EngineMaterials/Substrate/Glints2/dict_0001_0221.uasset" 7470
"../../../Engine/Content/EngineMaterials/Substrate/Glints2/dict_0001_0222.uasset" 7471
"../../../Engine/Content/EngineMaterials/Substrate/Glints2/dict_0001_0227.uasset" 7472
"../../../Engine/Content/EngineMaterials/Substrate/Glints2/dict_0001_0220.uasset" 7473
"/Engine/EngineMaterials/Substrate/Glints2/dict_0001_0218" 7474
"/Engine/EngineMaterials/Substrate/Glints2/dict_0001_0217" 7475
"/Engine/EngineMaterials/Substrate/Glints2/dict_0001_0216" 7476
"/Engine/EngineMaterials/Substrate/Glints2/dict_0001_0215" 7477
"/Engine/EngineMaterials/Substrate/Glints2/dict_0001_0214" 7478
"/Engine/EngineMaterials/Substrate/Glints2/dict_0001_0213" 7479
"/Engine/EngineMaterials/Substrate/Glints2/dict_0001_0212" 7480
"/Engine/EngineMaterials/Substrate/Glints2/dict_0001_0211" 7481
"/Engine/EngineMaterials/Substrate/Glints2/dict_0001_0210" 7482
"/Engine/EngineMaterials/Substrate/Glints2/dict_0001_0209" 7483
"/Engine/EngineMaterials/Substrate/Glints2/dict_0001_0208" 7484
"/Engine/EngineMaterials/Substrate/Glints2/dict_0001_0207" 7485
"/Engine/EngineMaterials/Substrate/Glints2/dict_0001_0206" 7486
"/Engine/EngineMaterials/Substrate/Glints2/dict_0001_0205" 7487
"/Engine/EngineMaterials/Substrate/Glints2/dict_0001_0204" 7488
"/Engine/EngineMaterials/Substrate/Glints2/dict_0001_0203" 7489
"/Engine/EngineMaterials/Substrate/Glints2/dict_0001_0202" 7490
"/Engine/EngineMaterials/Substrate/Glints2/dict_0001_0201" 7491
"/Engine/EngineMaterials/Substrate/Glints2/dict_0001_0200" 7492
"/Engine/EngineMaterials/Substrate/Glints2/dict_0001_0199" 7493
"/Engine/EngineMaterials/Substrate/Glints2/dict_0001_0198" 7494
"/Engine/EngineMaterials/Substrate/Glints2/dict_0001_0197" 7495
"/Engine/EngineMaterials/Substrate/Glints2/dict_0001_0196" 7496
"../../../Engine/Content/EngineMaterials/Substrate/Glints2/dict_0001_0232.uasset" 7497
"/Engine/EngineMaterials/Substrate/Glints2/dict_0001_0227" 7498
"../../../Engine/Content/EngineMaterials/Substrate/Glints2/dict_0001_0233.uasset" 7499
"../../../Engine/Content/EngineMaterials/Substrate/Glints2/dict_0001_0229.uasset" 7500
"../../../Engine/Content/EngineMaterials/Substrate/Glints2/dict_0001_0228.uasset" 7501
"../../../Engine/Content/EngineMaterials/Substrate/Glints2/dict_0001_0236.uasset" 7502
"../../../Engine/Content/EngineMaterials/Substrate/Glints2/dict_0001_0238.uasset" 7503
"../../../Engine/Content/EngineMaterials/Substrate/Glints2/dict_0001_0234.uasset" 7504
"../../../Engine/Content/EngineMaterials/Substrate/Glints2/dict_0001_0245.uasset" 7505
"../../../Engine/Content/EngineMaterials/Substrate/Glints2/dict_0001_0244.uasset" 7506
"../../../Engine/Content/EngineMaterials/Substrate/Glints2/dict_0001_0249.uasset" 7507
"../../../Engine/Content/EngineMaterials/Substrate/Glints2/dict_0001_0239.uasset" 7508
"../../../Engine/Content/EngineMaterials/Substrate/Glints2/dict_0001_0243.uasset" 7509
"../../../Engine/Content/EngineMaterials/Substrate/Glints2/dict_0001_0241.uasset" 7510
"../../../Engine/Content/EngineMaterials/Substrate/Glints2/dict_0001_0231.uasset" 7511
"../../../Engine/Content/EngineMaterials/Substrate/Glints2/dict_0001_0246.uasset" 7512
"../../../Engine/Content/EngineMaterials/Substrate/Glints2/dict_0001_0235.uasset" 7513
"/Engine/EngineMaterials/Substrate/Glints2/dict_0001_0226" 7514
"../../../Engine/Content/EngineMaterials/Substrate/Glints2/dict_0001_0230.uasset" 7515
"../../../Engine/Content/EngineMaterials/Substrate/Glints2/dict_0001_0242.uasset" 7516
"../../../Engine/Content/EngineMaterials/Substrate/Glints2/dict_0001_0240.uasset" 7517
"../../../Engine/Content/EngineMaterials/Substrate/Glints2/dict_0001_0250.uasset" 7518
"../../../Engine/Content/EngineMaterials/Substrate/Glints2/dict_0001_0237.uasset" 7519
"../../../Engine/Content/EngineMaterials/Substrate/Glints2/dict_0001_0251.uasset" 7520
"../../../Engine/Content/EngineMaterials/Substrate/Glints2/dict_0001_0248.uasset" 7521
"../../../Engine/Content/EngineMaterials/Substrate/Glints2/dict_0001_0247.uasset" 7522
"/Engine/EngineMaterials/Substrate/Glints2/dict_0001_0225" 7523
"/Engine/EngineMaterials/Substrate/Glints2/dict_0001_0224" 7524
"/Engine/EngineMaterials/Substrate/Glints2/dict_0001_0223" 7525
"/Engine/EngineMaterials/Substrate/Glints2/dict_0001_0222" 7526
"/Engine/EngineMaterials/Substrate/Glints2/dict_0001_0221" 7527
"/Engine/EngineMaterials/Substrate/Glints2/dict_0001_0220" 7528
"/Engine/EngineMaterials/Substrate/Glints2/dict_0001_0251" 7529
"../../../Engine/Content/EngineMaterials/Substrate/Glints2/dict_0002_0002.uasset" 7530
"../../../Engine/Content/EngineMaterials/Substrate/Glints2/dict_0002_0001.uasset" 7531
"../../../Engine/Content/EngineMaterials/Substrate/Glints2/dict_0002_0003.uasset" 7532
"../../../Engine/Content/EngineMaterials/Substrate/Glints2/dict_0001_0254.uasset" 7533
"../../../Engine/Content/EngineMaterials/Substrate/Glints2/dict_0001_0253.uasset" 7534
"../../../Engine/Content/EngineMaterials/Substrate/Glints2/dict_0002_0000.uasset" 7535
"../../../Engine/Content/EngineMaterials/Substrate/Glints2/dict_0001_0255.uasset" 7536
"../../../Engine/Content/EngineMaterials/Substrate/Glints2/dict_0001_0252.uasset" 7537
"/Engine/EngineMaterials/Substrate/Glints2/dict_0001_0250" 7538
"/Engine/EngineMaterials/Substrate/Glints2/dict_0001_0249" 7539
"/Engine/EngineMaterials/Substrate/Glints2/dict_0001_0248" 7540
"C:/Users/xingh/AppData/Local/Temp/UnrealShaderWorkingDir/4978E7A5472AB1D50C19DAB24456E12C/1/WorkerOutputOnly.out" 7541
"/Engine/EngineMaterials/Substrate/Glints2/dict_0001_0247" 7542
"/Engine/EngineMaterials/Substrate/Glints2/dict_0001_0246" 7543
"C:/Users/xingh/AppData/Local/Temp/UnrealShaderWorkingDir/4978E7A5472AB1D50C19DAB24456E12C/5/WorkerOutputOnly.out" 7544
"/Engine/EngineMaterials/Substrate/Glints2/dict_0001_0245" 7545
"/Engine/EngineMaterials/Substrate/Glints2/dict_0001_0244" 7546
"/Engine/EngineMaterials/Substrate/Glints2/dict_0001_0243" 7547
"C:/Users/xingh/AppData/Local/Temp/UnrealShaderWorkingDir/4978E7A5472AB1D50C19DAB24456E12C/18/WorkerOutputOnly.out" 7548
"/Engine/EngineMaterials/Substrate/Glints2/dict_0001_0242" 7549
"/Engine/EngineMaterials/Substrate/Glints2/dict_0001_0241" 7550
"C:/Users/xingh/AppData/Local/Temp/UnrealShaderWorkingDir/4978E7A5472AB1D50C19DAB24456E12C/20/WorkerOutputOnly.out" 7551
"/Engine/EngineMaterials/Substrate/Glints2/dict_0001_0240" 7552
"/Engine/EngineMaterials/Substrate/Glints2/dict_0001_0239" 7553
"/Engine/EngineMaterials/Substrate/Glints2/dict_0001_0238" 7554
"/Engine/EngineMaterials/Substrate/Glints2/dict_0001_0237" 7555
"/Engine/EngineMaterials/Substrate/Glints2/dict_0001_0236" 7556
"/Engine/EngineMaterials/Substrate/Glints2/dict_0001_0235" 7557
"/Engine/EngineMaterials/Substrate/Glints2/dict_0001_0234" 7558
"/Engine/EngineMaterials/Substrate/Glints2/dict_0001_0233" 7559
"/Engine/EngineMaterials/Substrate/Glints2/dict_0001_0232" 7560
"/Engine/EngineMaterials/Substrate/Glints2/dict_0001_0231" 7561
"/Engine/EngineMaterials/Substrate/Glints2/dict_0001_0230" 7562
"/Engine/EngineMaterials/Substrate/Glints2/dict_0001_0229" 7563
"/Engine/EngineMaterials/Substrate/Glints2/dict_0001_0228" 7564
"../../../Engine/Content/EngineMaterials/Substrate/Glints2/dict_0002_0007.uasset" 7565
"../../../Engine/Content/EngineMaterials/Substrate/Glints2/dict_0002_0010.uasset" 7566
"/Engine/EngineMaterials/Substrate/Glints2/dict_0002_0003" 7567
"../../../Engine/Content/EngineMaterials/Substrate/Glints2/dict_0002_0009.uasset" 7568
"../../../Engine/Content/EngineMaterials/Substrate/Glints2/dict_0002_0011.uasset" 7569
"../../../Engine/Content/EngineMaterials/Substrate/Glints2/dict_0002_0004.uasset" 7570
"../../../Engine/Content/EngineMaterials/Substrate/Glints2/dict_0002_0016.uasset" 7571
"../../../Engine/Content/EngineMaterials/Substrate/Glints2/dict_0002_0021.uasset" 7572
"../../../Engine/Content/EngineMaterials/Substrate/Glints2/dict_0002_0022.uasset" 7573
"../../../Engine/Content/EngineMaterials/Substrate/Glints2/dict_0002_0012.uasset" 7574
"../../../Engine/Content/EngineMaterials/Substrate/Glints2/dict_0002_0008.uasset" 7575
"../../../Engine/Content/EngineMaterials/Substrate/Glints2/dict_0002_0020.uasset" 7576
"../../../Engine/Content/EngineMaterials/Substrate/Glints2/dict_0002_0006.uasset" 7577
"../../../Engine/Content/EngineMaterials/Substrate/Glints2/dict_0002_0017.uasset" 7578
"../../../Engine/Content/EngineMaterials/Substrate/Glints2/dict_0002_0018.uasset" 7579
"../../../Engine/Content/EngineMaterials/Substrate/Glints2/dict_0002_0015.uasset" 7580
"../../../Engine/Content/EngineMaterials/Substrate/Glints2/dict_0002_0013.uasset" 7581
"../../../Engine/Content/EngineMaterials/Substrate/Glints2/dict_0002_0025.uasset" 7582
"/Engine/EngineMaterials/Substrate/Glints2/dict_0002_0002" 7583
"../../../Engine/Content/EngineMaterials/Substrate/Glints2/dict_0002_0024.uasset" 7584
"../../../Engine/Content/EngineMaterials/Substrate/Glints2/dict_0002_0027.uasset" 7585
"../../../Engine/Content/EngineMaterials/Substrate/Glints2/dict_0002_0014.uasset" 7586
"../../../Engine/Content/EngineMaterials/Substrate/Glints2/dict_0002_0026.uasset" 7587
"../../../Engine/Content/EngineMaterials/Substrate/Glints2/dict_0002_0019.uasset" 7588
"../../../Engine/Content/EngineMaterials/Substrate/Glints2/dict_0002_0005.uasset" 7589
"../../../Engine/Content/EngineMaterials/Substrate/Glints2/dict_0002_0023.uasset" 7590
"/Engine/EngineMaterials/Substrate/Glints2/dict_0002_0001" 7591
"/Engine/EngineMaterials/Substrate/Glints2/dict_0002_0000" 7592
"/Engine/EngineMaterials/Substrate/Glints2/dict_0001_0255" 7593
"/Engine/EngineMaterials/Substrate/Glints2/dict_0001_0254" 7594
"/Engine/EngineMaterials/Substrate/Glints2/dict_0001_0253" 7595
"/Engine/EngineMaterials/Substrate/Glints2/dict_0001_0252" 7596
"/Engine/EngineMaterials/Substrate/Glints2/dict_0002_0027" 7597
"../../../Engine/Content/EngineMaterials/Substrate/Glints2/dict_0002_0035.uasset" 7598
"../../../Engine/Content/EngineMaterials/Substrate/Glints2/dict_0002_0032.uasset" 7599
"../../../Engine/Content/EngineMaterials/Substrate/Glints2/dict_0002_0034.uasset" 7600
"../../../Engine/Content/EngineMaterials/Substrate/Glints2/dict_0002_0031.uasset" 7601
"../../../Engine/Content/EngineMaterials/Substrate/Glints2/dict_0002_0029.uasset" 7602
"../../../Engine/Content/EngineMaterials/Substrate/Glints2/dict_0002_0030.uasset" 7603
"../../../Engine/Content/EngineMaterials/Substrate/Glints2/dict_0002_0033.uasset" 7604
"../../../Engine/Content/EngineMaterials/Substrate/Glints2/dict_0002_0028.uasset" 7605
"/Engine/EngineMaterials/Substrate/Glints2/dict_0002_0026" 7606
"/Engine/EngineMaterials/Substrate/Glints2/dict_0002_0025" 7607
"/Engine/EngineMaterials/Substrate/Glints2/dict_0002_0024" 7608
"/Engine/EngineMaterials/Substrate/Glints2/dict_0002_0023" 7609
"/Engine/EngineMaterials/Substrate/Glints2/dict_0002_0022" 7610
"/Engine/EngineMaterials/Substrate/Glints2/dict_0002_0021" 7611
"/Engine/EngineMaterials/Substrate/Glints2/dict_0002_0020" 7612
"/Engine/EngineMaterials/Substrate/Glints2/dict_0002_0019" 7613
"/Engine/EngineMaterials/Substrate/Glints2/dict_0002_0018" 7614
"/Engine/EngineMaterials/Substrate/Glints2/dict_0002_0017" 7615
"/Engine/EngineMaterials/Substrate/Glints2/dict_0002_0016" 7616
"/Engine/EngineMaterials/Substrate/Glints2/dict_0002_0015" 7617
"/Engine/EngineMaterials/Substrate/Glints2/dict_0002_0014" 7618
"/Engine/EngineMaterials/Substrate/Glints2/dict_0002_0013" 7619
"/Engine/EngineMaterials/Substrate/Glints2/dict_0002_0012" 7620
"/Engine/EngineMaterials/Substrate/Glints2/dict_0002_0011" 7621
"/Engine/EngineMaterials/Substrate/Glints2/dict_0002_0010" 7622
"/Engine/EngineMaterials/Substrate/Glints2/dict_0002_0009" 7623
"/Engine/EngineMaterials/Substrate/Glints2/dict_0002_0008" 7624
"/Engine/EngineMaterials/Substrate/Glints2/dict_0002_0007" 7625
"/Engine/EngineMaterials/Substrate/Glints2/dict_0002_0006" 7626
"/Engine/EngineMaterials/Substrate/Glints2/dict_0002_0005" 7627
"/Engine/EngineMaterials/Substrate/Glints2/dict_0002_0004" 7628
"../../../Engine/Content/EngineMaterials/Substrate/Glints2/dict_0002_0037.uasset" 7629
"../../../Engine/Content/EngineMaterials/Substrate/Glints2/dict_0002_0043.uasset" 7630
"../../../Engine/Content/EngineMaterials/Substrate/Glints2/dict_0002_0038.uasset" 7631
"../../../Engine/Content/EngineMaterials/Substrate/Glints2/dict_0002_0044.uasset" 7632
"../../../Engine/Content/EngineMaterials/Substrate/Glints2/dict_0002_0040.uasset" 7633
"../../../Engine/Content/EngineMaterials/Substrate/Glints2/dict_0002_0042.uasset" 7634
"../../../Engine/Content/EngineMaterials/Substrate/Glints2/dict_0002_0050.uasset" 7635
"/Engine/EngineMaterials/Substrate/Glints2/dict_0002_0035" 7636
"../../../Engine/Content/EngineMaterials/Substrate/Glints2/dict_0002_0052.uasset" 7637
"../../../Engine/Content/EngineMaterials/Substrate/Glints2/dict_0002_0055.uasset" 7638
"../../../Engine/Content/EngineMaterials/Substrate/Glints2/dict_0002_0047.uasset" 7639
"../../../Engine/Content/EngineMaterials/Substrate/Glints2/dict_0002_0041.uasset" 7640
"../../../Engine/Content/EngineMaterials/Substrate/Glints2/dict_0002_0056.uasset" 7641
"../../../Engine/Content/EngineMaterials/Substrate/Glints2/dict_0002_0046.uasset" 7642
"../../../Engine/Content/EngineMaterials/Substrate/Glints2/dict_0002_0057.uasset" 7643
"../../../Engine/Content/EngineMaterials/Substrate/Glints2/dict_0002_0049.uasset" 7644
"../../../Engine/Content/EngineMaterials/Substrate/Glints2/dict_0002_0059.uasset" 7645
"../../../Engine/Content/EngineMaterials/Substrate/Glints2/dict_0002_0036.uasset" 7646
"../../../Engine/Content/EngineMaterials/Substrate/Glints2/dict_0002_0054.uasset" 7647
"../../../Engine/Content/EngineMaterials/Substrate/Glints2/dict_0002_0039.uasset" 7648
"../../../Engine/Content/EngineMaterials/Substrate/Glints2/dict_0002_0045.uasset" 7649
"../../../Engine/Content/EngineMaterials/Substrate/Glints2/dict_0002_0048.uasset" 7650
"../../../Engine/Content/EngineMaterials/Substrate/Glints2/dict_0002_0053.uasset" 7651
"../../../Engine/Content/EngineMaterials/Substrate/Glints2/dict_0002_0058.uasset" 7652
"../../../Engine/Content/EngineMaterials/Substrate/Glints2/dict_0002_0051.uasset" 7653
"/Engine/EngineMaterials/Substrate/Glints2/dict_0002_0034" 7654
"C:/Users/xingh/AppData/Local/Temp/UnrealShaderWorkingDir/4978E7A5472AB1D50C19DAB24456E12C/2/WorkerOutputOnly.out" 7655
"/Engine/EngineMaterials/Substrate/Glints2/dict_0002_0033" 7656
"C:/Users/xingh/AppData/Local/Temp/UnrealShaderWorkingDir/4978E7A5472AB1D50C19DAB24456E12C/4/WorkerOutputOnly.out" 7657
"/Engine/EngineMaterials/Substrate/Glints2/dict_0002_0032" 7658
"/Engine/EngineMaterials/Substrate/Glints2/dict_0002_0031" 7659
"/Engine/EngineMaterials/Substrate/Glints2/dict_0002_0030" 7660
"/Engine/EngineMaterials/Substrate/Glints2/dict_0002_0029" 7661
"/Engine/EngineMaterials/Substrate/Glints2/dict_0002_0028" 7662
"/Engine/EngineMaterials/Substrate/Glints2/dict_0002_0059" 7663
"../../../Engine/Content/EngineMaterials/Substrate/Glints2/dict_0002_0067.uasset" 7664
"../../../Engine/Content/EngineMaterials/Substrate/Glints2/dict_0002_0063.uasset" 7665
"../../../Engine/Content/EngineMaterials/Substrate/Glints2/dict_0002_0065.uasset" 7666
"../../../Engine/Content/EngineMaterials/Substrate/Glints2/dict_0002_0061.uasset" 7667
"../../../Engine/Content/EngineMaterials/Substrate/Glints2/dict_0002_0066.uasset" 7668
"../../../Engine/Content/EngineMaterials/Substrate/Glints2/dict_0002_0060.uasset" 7669
"../../../Engine/Content/EngineMaterials/Substrate/Glints2/dict_0002_0062.uasset" 7670
"../../../Engine/Content/EngineMaterials/Substrate/Glints2/dict_0002_0064.uasset" 7671
"/Engine/EngineMaterials/Substrate/Glints2/dict_0002_0058" 7672
"/Engine/EngineMaterials/Substrate/Glints2/dict_0002_0057" 7673
"/Engine/EngineMaterials/Substrate/Glints2/dict_0002_0056" 7674
"/Engine/EngineMaterials/Substrate/Glints2/dict_0002_0055" 7675
"/Engine/EngineMaterials/Substrate/Glints2/dict_0002_0054" 7676
"/Engine/EngineMaterials/Substrate/Glints2/dict_0002_0053" 7677
"/Engine/EngineMaterials/Substrate/Glints2/dict_0002_0052" 7678
"/Engine/EngineMaterials/Substrate/Glints2/dict_0002_0051" 7679
"/Engine/EngineMaterials/Substrate/Glints2/dict_0002_0050" 7680
"/Engine/EngineMaterials/Substrate/Glints2/dict_0002_0049" 7681
"/Engine/EngineMaterials/Substrate/Glints2/dict_0002_0048" 7682
"/Engine/EngineMaterials/Substrate/Glints2/dict_0002_0047" 7683
"/Engine/EngineMaterials/Substrate/Glints2/dict_0002_0046" 7684
"/Engine/EngineMaterials/Substrate/Glints2/dict_0002_0045" 7685
"/Engine/EngineMaterials/Substrate/Glints2/dict_0002_0044" 7686
"/Engine/EngineMaterials/Substrate/Glints2/dict_0002_0043" 7687
"/Engine/EngineMaterials/Substrate/Glints2/dict_0002_0042" 7688
"/Engine/EngineMaterials/Substrate/Glints2/dict_0002_0041" 7689
"/Engine/EngineMaterials/Substrate/Glints2/dict_0002_0040" 7690
"/Engine/EngineMaterials/Substrate/Glints2/dict_0002_0039" 7691
"/Engine/EngineMaterials/Substrate/Glints2/dict_0002_0038" 7692
"/Engine/EngineMaterials/Substrate/Glints2/dict_0002_0037" 7693
"/Engine/EngineMaterials/Substrate/Glints2/dict_0002_0036" 7694
"../../../Engine/Content/EngineMaterials/Substrate/Glints2/dict_0002_0070.uasset" 7695
"../../../Engine/Content/EngineMaterials/Substrate/Glints2/dict_0002_0072.uasset" 7696
"../../../Engine/Content/EngineMaterials/Substrate/Glints2/dict_0002_0078.uasset" 7697
"../../../Engine/Content/EngineMaterials/Substrate/Glints2/dict_0002_0079.uasset" 7698
"../../../Engine/Content/EngineMaterials/Substrate/Glints2/dict_0002_0074.uasset" 7699
"../../../Engine/Content/EngineMaterials/Substrate/Glints2/dict_0002_0082.uasset" 7700
"../../../Engine/Content/EngineMaterials/Substrate/Glints2/dict_0002_0081.uasset" 7701
"../../../Engine/Content/EngineMaterials/Substrate/Glints2/dict_0002_0076.uasset" 7702
"../../../Engine/Content/EngineMaterials/Substrate/Glints2/dict_0002_0085.uasset" 7703
"../../../Engine/Content/EngineMaterials/Substrate/Glints2/dict_0002_0080.uasset" 7704
"/Engine/EngineMaterials/Substrate/Glints2/dict_0002_0067" 7705
"../../../Engine/Content/EngineMaterials/Substrate/Glints2/dict_0002_0084.uasset" 7706
"../../../Engine/Content/EngineMaterials/Substrate/Glints2/dict_0002_0069.uasset" 7707
"../../../Engine/Content/EngineMaterials/Substrate/Glints2/dict_0002_0083.uasset" 7708
"../../../Engine/Content/EngineMaterials/Substrate/Glints2/dict_0002_0089.uasset" 7709
"../../../Engine/Content/EngineMaterials/Substrate/Glints2/dict_0002_0075.uasset" 7710
"../../../Engine/Content/EngineMaterials/Substrate/Glints2/dict_0002_0071.uasset" 7711
"../../../Engine/Content/EngineMaterials/Substrate/Glints2/dict_0002_0068.uasset" 7712
"../../../Engine/Content/EngineMaterials/Substrate/Glints2/dict_0002_0087.uasset" 7713
"../../../Engine/Content/EngineMaterials/Substrate/Glints2/dict_0002_0091.uasset" 7714
"../../../Engine/Content/EngineMaterials/Substrate/Glints2/dict_0002_0086.uasset" 7715
"../../../Engine/Content/EngineMaterials/Substrate/Glints2/dict_0002_0073.uasset" 7716
"../../../Engine/Content/EngineMaterials/Substrate/Glints2/dict_0002_0088.uasset" 7717
"../../../Engine/Content/EngineMaterials/Substrate/Glints2/dict_0002_0077.uasset" 7718
"/Engine/EngineMaterials/Substrate/Glints2/dict_0002_0066" 7719
"../../../Engine/Content/EngineMaterials/Substrate/Glints2/dict_0002_0090.uasset" 7720
"/Engine/EngineMaterials/Substrate/Glints2/dict_0002_0065" 7721
"/Engine/EngineMaterials/Substrate/Glints2/dict_0002_0064" 7722
"/Engine/EngineMaterials/Substrate/Glints2/dict_0002_0063" 7723
"/Engine/EngineMaterials/Substrate/Glints2/dict_0002_0062" 7724
"/Engine/EngineMaterials/Substrate/Glints2/dict_0002_0061" 7725
"/Engine/EngineMaterials/Substrate/Glints2/dict_0002_0060" 7726
"/Engine/EngineMaterials/Substrate/Glints2/dict_0002_0091" 7727
"../../../Engine/Content/EngineMaterials/Substrate/Glints2/dict_0002_0099.uasset" 7728
"../../../Engine/Content/EngineMaterials/Substrate/Glints2/dict_0002_0092.uasset" 7729
"../../../Engine/Content/EngineMaterials/Substrate/Glints2/dict_0002_0098.uasset" 7730
"../../../Engine/Content/EngineMaterials/Substrate/Glints2/dict_0002_0096.uasset" 7731
"../../../Engine/Content/EngineMaterials/Substrate/Glints2/dict_0002_0094.uasset" 7732
"../../../Engine/Content/EngineMaterials/Substrate/Glints2/dict_0002_0093.uasset" 7733
"../../../Engine/Content/EngineMaterials/Substrate/Glints2/dict_0002_0097.uasset" 7734
"../../../Engine/Content/EngineMaterials/Substrate/Glints2/dict_0002_0095.uasset" 7735
"/Engine/EngineMaterials/Substrate/Glints2/dict_0002_0090" 7736
"/Engine/EngineMaterials/Substrate/Glints2/dict_0002_0089" 7737
"/Engine/EngineMaterials/Substrate/Glints2/dict_0002_0088" 7738
"/Engine/EngineMaterials/Substrate/Glints2/dict_0002_0087" 7739
"/Engine/EngineMaterials/Substrate/Glints2/dict_0002_0086" 7740
"/Engine/EngineMaterials/Substrate/Glints2/dict_0002_0085" 7741
"/Engine/EngineMaterials/Substrate/Glints2/dict_0002_0084" 7742
"/Engine/EngineMaterials/Substrate/Glints2/dict_0002_0083" 7743
"/Engine/EngineMaterials/Substrate/Glints2/dict_0002_0082" 7744
"/Engine/EngineMaterials/Substrate/Glints2/dict_0002_0081" 7745
"/Engine/EngineMaterials/Substrate/Glints2/dict_0002_0080" 7746
"/Engine/EngineMaterials/Substrate/Glints2/dict_0002_0079" 7747
"C:/Users/xingh/AppData/Local/Temp/UnrealShaderWorkingDir/4978E7A5472AB1D50C19DAB24456E12C/8/WorkerOutputOnly.out" 7748
"/Engine/EngineMaterials/Substrate/Glints2/dict_0002_0078" 7749
"/Engine/EngineMaterials/Substrate/Glints2/dict_0002_0077" 7750
"C:/Users/xingh/AppData/Local/Temp/UnrealShaderWorkingDir/4978E7A5472AB1D50C19DAB24456E12C/12/WorkerOutputOnly.out" 7751
"/Engine/EngineMaterials/Substrate/Glints2/dict_0002_0076" 7752
"/Engine/EngineMaterials/Substrate/Glints2/dict_0002_0075" 7753
"C:/Users/xingh/AppData/Local/Temp/UnrealShaderWorkingDir/4978E7A5472AB1D50C19DAB24456E12C/15/WorkerOutputOnly.out" 7754
"/Engine/EngineMaterials/Substrate/Glints2/dict_0002_0074" 7755
"/Engine/EngineMaterials/Substrate/Glints2/dict_0002_0073" 7756
"/Engine/EngineMaterials/Substrate/Glints2/dict_0002_0072" 7757
"/Engine/EngineMaterials/Substrate/Glints2/dict_0002_0071" 7758
"/Engine/EngineMaterials/Substrate/Glints2/dict_0002_0070" 7759
"/Engine/EngineMaterials/Substrate/Glints2/dict_0002_0069" 7760
"/Engine/EngineMaterials/Substrate/Glints2/dict_0002_0068" 7761
"../../../Engine/Content/EngineMaterials/Substrate/Glints2/dict_0002_0107.uasset" 7762
"/Engine/EngineMaterials/Substrate/Glints2/dict_0002_0099" 7763
"../../../Engine/Content/EngineMaterials/Substrate/Glints2/dict_0002_0104.uasset" 7764
"../../../Engine/Content/EngineMaterials/Substrate/Glints2/dict_0002_0103.uasset" 7765
"../../../Engine/Content/EngineMaterials/Substrate/Glints2/dict_0002_0114.uasset" 7766
"../../../Engine/Content/EngineMaterials/Substrate/Glints2/dict_0002_0102.uasset" 7767
"../../../Engine/Content/EngineMaterials/Substrate/Glints2/dict_0002_0100.uasset" 7768
"../../../Engine/Content/EngineMaterials/Substrate/Glints2/dict_0002_0112.uasset" 7769
"../../../Engine/Content/EngineMaterials/Substrate/Glints2/dict_0002_0106.uasset" 7770
"../../../Engine/Content/EngineMaterials/Substrate/Glints2/dict_0002_0101.uasset" 7771
"../../../Engine/Content/EngineMaterials/Substrate/Glints2/dict_0002_0105.uasset" 7772
"../../../Engine/Content/EngineMaterials/Substrate/Glints2/dict_0002_0113.uasset" 7773
"../../../Engine/Content/EngineMaterials/Substrate/Glints2/dict_0002_0111.uasset" 7774
"../../../Engine/Content/EngineMaterials/Substrate/Glints2/dict_0002_0110.uasset" 7775
"../../../Engine/Content/EngineMaterials/Substrate/Glints2/dict_0002_0109.uasset" 7776
"../../../Engine/Content/EngineMaterials/Substrate/Glints2/dict_0002_0115.uasset" 7777
"../../../Engine/Content/EngineMaterials/Substrate/Glints2/dict_0002_0117.uasset" 7778
"../../../Engine/Content/EngineMaterials/Substrate/Glints2/dict_0002_0108.uasset" 7779
"/Engine/EngineMaterials/Substrate/Glints2/dict_0002_0098" 7780
"../../../Engine/Content/EngineMaterials/Substrate/Glints2/dict_0002_0122.uasset" 7781
"../../../Engine/Content/EngineMaterials/Substrate/Glints2/dict_0002_0120.uasset" 7782
"../../../Engine/Content/EngineMaterials/Substrate/Glints2/dict_0002_0116.uasset" 7783
"../../../Engine/Content/EngineMaterials/Substrate/Glints2/dict_0002_0119.uasset" 7784
"../../../Engine/Content/EngineMaterials/Substrate/Glints2/dict_0002_0123.uasset" 7785
"../../../Engine/Content/EngineMaterials/Substrate/Glints2/dict_0002_0121.uasset" 7786
"../../../Engine/Content/EngineMaterials/Substrate/Glints2/dict_0002_0118.uasset" 7787
"/Engine/EngineMaterials/Substrate/Glints2/dict_0002_0097" 7788
"/Engine/EngineMaterials/Substrate/Glints2/dict_0002_0096" 7789
"/Engine/EngineMaterials/Substrate/Glints2/dict_0002_0095" 7790
"/Engine/EngineMaterials/Substrate/Glints2/dict_0002_0094" 7791
"/Engine/EngineMaterials/Substrate/Glints2/dict_0002_0093" 7792
"/Engine/EngineMaterials/Substrate/Glints2/dict_0002_0092" 7793
"../../../Engine/Content/EngineMaterials/Substrate/Glints2/dict_0002_0124.uasset" 7794
"../../../Engine/Content/EngineMaterials/Substrate/Glints2/dict_0002_0126.uasset" 7795
"../../../Engine/Content/EngineMaterials/Substrate/Glints2/dict_0002_0129.uasset" 7796
"/Engine/EngineMaterials/Substrate/Glints2/dict_0002_0123" 7797
"../../../Engine/Content/EngineMaterials/Substrate/Glints2/dict_0002_0128.uasset" 7798
"../../../Engine/Content/EngineMaterials/Substrate/Glints2/dict_0002_0125.uasset" 7799
"../../../Engine/Content/EngineMaterials/Substrate/Glints2/dict_0002_0131.uasset" 7800
"../../../Engine/Content/EngineMaterials/Substrate/Glints2/dict_0002_0130.uasset" 7801
"../../../Engine/Content/EngineMaterials/Substrate/Glints2/dict_0002_0127.uasset" 7802
"/Engine/EngineMaterials/Substrate/Glints2/dict_0002_0122" 7803
"/Engine/EngineMaterials/Substrate/Glints2/dict_0002_0121" 7804
"/Engine/EngineMaterials/Substrate/Glints2/dict_0002_0120" 7805
"/Engine/EngineMaterials/Substrate/Glints2/dict_0002_0119" 7806
"/Engine/EngineMaterials/Substrate/Glints2/dict_0002_0118" 7807
"/Engine/EngineMaterials/Substrate/Glints2/dict_0002_0117" 7808
"/Engine/EngineMaterials/Substrate/Glints2/dict_0002_0116" 7809
"/Engine/EngineMaterials/Substrate/Glints2/dict_0002_0115" 7810
"/Engine/EngineMaterials/Substrate/Glints2/dict_0002_0114" 7811
"/Engine/EngineMaterials/Substrate/Glints2/dict_0002_0113" 7812
"/Engine/EngineMaterials/Substrate/Glints2/dict_0002_0112" 7813
"/Engine/EngineMaterials/Substrate/Glints2/dict_0002_0111" 7814
"/Engine/EngineMaterials/Substrate/Glints2/dict_0002_0110" 7815
"/Engine/EngineMaterials/Substrate/Glints2/dict_0002_0109" 7816
"/Engine/EngineMaterials/Substrate/Glints2/dict_0002_0108" 7817
"/Engine/EngineMaterials/Substrate/Glints2/dict_0002_0107" 7818
"/Engine/EngineMaterials/Substrate/Glints2/dict_0002_0106" 7819
"/Engine/EngineMaterials/Substrate/Glints2/dict_0002_0105" 7820
"/Engine/EngineMaterials/Substrate/Glints2/dict_0002_0104" 7821
"/Engine/EngineMaterials/Substrate/Glints2/dict_0002_0103" 7822
"/Engine/EngineMaterials/Substrate/Glints2/dict_0002_0102" 7823
"/Engine/EngineMaterials/Substrate/Glints2/dict_0002_0101" 7824
"/Engine/EngineMaterials/Substrate/Glints2/dict_0002_0100" 7825
"../../../Engine/Content/EngineMaterials/Substrate/Glints2/dict_0002_0134.uasset" 7826
"../../../Engine/Content/EngineMaterials/Substrate/Glints2/dict_0002_0142.uasset" 7827
"../../../Engine/Content/EngineMaterials/Substrate/Glints2/dict_0002_0132.uasset" 7828
"../../../Engine/Content/EngineMaterials/Substrate/Glints2/dict_0002_0138.uasset" 7829
"../../../Engine/Content/EngineMaterials/Substrate/Glints2/dict_0002_0137.uasset" 7830
"../../../Engine/Content/EngineMaterials/Substrate/Glints2/dict_0002_0145.uasset" 7831
"../../../Engine/Content/EngineMaterials/Substrate/Glints2/dict_0002_0146.uasset" 7832
"../../../Engine/Content/EngineMaterials/Substrate/Glints2/dict_0002_0150.uasset" 7833
"../../../Engine/Content/EngineMaterials/Substrate/Glints2/dict_0002_0140.uasset" 7834
"../../../Engine/Content/EngineMaterials/Substrate/Glints2/dict_0002_0149.uasset" 7835
"../../../Engine/Content/EngineMaterials/Substrate/Glints2/dict_0002_0152.uasset" 7836
"../../../Engine/Content/EngineMaterials/Substrate/Glints2/dict_0002_0148.uasset" 7837
"../../../Engine/Content/EngineMaterials/Substrate/Glints2/dict_0002_0141.uasset" 7838
"../../../Engine/Content/EngineMaterials/Substrate/Glints2/dict_0002_0135.uasset" 7839
"../../../Engine/Content/EngineMaterials/Substrate/Glints2/dict_0002_0133.uasset" 7840
"/Engine/EngineMaterials/Substrate/Glints2/dict_0002_0131" 7841
"../../../Engine/Content/EngineMaterials/Substrate/Glints2/dict_0002_0144.uasset" 7842
"../../../Engine/Content/EngineMaterials/Substrate/Glints2/dict_0002_0147.uasset" 7843
"../../../Engine/Content/EngineMaterials/Substrate/Glints2/dict_0002_0153.uasset" 7844
"../../../Engine/Content/EngineMaterials/Substrate/Glints2/dict_0002_0154.uasset" 7845
"../../../Engine/Content/EngineMaterials/Substrate/Glints2/dict_0002_0155.uasset" 7846
"../../../Engine/Content/EngineMaterials/Substrate/Glints2/dict_0002_0136.uasset" 7847
"../../../Engine/Content/EngineMaterials/Substrate/Glints2/dict_0002_0151.uasset" 7848
"../../../Engine/Content/EngineMaterials/Substrate/Glints2/dict_0002_0143.uasset" 7849
"../../../Engine/Content/EngineMaterials/Substrate/Glints2/dict_0002_0139.uasset" 7850
"/Engine/EngineMaterials/Substrate/Glints2/dict_0002_0130" 7851
"/Engine/EngineMaterials/Substrate/Glints2/dict_0002_0129" 7852
"/Engine/EngineMaterials/Substrate/Glints2/dict_0002_0128" 7853
"/Engine/EngineMaterials/Substrate/Glints2/dict_0002_0127" 7854
"/Engine/EngineMaterials/Substrate/Glints2/dict_0002_0126" 7855
"/Engine/EngineMaterials/Substrate/Glints2/dict_0002_0125" 7856
"/Engine/EngineMaterials/Substrate/Glints2/dict_0002_0124" 7857
"../../../Engine/Content/EngineMaterials/Substrate/Glints2/dict_0002_0159.uasset" 7858
"../../../Engine/Content/EngineMaterials/Substrate/Glints2/dict_0002_0160.uasset" 7859
"../../../Engine/Content/EngineMaterials/Substrate/Glints2/dict_0002_0163.uasset" 7860
"../../../Engine/Content/EngineMaterials/Substrate/Glints2/dict_0002_0157.uasset" 7861
"../../../Engine/Content/EngineMaterials/Substrate/Glints2/dict_0002_0156.uasset" 7862
"/Engine/EngineMaterials/Substrate/Glints2/dict_0002_0155" 7863
"../../../Engine/Content/EngineMaterials/Substrate/Glints2/dict_0002_0158.uasset" 7864
"../../../Engine/Content/EngineMaterials/Substrate/Glints2/dict_0002_0161.uasset" 7865
"../../../Engine/Content/EngineMaterials/Substrate/Glints2/dict_0002_0162.uasset" 7866
"/Engine/EngineMaterials/Substrate/Glints2/dict_0002_0154" 7867
"/Engine/EngineMaterials/Substrate/Glints2/dict_0002_0153" 7868
"/Engine/EngineMaterials/Substrate/Glints2/dict_0002_0152" 7869
"/Engine/EngineMaterials/Substrate/Glints2/dict_0002_0151" 7870
"/Engine/EngineMaterials/Substrate/Glints2/dict_0002_0150" 7871
"/Engine/EngineMaterials/Substrate/Glints2/dict_0002_0149" 7872
"/Engine/EngineMaterials/Substrate/Glints2/dict_0002_0148" 7873
"/Engine/EngineMaterials/Substrate/Glints2/dict_0002_0147" 7874
"/Engine/EngineMaterials/Substrate/Glints2/dict_0002_0146" 7875
"/Engine/EngineMaterials/Substrate/Glints2/dict_0002_0145" 7876
"/Engine/EngineMaterials/Substrate/Glints2/dict_0002_0144" 7877
"/Engine/EngineMaterials/Substrate/Glints2/dict_0002_0143" 7878
"/Engine/EngineMaterials/Substrate/Glints2/dict_0002_0142" 7879
"/Engine/EngineMaterials/Substrate/Glints2/dict_0002_0141" 7880
"/Engine/EngineMaterials/Substrate/Glints2/dict_0002_0140" 7881
"/Engine/EngineMaterials/Substrate/Glints2/dict_0002_0139" 7882
"/Engine/EngineMaterials/Substrate/Glints2/dict_0002_0138" 7883
"/Engine/EngineMaterials/Substrate/Glints2/dict_0002_0137" 7884
"/Engine/EngineMaterials/Substrate/Glints2/dict_0002_0136" 7885
"/Engine/EngineMaterials/Substrate/Glints2/dict_0002_0135" 7886
"/Engine/EngineMaterials/Substrate/Glints2/dict_0002_0134" 7887
"/Engine/EngineMaterials/Substrate/Glints2/dict_0002_0133" 7888
"/Engine/EngineMaterials/Substrate/Glints2/dict_0002_0132" 7889
"../../../Engine/Content/EngineMaterials/Substrate/Glints2/dict_0002_0164.uasset" 7890
"../../../Engine/Content/EngineMaterials/Substrate/Glints2/dict_0002_0168.uasset" 7891
"../../../Engine/Content/EngineMaterials/Substrate/Glints2/dict_0002_0177.uasset" 7892
"../../../Engine/Content/EngineMaterials/Substrate/Glints2/dict_0002_0170.uasset" 7893
"../../../Engine/Content/EngineMaterials/Substrate/Glints2/dict_0002_0176.uasset" 7894
"../../../Engine/Content/EngineMaterials/Substrate/Glints2/dict_0002_0173.uasset" 7895
"../../../Engine/Content/EngineMaterials/Substrate/Glints2/dict_0002_0184.uasset" 7896
"../../../Engine/Content/EngineMaterials/Substrate/Glints2/dict_0002_0174.uasset" 7897
"../../../Engine/Content/EngineMaterials/Substrate/Glints2/dict_0002_0166.uasset" 7898
"../../../Engine/Content/EngineMaterials/Substrate/Glints2/dict_0002_0182.uasset" 7899
"../../../Engine/Content/EngineMaterials/Substrate/Glints2/dict_0002_0172.uasset" 7900
"../../../Engine/Content/EngineMaterials/Substrate/Glints2/dict_0002_0183.uasset" 7901
"../../../Engine/Content/EngineMaterials/Substrate/Glints2/dict_0002_0180.uasset" 7902
"../../../Engine/Content/EngineMaterials/Substrate/Glints2/dict_0002_0171.uasset" 7903
"../../../Engine/Content/EngineMaterials/Substrate/Glints2/dict_0002_0165.uasset" 7904
"../../../Engine/Content/EngineMaterials/Substrate/Glints2/dict_0002_0181.uasset" 7905
"../../../Engine/Content/EngineMaterials/Substrate/Glints2/dict_0002_0178.uasset" 7906
"../../../Engine/Content/EngineMaterials/Substrate/Glints2/dict_0002_0185.uasset" 7907
"../../../Engine/Content/EngineMaterials/Substrate/Glints2/dict_0002_0179.uasset" 7908
"../../../Engine/Content/EngineMaterials/Substrate/Glints2/dict_0002_0169.uasset" 7909
"../../../Engine/Content/EngineMaterials/Substrate/Glints2/dict_0002_0175.uasset" 7910
"../../../Engine/Content/EngineMaterials/Substrate/Glints2/dict_0002_0167.uasset" 7911
"../../../Engine/Content/EngineMaterials/Substrate/Glints2/dict_0002_0187.uasset" 7912
"/Engine/EngineMaterials/Substrate/Glints2/dict_0002_0163" 7913
"../../../Engine/Content/EngineMaterials/Substrate/Glints2/dict_0002_0186.uasset" 7914
"/Engine/EngineMaterials/Substrate/Glints2/dict_0002_0162" 7915
"/Engine/EngineMaterials/Substrate/Glints2/dict_0002_0161" 7916
"/Engine/EngineMaterials/Substrate/Glints2/dict_0002_0160" 7917
"/Engine/EngineMaterials/Substrate/Glints2/dict_0002_0159" 7918
"/Engine/EngineMaterials/Substrate/Glints2/dict_0002_0158" 7919
"/Engine/EngineMaterials/Substrate/Glints2/dict_0002_0157" 7920
"/Engine/EngineMaterials/Substrate/Glints2/dict_0002_0156" 7921
"/Engine/EngineMaterials/Substrate/Glints2/dict_0002_0187" 7922
"../../../Engine/Content/EngineMaterials/Substrate/Glints2/dict_0002_0190.uasset" 7923
"../../../Engine/Content/EngineMaterials/Substrate/Glints2/dict_0002_0193.uasset" 7924
"../../../Engine/Content/EngineMaterials/Substrate/Glints2/dict_0002_0189.uasset" 7925
"../../../Engine/Content/EngineMaterials/Substrate/Glints2/dict_0002_0191.uasset" 7926
"../../../Engine/Content/EngineMaterials/Substrate/Glints2/dict_0002_0188.uasset" 7927
"../../../Engine/Content/EngineMaterials/Substrate/Glints2/dict_0002_0195.uasset" 7928
"../../../Engine/Content/EngineMaterials/Substrate/Glints2/dict_0002_0194.uasset" 7929
"../../../Engine/Content/EngineMaterials/Substrate/Glints2/dict_0002_0192.uasset" 7930
"/Engine/EngineMaterials/Substrate/Glints2/dict_0002_0186" 7931
"/Engine/EngineMaterials/Substrate/Glints2/dict_0002_0185" 7932
"/Engine/EngineMaterials/Substrate/Glints2/dict_0002_0184" 7933
"/Engine/EngineMaterials/Substrate/Glints2/dict_0002_0183" 7934
"/Engine/EngineMaterials/Substrate/Glints2/dict_0002_0182" 7935
"/Engine/EngineMaterials/Substrate/Glints2/dict_0002_0181" 7936
"/Engine/EngineMaterials/Substrate/Glints2/dict_0002_0180" 7937
"/Engine/EngineMaterials/Substrate/Glints2/dict_0002_0179" 7938
"/Engine/EngineMaterials/Substrate/Glints2/dict_0002_0178" 7939
"/Engine/EngineMaterials/Substrate/Glints2/dict_0002_0177" 7940
"/Engine/EngineMaterials/Substrate/Glints2/dict_0002_0176" 7941
"/Engine/EngineMaterials/Substrate/Glints2/dict_0002_0175" 7942
"/Engine/EngineMaterials/Substrate/Glints2/dict_0002_0174" 7943
"/Engine/EngineMaterials/Substrate/Glints2/dict_0002_0173" 7944
"/Engine/EngineMaterials/Substrate/Glints2/dict_0002_0172" 7945
"/Engine/EngineMaterials/Substrate/Glints2/dict_0002_0171" 7946
"/Engine/EngineMaterials/Substrate/Glints2/dict_0002_0170" 7947
"/Engine/EngineMaterials/Substrate/Glints2/dict_0002_0169" 7948
"/Engine/EngineMaterials/Substrate/Glints2/dict_0002_0168" 7949
"/Engine/EngineMaterials/Substrate/Glints2/dict_0002_0167" 7950
"/Engine/EngineMaterials/Substrate/Glints2/dict_0002_0166" 7951
"/Engine/EngineMaterials/Substrate/Glints2/dict_0002_0165" 7952
"/Engine/EngineMaterials/Substrate/Glints2/dict_0002_0164" 7953
"../../../Engine/Content/EngineMaterials/Substrate/Glints2/dict_0002_0203.uasset" 7954
"/Engine/EngineMaterials/Substrate/Glints2/dict_0002_0195" 7955
"../../../Engine/Content/EngineMaterials/Substrate/Glints2/dict_0002_0208.uasset" 7956
"../../../Engine/Content/EngineMaterials/Substrate/Glints2/dict_0002_0204.uasset" 7957
"../../../Engine/Content/EngineMaterials/Substrate/Glints2/dict_0002_0216.uasset" 7958
"../../../Engine/Content/EngineMaterials/Substrate/Glints2/dict_0002_0210.uasset" 7959
"../../../Engine/Content/EngineMaterials/Substrate/Glints2/dict_0002_0207.uasset" 7960
"../../../Engine/Content/EngineMaterials/Substrate/Glints2/dict_0002_0206.uasset" 7961
"../../../Engine/Content/EngineMaterials/Substrate/Glints2/dict_0002_0200.uasset" 7962
"../../../Engine/Content/EngineMaterials/Substrate/Glints2/dict_0002_0213.uasset" 7963
"../../../Engine/Content/EngineMaterials/Substrate/Glints2/dict_0002_0215.uasset" 7964
"../../../Engine/Content/EngineMaterials/Substrate/Glints2/dict_0002_0198.uasset" 7965
"../../../Engine/Content/EngineMaterials/Substrate/Glints2/dict_0002_0218.uasset" 7966
"../../../Engine/Content/EngineMaterials/Substrate/Glints2/dict_0002_0201.uasset" 7967
"../../../Engine/Content/EngineMaterials/Substrate/Glints2/dict_0002_0209.uasset" 7968
"../../../Engine/Content/EngineMaterials/Substrate/Glints2/dict_0002_0196.uasset" 7969
"../../../Engine/Content/EngineMaterials/Substrate/Glints2/dict_0002_0212.uasset" 7970
"../../../Engine/Content/EngineMaterials/Substrate/Glints2/dict_0002_0205.uasset" 7971
"../../../Engine/Content/EngineMaterials/Substrate/Glints2/dict_0002_0211.uasset" 7972
"../../../Engine/Content/EngineMaterials/Substrate/Glints2/dict_0002_0199.uasset" 7973
"../../../Engine/Content/EngineMaterials/Substrate/Glints2/dict_0002_0214.uasset" 7974
"../../../Engine/Content/EngineMaterials/Substrate/Glints2/dict_0002_0197.uasset" 7975
"../../../Engine/Content/EngineMaterials/Substrate/Glints2/dict_0002_0217.uasset" 7976
"../../../Engine/Content/EngineMaterials/Substrate/Glints2/dict_0002_0219.uasset" 7977
"../../../Engine/Content/EngineMaterials/Substrate/Glints2/dict_0002_0202.uasset" 7978
"/Engine/EngineMaterials/Substrate/Glints2/dict_0002_0194" 7979
"/Engine/EngineMaterials/Substrate/Glints2/dict_0002_0193" 7980
"/Engine/EngineMaterials/Substrate/Glints2/dict_0002_0192" 7981
"/Engine/EngineMaterials/Substrate/Glints2/dict_0002_0191" 7982
"/Engine/EngineMaterials/Substrate/Glints2/dict_0002_0190" 7983
"/Engine/EngineMaterials/Substrate/Glints2/dict_0002_0189" 7984
"/Engine/EngineMaterials/Substrate/Glints2/dict_0002_0188" 7985
"/Engine/EngineMaterials/Substrate/Glints2/dict_0002_0219" 7986
"../../../Engine/Content/EngineMaterials/Substrate/Glints2/dict_0002_0223.uasset" 7987
"../../../Engine/Content/EngineMaterials/Substrate/Glints2/dict_0002_0226.uasset" 7988
"../../../Engine/Content/EngineMaterials/Substrate/Glints2/dict_0002_0224.uasset" 7989
"../../../Engine/Content/EngineMaterials/Substrate/Glints2/dict_0002_0227.uasset" 7990
"../../../Engine/Content/EngineMaterials/Substrate/Glints2/dict_0002_0220.uasset" 7991
"../../../Engine/Content/EngineMaterials/Substrate/Glints2/dict_0002_0225.uasset" 7992
"../../../Engine/Content/EngineMaterials/Substrate/Glints2/dict_0002_0221.uasset" 7993
"../../../Engine/Content/EngineMaterials/Substrate/Glints2/dict_0002_0222.uasset" 7994
"/Engine/EngineMaterials/Substrate/Glints2/dict_0002_0218" 7995
"/Engine/EngineMaterials/Substrate/Glints2/dict_0002_0217" 7996
"/Engine/EngineMaterials/Substrate/Glints2/dict_0002_0216" 7997
"/Engine/EngineMaterials/Substrate/Glints2/dict_0002_0215" 7998
"/Engine/EngineMaterials/Substrate/Glints2/dict_0002_0214" 7999
"/Engine/EngineMaterials/Substrate/Glints2/dict_0002_0213" 8000
"/Engine/EngineMaterials/Substrate/Glints2/dict_0002_0212" 8001
"/Engine/EngineMaterials/Substrate/Glints2/dict_0002_0211" 8002
"/Engine/EngineMaterials/Substrate/Glints2/dict_0002_0210" 8003
"/Engine/EngineMaterials/Substrate/Glints2/dict_0002_0209" 8004
"/Engine/EngineMaterials/Substrate/Glints2/dict_0002_0208" 8005
"/Engine/EngineMaterials/Substrate/Glints2/dict_0002_0207" 8006
"/Engine/EngineMaterials/Substrate/Glints2/dict_0002_0206" 8007
"/Engine/EngineMaterials/Substrate/Glints2/dict_0002_0205" 8008
"/Engine/EngineMaterials/Substrate/Glints2/dict_0002_0204" 8009
"/Engine/EngineMaterials/Substrate/Glints2/dict_0002_0203" 8010
"/Engine/EngineMaterials/Substrate/Glints2/dict_0002_0202" 8011
"/Engine/EngineMaterials/Substrate/Glints2/dict_0002_0201" 8012
"/Engine/EngineMaterials/Substrate/Glints2/dict_0002_0200" 8013
"/Engine/EngineMaterials/Substrate/Glints2/dict_0002_0199" 8014
"/Engine/EngineMaterials/Substrate/Glints2/dict_0002_0198" 8015
"/Engine/EngineMaterials/Substrate/Glints2/dict_0002_0197" 8016
"/Engine/EngineMaterials/Substrate/Glints2/dict_0002_0196" 8017
"../../../Engine/Content/EngineMaterials/Substrate/Glints2/dict_0002_0232.uasset" 8018
"../../../Engine/Content/EngineMaterials/Substrate/Glints2/dict_0002_0239.uasset" 8019
"../../../Engine/Content/EngineMaterials/Substrate/Glints2/dict_0002_0235.uasset" 8020
"../../../Engine/Content/EngineMaterials/Substrate/Glints2/dict_0002_0236.uasset" 8021
"../../../Engine/Content/EngineMaterials/Substrate/Glints2/dict_0002_0243.uasset" 8022
"../../../Engine/Content/EngineMaterials/Substrate/Glints2/dict_0002_0234.uasset" 8023
"../../../Engine/Content/EngineMaterials/Substrate/Glints2/dict_0002_0245.uasset" 8024
"../../../Engine/Content/EngineMaterials/Substrate/Glints2/dict_0002_0231.uasset" 8025
"../../../Engine/Content/EngineMaterials/Substrate/Glints2/dict_0002_0242.uasset" 8026
"../../../Engine/Content/EngineMaterials/Substrate/Glints2/dict_0002_0247.uasset" 8027
"../../../Engine/Content/EngineMaterials/Substrate/Glints2/dict_0002_0244.uasset" 8028
"../../../Engine/Content/EngineMaterials/Substrate/Glints2/dict_0002_0229.uasset" 8029
"../../../Engine/Content/EngineMaterials/Substrate/Glints2/dict_0002_0240.uasset" 8030
"../../../Engine/Content/EngineMaterials/Substrate/Glints2/dict_0002_0249.uasset" 8031
"/Engine/EngineMaterials/Substrate/Glints2/dict_0002_0227" 8032
"../../../Engine/Content/EngineMaterials/Substrate/Glints2/dict_0002_0238.uasset" 8033
"../../../Engine/Content/EngineMaterials/Substrate/Glints2/dict_0002_0228.uasset" 8034
"../../../Engine/Content/EngineMaterials/Substrate/Glints2/dict_0002_0246.uasset" 8035
"../../../Engine/Content/EngineMaterials/Substrate/Glints2/dict_0002_0230.uasset" 8036
"../../../Engine/Content/EngineMaterials/Substrate/Glints2/dict_0002_0241.uasset" 8037
"../../../Engine/Content/EngineMaterials/Substrate/Glints2/dict_0002_0233.uasset" 8038
"../../../Engine/Content/EngineMaterials/Substrate/Glints2/dict_0002_0237.uasset" 8039
"../../../Engine/Content/EngineMaterials/Substrate/Glints2/dict_0002_0248.uasset" 8040
"../../../Engine/Content/EngineMaterials/Substrate/Glints2/dict_0002_0250.uasset" 8041
"../../../Engine/Content/EngineMaterials/Substrate/Glints2/dict_0002_0251.uasset" 8042
"/Engine/EngineMaterials/Substrate/Glints2/dict_0002_0226" 8043
"/Engine/EngineMaterials/Substrate/Glints2/dict_0002_0225" 8044
"/Engine/EngineMaterials/Substrate/Glints2/dict_0002_0224" 8045
"/Engine/EngineMaterials/Substrate/Glints2/dict_0002_0223" 8046
"/Engine/EngineMaterials/Substrate/Glints2/dict_0002_0222" 8047
"/Engine/EngineMaterials/Substrate/Glints2/dict_0002_0221" 8048
"/Engine/EngineMaterials/Substrate/Glints2/dict_0002_0220" 8049
"/Engine/EngineMaterials/Substrate/Glints2/dict_0002_0251" 8050
"../../../Engine/Content/EngineMaterials/Substrate/Glints2/dict_0003_0002.uasset" 8051
"../../../Engine/Content/EngineMaterials/Substrate/Glints2/dict_0003_0000.uasset" 8052
"../../../Engine/Content/EngineMaterials/Substrate/Glints2/dict_0003_0001.uasset" 8053
"../../../Engine/Content/EngineMaterials/Substrate/Glints2/dict_0002_0254.uasset" 8054
"../../../Engine/Content/EngineMaterials/Substrate/Glints2/dict_0003_0003.uasset" 8055
"../../../Engine/Content/EngineMaterials/Substrate/Glints2/dict_0002_0252.uasset" 8056
"../../../Engine/Content/EngineMaterials/Substrate/Glints2/dict_0002_0255.uasset" 8057
"../../../Engine/Content/EngineMaterials/Substrate/Glints2/dict_0002_0253.uasset" 8058
"/Engine/EngineMaterials/Substrate/Glints2/dict_0002_0250" 8059
"/Engine/EngineMaterials/Substrate/Glints2/dict_0002_0249" 8060
"/Engine/EngineMaterials/Substrate/Glints2/dict_0002_0248" 8061
"/Engine/EngineMaterials/Substrate/Glints2/dict_0002_0247" 8062
"/Engine/EngineMaterials/Substrate/Glints2/dict_0002_0246" 8063
"/Engine/EngineMaterials/Substrate/Glints2/dict_0002_0245" 8064
"/Engine/EngineMaterials/Substrate/Glints2/dict_0002_0244" 8065
"/Engine/EngineMaterials/Substrate/Glints2/dict_0002_0243" 8066
"/Engine/EngineMaterials/Substrate/Glints2/dict_0002_0242" 8067
"/Engine/EngineMaterials/Substrate/Glints2/dict_0002_0241" 8068
"/Engine/EngineMaterials/Substrate/Glints2/dict_0002_0240" 8069
"/Engine/EngineMaterials/Substrate/Glints2/dict_0002_0239" 8070
"/Engine/EngineMaterials/Substrate/Glints2/dict_0002_0238" 8071
"/Engine/EngineMaterials/Substrate/Glints2/dict_0002_0237" 8072
"/Engine/EngineMaterials/Substrate/Glints2/dict_0002_0236" 8073
"/Engine/EngineMaterials/Substrate/Glints2/dict_0002_0235" 8074
"/Engine/EngineMaterials/Substrate/Glints2/dict_0002_0234" 8075
"/Engine/EngineMaterials/Substrate/Glints2/dict_0002_0233" 8076
"/Engine/EngineMaterials/Substrate/Glints2/dict_0002_0232" 8077
"/Engine/EngineMaterials/Substrate/Glints2/dict_0002_0231" 8078
"/Engine/EngineMaterials/Substrate/Glints2/dict_0002_0230" 8079
"/Engine/EngineMaterials/Substrate/Glints2/dict_0002_0229" 8080
"/Engine/EngineMaterials/Substrate/Glints2/dict_0002_0228" 8081
"/Engine/EngineMaterials/Substrate/Glints2/dict_0003_0003" 8082
"../../../Engine/Content/EngineMaterials/Substrate/Glints2/dict_0003_0011.uasset" 8083
"../../../Engine/Content/EngineMaterials/Substrate/Glints2/dict_0003_0009.uasset" 8084
"../../../Engine/Content/EngineMaterials/Substrate/Glints2/dict_0003_0007.uasset" 8085
"../../../Engine/Content/EngineMaterials/Substrate/Glints2/dict_0003_0010.uasset" 8086
"../../../Engine/Content/EngineMaterials/Substrate/Glints2/dict_0003_0017.uasset" 8087
"../../../Engine/Content/EngineMaterials/Substrate/Glints2/dict_0003_0008.uasset" 8088
"../../../Engine/Content/EngineMaterials/Substrate/Glints2/dict_0003_0014.uasset" 8089
"../../../Engine/Content/EngineMaterials/Substrate/Glints2/dict_0003_0024.uasset" 8090
"../../../Engine/Content/EngineMaterials/Substrate/Glints2/dict_0003_0021.uasset" 8091
"../../../Engine/Content/EngineMaterials/Substrate/Glints2/dict_0003_0016.uasset" 8092
"../../../Engine/Content/EngineMaterials/Substrate/Glints2/dict_0003_0018.uasset" 8093
"../../../Engine/Content/EngineMaterials/Substrate/Glints2/dict_0003_0013.uasset" 8094
"../../../Engine/Content/EngineMaterials/Substrate/Glints2/dict_0003_0019.uasset" 8095
"../../../Engine/Content/EngineMaterials/Substrate/Glints2/dict_0003_0020.uasset" 8096
"../../../Engine/Content/EngineMaterials/Substrate/Glints2/dict_0003_0012.uasset" 8097
"../../../Engine/Content/EngineMaterials/Substrate/Glints2/dict_0003_0026.uasset" 8098
"../../../Engine/Content/EngineMaterials/Substrate/Glints2/dict_0003_0027.uasset" 8099
"../../../Engine/Content/EngineMaterials/Substrate/Glints2/dict_0003_0023.uasset" 8100
"../../../Engine/Content/EngineMaterials/Substrate/Glints2/dict_0003_0006.uasset" 8101
"../../../Engine/Content/EngineMaterials/Substrate/Glints2/dict_0003_0015.uasset" 8102
"../../../Engine/Content/EngineMaterials/Substrate/Glints2/dict_0003_0004.uasset" 8103
"../../../Engine/Content/EngineMaterials/Substrate/Glints2/dict_0003_0025.uasset" 8104
"/Engine/EngineMaterials/Substrate/Glints2/dict_0003_0002" 8105
"../../../Engine/Content/EngineMaterials/Substrate/Glints2/dict_0003_0022.uasset" 8106
"../../../Engine/Content/EngineMaterials/Substrate/Glints2/dict_0003_0005.uasset" 8107
"/Engine/EngineMaterials/Substrate/Glints2/dict_0003_0001" 8108
"/Engine/EngineMaterials/Substrate/Glints2/dict_0003_0000" 8109
"/Engine/EngineMaterials/Substrate/Glints2/dict_0002_0255" 8110
"/Engine/EngineMaterials/Substrate/Glints2/dict_0002_0254" 8111
"/Engine/EngineMaterials/Substrate/Glints2/dict_0002_0253" 8112
"/Engine/EngineMaterials/Substrate/Glints2/dict_0002_0252" 8113
"/Engine/EngineMaterials/Substrate/Glints2/dict_0003_0027" 8114
"../../../Engine/Content/EngineMaterials/Substrate/Glints2/dict_0003_0034.uasset" 8115
"../../../Engine/Content/EngineMaterials/Substrate/Glints2/dict_0003_0031.uasset" 8116
"../../../Engine/Content/EngineMaterials/Substrate/Glints2/dict_0003_0030.uasset" 8117
"../../../Engine/Content/EngineMaterials/Substrate/Glints2/dict_0003_0033.uasset" 8118
"../../../Engine/Content/EngineMaterials/Substrate/Glints2/dict_0003_0035.uasset" 8119
"../../../Engine/Content/EngineMaterials/Substrate/Glints2/dict_0003_0029.uasset" 8120
"../../../Engine/Content/EngineMaterials/Substrate/Glints2/dict_0003_0028.uasset" 8121
"../../../Engine/Content/EngineMaterials/Substrate/Glints2/dict_0003_0032.uasset" 8122
"/Engine/EngineMaterials/Substrate/Glints2/dict_0003_0026" 8123
"/Engine/EngineMaterials/Substrate/Glints2/dict_0003_0025" 8124
"/Engine/EngineMaterials/Substrate/Glints2/dict_0003_0024" 8125
"/Engine/EngineMaterials/Substrate/Glints2/dict_0003_0023" 8126
"/Engine/EngineMaterials/Substrate/Glints2/dict_0003_0022" 8127
"/Engine/EngineMaterials/Substrate/Glints2/dict_0003_0021" 8128
"/Engine/EngineMaterials/Substrate/Glints2/dict_0003_0020" 8129
"/Engine/EngineMaterials/Substrate/Glints2/dict_0003_0019" 8130
"/Engine/EngineMaterials/Substrate/Glints2/dict_0003_0018" 8131
"/Engine/EngineMaterials/Substrate/Glints2/dict_0003_0017" 8132
"/Engine/EngineMaterials/Substrate/Glints2/dict_0003_0016" 8133
"/Engine/EngineMaterials/Substrate/Glints2/dict_0003_0015" 8134
"/Engine/EngineMaterials/Substrate/Glints2/dict_0003_0014" 8135
"/Engine/EngineMaterials/Substrate/Glints2/dict_0003_0013" 8136
"/Engine/EngineMaterials/Substrate/Glints2/dict_0003_0012" 8137
"/Engine/EngineMaterials/Substrate/Glints2/dict_0003_0011" 8138
"/Engine/EngineMaterials/Substrate/Glints2/dict_0003_0010" 8139
"/Engine/EngineMaterials/Substrate/Glints2/dict_0003_0009" 8140
"/Engine/EngineMaterials/Substrate/Glints2/dict_0003_0008" 8141
"/Engine/EngineMaterials/Substrate/Glints2/dict_0003_0007" 8142
"/Engine/EngineMaterials/Substrate/Glints2/dict_0003_0006" 8143
"/Engine/EngineMaterials/Substrate/Glints2/dict_0003_0005" 8144
"/Engine/EngineMaterials/Substrate/Glints2/dict_0003_0004" 8145
"../../../Engine/Content/EngineMaterials/Substrate/Glints2/dict_0003_0037.uasset" 8146
"../../../Engine/Content/EngineMaterials/Substrate/Glints2/dict_0003_0045.uasset" 8147
"/Engine/EngineMaterials/Substrate/Glints2/dict_0003_0035" 8148
"../../../Engine/Content/EngineMaterials/Substrate/Glints2/dict_0003_0036.uasset" 8149
"../../../Engine/Content/EngineMaterials/Substrate/Glints2/dict_0003_0052.uasset" 8150
"../../../Engine/Content/EngineMaterials/Substrate/Glints2/dict_0003_0046.uasset" 8151
"../../../Engine/Content/EngineMaterials/Substrate/Glints2/dict_0003_0041.uasset" 8152
"../../../Engine/Content/EngineMaterials/Substrate/Glints2/dict_0003_0056.uasset" 8153
"../../../Engine/Content/EngineMaterials/Substrate/Glints2/dict_0003_0049.uasset" 8154
"../../../Engine/Content/EngineMaterials/Substrate/Glints2/dict_0003_0054.uasset" 8155
"../../../Engine/Content/EngineMaterials/Substrate/Glints2/dict_0003_0043.uasset" 8156
"../../../Engine/Content/EngineMaterials/Substrate/Glints2/dict_0003_0051.uasset" 8157
"../../../Engine/Content/EngineMaterials/Substrate/Glints2/dict_0003_0050.uasset" 8158
"../../../Engine/Content/EngineMaterials/Substrate/Glints2/dict_0003_0048.uasset" 8159
"../../../Engine/Content/EngineMaterials/Substrate/Glints2/dict_0003_0038.uasset" 8160
"../../../Engine/Content/EngineMaterials/Substrate/Glints2/dict_0003_0040.uasset" 8161
"../../../Engine/Content/EngineMaterials/Substrate/Glints2/dict_0003_0044.uasset" 8162
"../../../Engine/Content/EngineMaterials/Substrate/Glints2/dict_0003_0059.uasset" 8163
"../../../Engine/Content/EngineMaterials/Substrate/Glints2/dict_0003_0055.uasset" 8164
"../../../Engine/Content/EngineMaterials/Substrate/Glints2/dict_0003_0053.uasset" 8165
"../../../Engine/Content/EngineMaterials/Substrate/Glints2/dict_0003_0047.uasset" 8166
"../../../Engine/Content/EngineMaterials/Substrate/Glints2/dict_0003_0057.uasset" 8167
"../../../Engine/Content/EngineMaterials/Substrate/Glints2/dict_0003_0042.uasset" 8168
"../../../Engine/Content/EngineMaterials/Substrate/Glints2/dict_0003_0058.uasset" 8169
"../../../Engine/Content/EngineMaterials/Substrate/Glints2/dict_0003_0039.uasset" 8170
"/Engine/EngineMaterials/Substrate/Glints2/dict_0003_0034" 8171
"/Engine/EngineMaterials/Substrate/Glints2/dict_0003_0033" 8172
"/Engine/EngineMaterials/Substrate/Glints2/dict_0003_0032" 8173
"/Engine/EngineMaterials/Substrate/Glints2/dict_0003_0031" 8174
"/Engine/EngineMaterials/Substrate/Glints2/dict_0003_0030" 8175
"/Engine/EngineMaterials/Substrate/Glints2/dict_0003_0029" 8176
"/Engine/EngineMaterials/Substrate/Glints2/dict_0003_0028" 8177
"/Engine/EngineMaterials/Substrate/Glints2/dict_0003_0059" 8178
"../../../Engine/Content/EngineMaterials/Substrate/Glints2/dict_0003_0063.uasset" 8179
"../../../Engine/Content/EngineMaterials/Substrate/Glints2/dict_0003_0066.uasset" 8180
"../../../Engine/Content/EngineMaterials/Substrate/Glints2/dict_0003_0061.uasset" 8181
"../../../Engine/Content/EngineMaterials/Substrate/Glints2/dict_0003_0062.uasset" 8182
"../../../Engine/Content/EngineMaterials/Substrate/Glints2/dict_0003_0067.uasset" 8183
"../../../Engine/Content/EngineMaterials/Substrate/Glints2/dict_0003_0060.uasset" 8184
"../../../Engine/Content/EngineMaterials/Substrate/Glints2/dict_0003_0065.uasset" 8185
"../../../Engine/Content/EngineMaterials/Substrate/Glints2/dict_0003_0064.uasset" 8186
"/Engine/EngineMaterials/Substrate/Glints2/dict_0003_0058" 8187
"C:/Users/xingh/AppData/Local/Temp/UnrealShaderWorkingDir/4978E7A5472AB1D50C19DAB24456E12C/14/WorkerOutputOnly.out" 8188
"/Engine/EngineMaterials/Substrate/Glints2/dict_0003_0057" 8189
"/Engine/EngineMaterials/Substrate/Glints2/dict_0003_0056" 8190
"/Engine/EngineMaterials/Substrate/Glints2/dict_0003_0055" 8191
"/Engine/EngineMaterials/Substrate/Glints2/dict_0003_0054" 8192
"/Engine/EngineMaterials/Substrate/Glints2/dict_0003_0053" 8193
"/Engine/EngineMaterials/Substrate/Glints2/dict_0003_0052" 8194
"/Engine/EngineMaterials/Substrate/Glints2/dict_0003_0051" 8195
"/Engine/EngineMaterials/Substrate/Glints2/dict_0003_0050" 8196
"/Engine/EngineMaterials/Substrate/Glints2/dict_0003_0049" 8197
"/Engine/EngineMaterials/Substrate/Glints2/dict_0003_0048" 8198
"C:/Users/xingh/AppData/Local/Temp/UnrealShaderWorkingDir/4978E7A5472AB1D50C19DAB24456E12C/17/WorkerOutputOnly.out" 8199
"/Engine/EngineMaterials/Substrate/Glints2/dict_0003_0047" 8200
"/Engine/EngineMaterials/Substrate/Glints2/dict_0003_0046" 8201
"/Engine/EngineMaterials/Substrate/Glints2/dict_0003_0045" 8202
"/Engine/EngineMaterials/Substrate/Glints2/dict_0003_0044" 8203
"/Engine/EngineMaterials/Substrate/Glints2/dict_0003_0043" 8204
"/Engine/EngineMaterials/Substrate/Glints2/dict_0003_0042" 8205
"/Engine/EngineMaterials/Substrate/Glints2/dict_0003_0041" 8206
"/Engine/EngineMaterials/Substrate/Glints2/dict_0003_0040" 8207
"/Engine/EngineMaterials/Substrate/Glints2/dict_0003_0039" 8208
"/Engine/EngineMaterials/Substrate/Glints2/dict_0003_0038" 8209
"/Engine/EngineMaterials/Substrate/Glints2/dict_0003_0037" 8210
"/Engine/EngineMaterials/Substrate/Glints2/dict_0003_0036" 8211
"../../../Engine/Content/EngineMaterials/Substrate/Glints2/dict_0003_0073.uasset" 8212
"/Engine/EngineMaterials/Substrate/Glints2/dict_0003_0067" 8213
"../../../Engine/Content/EngineMaterials/Substrate/Glints2/dict_0003_0069.uasset" 8214
"../../../Engine/Content/EngineMaterials/Substrate/Glints2/dict_0003_0072.uasset" 8215
"../../../Engine/Content/EngineMaterials/Substrate/Glints2/dict_0003_0076.uasset" 8216
"../../../Engine/Content/EngineMaterials/Substrate/Glints2/dict_0003_0071.uasset" 8217
"../../../Engine/Content/EngineMaterials/Substrate/Glints2/dict_0003_0081.uasset" 8218
"../../../Engine/Content/EngineMaterials/Substrate/Glints2/dict_0003_0068.uasset" 8219
"../../../Engine/Content/EngineMaterials/Substrate/Glints2/dict_0003_0075.uasset" 8220
"../../../Engine/Content/EngineMaterials/Substrate/Glints2/dict_0003_0078.uasset" 8221
"../../../Engine/Content/EngineMaterials/Substrate/Glints2/dict_0003_0082.uasset" 8222
"../../../Engine/Content/EngineMaterials/Substrate/Glints2/dict_0003_0077.uasset" 8223
"../../../Engine/Content/EngineMaterials/Substrate/Glints2/dict_0003_0070.uasset" 8224
"/Engine/EngineMaterials/Substrate/Glints2/dict_0003_0066" 8225
"../../../Engine/Content/EngineMaterials/Substrate/Glints2/dict_0003_0085.uasset" 8226
"../../../Engine/Content/EngineMaterials/Substrate/Glints2/dict_0003_0086.uasset" 8227
"../../../Engine/Content/EngineMaterials/Substrate/Glints2/dict_0003_0087.uasset" 8228
"../../../Engine/Content/EngineMaterials/Substrate/Glints2/dict_0003_0083.uasset" 8229
"../../../Engine/Content/EngineMaterials/Substrate/Glints2/dict_0003_0088.uasset" 8230
"../../../Engine/Content/EngineMaterials/Substrate/Glints2/dict_0003_0074.uasset" 8231
"../../../Engine/Content/EngineMaterials/Substrate/Glints2/dict_0003_0090.uasset" 8232
"../../../Engine/Content/EngineMaterials/Substrate/Glints2/dict_0003_0091.uasset" 8233
"../../../Engine/Content/EngineMaterials/Substrate/Glints2/dict_0003_0089.uasset" 8234
"/Engine/EngineMaterials/Substrate/Glints2/dict_0003_0065" 8235
"../../../Engine/Content/EngineMaterials/Substrate/Glints2/dict_0003_0080.uasset" 8236
"../../../Engine/Content/EngineMaterials/Substrate/Glints2/dict_0003_0084.uasset" 8237
"../../../Engine/Content/EngineMaterials/Substrate/Glints2/dict_0003_0079.uasset" 8238
"/Engine/EngineMaterials/Substrate/Glints2/dict_0003_0064" 8239
"/Engine/EngineMaterials/Substrate/Glints2/dict_0003_0063" 8240
"/Engine/EngineMaterials/Substrate/Glints2/dict_0003_0062" 8241
"/Engine/EngineMaterials/Substrate/Glints2/dict_0003_0061" 8242
"/Engine/EngineMaterials/Substrate/Glints2/dict_0003_0060" 8243
"../../../Engine/Content/EngineMaterials/Substrate/Glints2/dict_0003_0093.uasset" 8244
"/Engine/EngineMaterials/Substrate/Glints2/dict_0003_0091" 8245
"../../../Engine/Content/EngineMaterials/Substrate/Glints2/dict_0003_0094.uasset" 8246
"../../../Engine/Content/EngineMaterials/Substrate/Glints2/dict_0003_0096.uasset" 8247
"../../../Engine/Content/EngineMaterials/Substrate/Glints2/dict_0003_0092.uasset" 8248
"../../../Engine/Content/EngineMaterials/Substrate/Glints2/dict_0003_0095.uasset" 8249
"../../../Engine/Content/EngineMaterials/Substrate/Glints2/dict_0003_0098.uasset" 8250
"../../../Engine/Content/EngineMaterials/Substrate/Glints2/dict_0003_0097.uasset" 8251
"../../../Engine/Content/EngineMaterials/Substrate/Glints2/dict_0003_0099.uasset" 8252
"/Engine/EngineMaterials/Substrate/Glints2/dict_0003_0090" 8253
"/Engine/EngineMaterials/Substrate/Glints2/dict_0003_0089" 8254
"/Engine/EngineMaterials/Substrate/Glints2/dict_0003_0088" 8255
"/Engine/EngineMaterials/Substrate/Glints2/dict_0003_0087" 8256
"/Engine/EngineMaterials/Substrate/Glints2/dict_0003_0086" 8257
"/Engine/EngineMaterials/Substrate/Glints2/dict_0003_0085" 8258
"/Engine/EngineMaterials/Substrate/Glints2/dict_0003_0084" 8259
"/Engine/EngineMaterials/Substrate/Glints2/dict_0003_0083" 8260
"/Engine/EngineMaterials/Substrate/Glints2/dict_0003_0082" 8261
"/Engine/EngineMaterials/Substrate/Glints2/dict_0003_0081" 8262
"/Engine/EngineMaterials/Substrate/Glints2/dict_0003_0080" 8263
"/Engine/EngineMaterials/Substrate/Glints2/dict_0003_0079" 8264
"/Engine/EngineMaterials/Substrate/Glints2/dict_0003_0078" 8265
"/Engine/EngineMaterials/Substrate/Glints2/dict_0003_0077" 8266
"/Engine/EngineMaterials/Substrate/Glints2/dict_0003_0076" 8267
"/Engine/EngineMaterials/Substrate/Glints2/dict_0003_0075" 8268
"/Engine/EngineMaterials/Substrate/Glints2/dict_0003_0074" 8269
"/Engine/EngineMaterials/Substrate/Glints2/dict_0003_0073" 8270
"/Engine/EngineMaterials/Substrate/Glints2/dict_0003_0072" 8271
"/Engine/EngineMaterials/Substrate/Glints2/dict_0003_0071" 8272
"/Engine/EngineMaterials/Substrate/Glints2/dict_0003_0070" 8273
"/Engine/EngineMaterials/Substrate/Glints2/dict_0003_0069" 8274
"/Engine/EngineMaterials/Substrate/Glints2/dict_0003_0068" 8275
"/Engine/EngineMaterials/Substrate/Glints2/dict_0003_0099" 8276
"../../../Engine/Content/EngineMaterials/Substrate/Glints2/dict_0003_0108.uasset" 8277
"../../../Engine/Content/EngineMaterials/Substrate/Glints2/dict_0003_0105.uasset" 8278
"../../../Engine/Content/EngineMaterials/Substrate/Glints2/dict_0003_0104.uasset" 8279
"../../../Engine/Content/EngineMaterials/Substrate/Glints2/dict_0003_0101.uasset" 8280
"../../../Engine/Content/EngineMaterials/Substrate/Glints2/dict_0003_0109.uasset" 8281
"../../../Engine/Content/EngineMaterials/Substrate/Glints2/dict_0003_0115.uasset" 8282
"../../../Engine/Content/EngineMaterials/Substrate/Glints2/dict_0003_0120.uasset" 8283
"../../../Engine/Content/EngineMaterials/Substrate/Glints2/dict_0003_0100.uasset" 8284
"../../../Engine/Content/EngineMaterials/Substrate/Glints2/dict_0003_0117.uasset" 8285
"../../../Engine/Content/EngineMaterials/Substrate/Glints2/dict_0003_0112.uasset" 8286
"../../../Engine/Content/EngineMaterials/Substrate/Glints2/dict_0003_0103.uasset" 8287
"../../../Engine/Content/EngineMaterials/Substrate/Glints2/dict_0003_0111.uasset" 8288
"/Engine/EngineMaterials/Substrate/Glints2/dict_0003_0098" 8289
"../../../Engine/Content/EngineMaterials/Substrate/Glints2/dict_0003_0121.uasset" 8290
"../../../Engine/Content/EngineMaterials/Substrate/Glints2/dict_0003_0110.uasset" 8291
"../../../Engine/Content/EngineMaterials/Substrate/Glints2/dict_0003_0122.uasset" 8292
"../../../Engine/Content/EngineMaterials/Substrate/Glints2/dict_0003_0118.uasset" 8293
"../../../Engine/Content/EngineMaterials/Substrate/Glints2/dict_0003_0123.uasset" 8294
"../../../Engine/Content/EngineMaterials/Substrate/Glints2/dict_0003_0119.uasset" 8295
"../../../Engine/Content/EngineMaterials/Substrate/Glints2/dict_0003_0116.uasset" 8296
"../../../Engine/Content/EngineMaterials/Substrate/Glints2/dict_0003_0114.uasset" 8297
"../../../Engine/Content/EngineMaterials/Substrate/Glints2/dict_0003_0107.uasset" 8298
"../../../Engine/Content/EngineMaterials/Substrate/Glints2/dict_0003_0113.uasset" 8299
"../../../Engine/Content/EngineMaterials/Substrate/Glints2/dict_0003_0102.uasset" 8300
"/Engine/EngineMaterials/Substrate/Glints2/dict_0003_0097" 8301
"../../../Engine/Content/EngineMaterials/Substrate/Glints2/dict_0003_0106.uasset" 8302
"/Engine/EngineMaterials/Substrate/Glints2/dict_0003_0096" 8303
"/Engine/EngineMaterials/Substrate/Glints2/dict_0003_0095" 8304
"/Engine/EngineMaterials/Substrate/Glints2/dict_0003_0094" 8305
"/Engine/EngineMaterials/Substrate/Glints2/dict_0003_0093" 8306
"/Engine/EngineMaterials/Substrate/Glints2/dict_0003_0092" 8307
"/Engine/EngineMaterials/Substrate/Glints2/dict_0003_0123" 8308
"../../../Engine/Content/EngineMaterials/Substrate/Glints2/dict_0003_0129.uasset" 8309
"../../../Engine/Content/EngineMaterials/Substrate/Glints2/dict_0003_0127.uasset" 8310
"../../../Engine/Content/EngineMaterials/Substrate/Glints2/dict_0003_0130.uasset" 8311
"../../../Engine/Content/EngineMaterials/Substrate/Glints2/dict_0003_0124.uasset" 8312
"../../../Engine/Content/EngineMaterials/Substrate/Glints2/dict_0003_0131.uasset" 8313
"../../../Engine/Content/EngineMaterials/Substrate/Glints2/dict_0003_0126.uasset" 8314
"../../../Engine/Content/EngineMaterials/Substrate/Glints2/dict_0003_0128.uasset" 8315
"../../../Engine/Content/EngineMaterials/Substrate/Glints2/dict_0003_0125.uasset" 8316
"/Engine/EngineMaterials/Substrate/Glints2/dict_0003_0122" 8317
"/Engine/EngineMaterials/Substrate/Glints2/dict_0003_0121" 8318
"/Engine/EngineMaterials/Substrate/Glints2/dict_0003_0120" 8319
"/Engine/EngineMaterials/Substrate/Glints2/dict_0003_0119" 8320
"/Engine/EngineMaterials/Substrate/Glints2/dict_0003_0118" 8321
"/Engine/EngineMaterials/Substrate/Glints2/dict_0003_0117" 8322
"/Engine/EngineMaterials/Substrate/Glints2/dict_0003_0116" 8323
"/Engine/EngineMaterials/Substrate/Glints2/dict_0003_0115" 8324
"/Engine/EngineMaterials/Substrate/Glints2/dict_0003_0114" 8325
"/Engine/EngineMaterials/Substrate/Glints2/dict_0003_0113" 8326
"/Engine/EngineMaterials/Substrate/Glints2/dict_0003_0112" 8327
"/Engine/EngineMaterials/Substrate/Glints2/dict_0003_0111" 8328
"/Engine/EngineMaterials/Substrate/Glints2/dict_0003_0110" 8329
"/Engine/EngineMaterials/Substrate/Glints2/dict_0003_0109" 8330
"/Engine/EngineMaterials/Substrate/Glints2/dict_0003_0108" 8331
"/Engine/EngineMaterials/Substrate/Glints2/dict_0003_0107" 8332
"/Engine/EngineMaterials/Substrate/Glints2/dict_0003_0106" 8333
"/Engine/EngineMaterials/Substrate/Glints2/dict_0003_0105" 8334
"/Engine/EngineMaterials/Substrate/Glints2/dict_0003_0104" 8335
"/Engine/EngineMaterials/Substrate/Glints2/dict_0003_0103" 8336
"/Engine/EngineMaterials/Substrate/Glints2/dict_0003_0102" 8337
"/Engine/EngineMaterials/Substrate/Glints2/dict_0003_0101" 8338
"/Engine/EngineMaterials/Substrate/Glints2/dict_0003_0100" 8339
"/Engine/EngineMaterials/Substrate/Glints2/dict_0003_0131" 8340
"../../../Engine/Content/EngineMaterials/Substrate/Glints2/dict_0003_0138.uasset" 8341
"../../../Engine/Content/EngineMaterials/Substrate/Glints2/dict_0003_0139.uasset" 8342
"../../../Engine/Content/EngineMaterials/Substrate/Glints2/dict_0003_0137.uasset" 8343
"../../../Engine/Content/EngineMaterials/Substrate/Glints2/dict_0003_0136.uasset" 8344
"../../../Engine/Content/EngineMaterials/Substrate/Glints2/dict_0003_0133.uasset" 8345
"../../../Engine/Content/EngineMaterials/Substrate/Glints2/dict_0003_0135.uasset" 8346
"../../../Engine/Content/EngineMaterials/Substrate/Glints2/dict_0003_0141.uasset" 8347
"../../../Engine/Content/EngineMaterials/Substrate/Glints2/dict_0003_0134.uasset" 8348
"../../../Engine/Content/EngineMaterials/Substrate/Glints2/dict_0003_0145.uasset" 8349
"../../../Engine/Content/EngineMaterials/Substrate/Glints2/dict_0003_0149.uasset" 8350
"../../../Engine/Content/EngineMaterials/Substrate/Glints2/dict_0003_0140.uasset" 8351
"../../../Engine/Content/EngineMaterials/Substrate/Glints2/dict_0003_0152.uasset" 8352
"../../../Engine/Content/EngineMaterials/Substrate/Glints2/dict_0003_0142.uasset" 8353
"/Engine/EngineMaterials/Substrate/Glints2/dict_0003_0130" 8354
"../../../Engine/Content/EngineMaterials/Substrate/Glints2/dict_0003_0155.uasset" 8355
"../../../Engine/Content/EngineMaterials/Substrate/Glints2/dict_0003_0154.uasset" 8356
"../../../Engine/Content/EngineMaterials/Substrate/Glints2/dict_0003_0146.uasset" 8357
"../../../Engine/Content/EngineMaterials/Substrate/Glints2/dict_0003_0150.uasset" 8358
"../../../Engine/Content/EngineMaterials/Substrate/Glints2/dict_0003_0151.uasset" 8359
"../../../Engine/Content/EngineMaterials/Substrate/Glints2/dict_0003_0144.uasset" 8360
"../../../Engine/Content/EngineMaterials/Substrate/Glints2/dict_0003_0147.uasset" 8361
"../../../Engine/Content/EngineMaterials/Substrate/Glints2/dict_0003_0132.uasset" 8362
"../../../Engine/Content/EngineMaterials/Substrate/Glints2/dict_0003_0143.uasset" 8363
"../../../Engine/Content/EngineMaterials/Substrate/Glints2/dict_0003_0148.uasset" 8364
"../../../Engine/Content/EngineMaterials/Substrate/Glints2/dict_0003_0153.uasset" 8365
"/Engine/EngineMaterials/Substrate/Glints2/dict_0003_0129" 8366
"/Engine/EngineMaterials/Substrate/Glints2/dict_0003_0128" 8367
"/Engine/EngineMaterials/Substrate/Glints2/dict_0003_0127" 8368
"/Engine/EngineMaterials/Substrate/Glints2/dict_0003_0126" 8369
"/Engine/EngineMaterials/Substrate/Glints2/dict_0003_0125" 8370
"/Engine/EngineMaterials/Substrate/Glints2/dict_0003_0124" 8371
"/Engine/EngineMaterials/Substrate/Glints2/dict_0003_0155" 8372
"../../../Engine/Content/EngineMaterials/Substrate/Glints2/dict_0003_0161.uasset" 8373
"../../../Engine/Content/EngineMaterials/Substrate/Glints2/dict_0003_0159.uasset" 8374
"../../../Engine/Content/EngineMaterials/Substrate/Glints2/dict_0003_0160.uasset" 8375
"../../../Engine/Content/EngineMaterials/Substrate/Glints2/dict_0003_0163.uasset" 8376
"../../../Engine/Content/EngineMaterials/Substrate/Glints2/dict_0003_0162.uasset" 8377
"../../../Engine/Content/EngineMaterials/Substrate/Glints2/dict_0003_0158.uasset" 8378
"../../../Engine/Content/EngineMaterials/Substrate/Glints2/dict_0003_0156.uasset" 8379
"../../../Engine/Content/EngineMaterials/Substrate/Glints2/dict_0003_0157.uasset" 8380
"/Engine/EngineMaterials/Substrate/Glints2/dict_0003_0154" 8381
"/Engine/EngineMaterials/Substrate/Glints2/dict_0003_0153" 8382
"/Engine/EngineMaterials/Substrate/Glints2/dict_0003_0152" 8383
"/Engine/EngineMaterials/Substrate/Glints2/dict_0003_0151" 8384
"/Engine/EngineMaterials/Substrate/Glints2/dict_0003_0150" 8385
"/Engine/EngineMaterials/Substrate/Glints2/dict_0003_0149" 8386
"/Engine/EngineMaterials/Substrate/Glints2/dict_0003_0148" 8387
"/Engine/EngineMaterials/Substrate/Glints2/dict_0003_0147" 8388
"/Engine/EngineMaterials/Substrate/Glints2/dict_0003_0146" 8389
"/Engine/EngineMaterials/Substrate/Glints2/dict_0003_0145" 8390
"/Engine/EngineMaterials/Substrate/Glints2/dict_0003_0144" 8391
"/Engine/EngineMaterials/Substrate/Glints2/dict_0003_0143" 8392
"/Engine/EngineMaterials/Substrate/Glints2/dict_0003_0142" 8393
"/Engine/EngineMaterials/Substrate/Glints2/dict_0003_0141" 8394
"/Engine/EngineMaterials/Substrate/Glints2/dict_0003_0140" 8395
"/Engine/EngineMaterials/Substrate/Glints2/dict_0003_0139" 8396
"/Engine/EngineMaterials/Substrate/Glints2/dict_0003_0138" 8397
"/Engine/EngineMaterials/Substrate/Glints2/dict_0003_0137" 8398
"/Engine/EngineMaterials/Substrate/Glints2/dict_0003_0136" 8399
"/Engine/EngineMaterials/Substrate/Glints2/dict_0003_0135" 8400
"/Engine/EngineMaterials/Substrate/Glints2/dict_0003_0134" 8401
"/Engine/EngineMaterials/Substrate/Glints2/dict_0003_0133" 8402
"/Engine/EngineMaterials/Substrate/Glints2/dict_0003_0132" 8403
"/Engine/EngineMaterials/Substrate/Glints2/dict_0003_0163" 8404
"../../../Engine/Content/EngineMaterials/Substrate/Glints2/dict_0003_0167.uasset" 8405
"../../../Engine/Content/EngineMaterials/Substrate/Glints2/dict_0003_0171.uasset" 8406
"../../../Engine/Content/EngineMaterials/Substrate/Glints2/dict_0003_0176.uasset" 8407
"../../../Engine/Content/EngineMaterials/Substrate/Glints2/dict_0003_0172.uasset" 8408
"../../../Engine/Content/EngineMaterials/Substrate/Glints2/dict_0003_0178.uasset" 8409
"../../../Engine/Content/EngineMaterials/Substrate/Glints2/dict_0003_0170.uasset" 8410
"../../../Engine/Content/EngineMaterials/Substrate/Glints2/dict_0003_0169.uasset" 8411
"../../../Engine/Content/EngineMaterials/Substrate/Glints2/dict_0003_0183.uasset" 8412
"../../../Engine/Content/EngineMaterials/Substrate/Glints2/dict_0003_0175.uasset" 8413
"../../../Engine/Content/EngineMaterials/Substrate/Glints2/dict_0003_0174.uasset" 8414
"../../../Engine/Content/EngineMaterials/Substrate/Glints2/dict_0003_0185.uasset" 8415
"../../../Engine/Content/EngineMaterials/Substrate/Glints2/dict_0003_0180.uasset" 8416
"../../../Engine/Content/EngineMaterials/Substrate/Glints2/dict_0003_0166.uasset" 8417
"../../../Engine/Content/EngineMaterials/Substrate/Glints2/dict_0003_0168.uasset" 8418
"../../../Engine/Content/EngineMaterials/Substrate/Glints2/dict_0003_0187.uasset" 8419
"../../../Engine/Content/EngineMaterials/Substrate/Glints2/dict_0003_0186.uasset" 8420
"/Engine/EngineMaterials/Substrate/Glints2/dict_0003_0162" 8421
"../../../Engine/Content/EngineMaterials/Substrate/Glints2/dict_0003_0182.uasset" 8422
"../../../Engine/Content/EngineMaterials/Substrate/Glints2/dict_0003_0164.uasset" 8423
"../../../Engine/Content/EngineMaterials/Substrate/Glints2/dict_0003_0184.uasset" 8424
"../../../Engine/Content/EngineMaterials/Substrate/Glints2/dict_0003_0173.uasset" 8425
"../../../Engine/Content/EngineMaterials/Substrate/Glints2/dict_0003_0181.uasset" 8426
"../../../Engine/Content/EngineMaterials/Substrate/Glints2/dict_0003_0165.uasset" 8427
"../../../Engine/Content/EngineMaterials/Substrate/Glints2/dict_0003_0177.uasset" 8428
"../../../Engine/Content/EngineMaterials/Substrate/Glints2/dict_0003_0179.uasset" 8429
"/Engine/EngineMaterials/Substrate/Glints2/dict_0003_0161" 8430
"/Engine/EngineMaterials/Substrate/Glints2/dict_0003_0160" 8431
"/Engine/EngineMaterials/Substrate/Glints2/dict_0003_0159" 8432
"/Engine/EngineMaterials/Substrate/Glints2/dict_0003_0158" 8433
"/Engine/EngineMaterials/Substrate/Glints2/dict_0003_0157" 8434
"/Engine/EngineMaterials/Substrate/Glints2/dict_0003_0156" 8435
"/Engine/EngineMaterials/Substrate/Glints2/dict_0003_0187" 8436
"../../../Engine/Content/EngineMaterials/Substrate/Glints2/dict_0003_0191.uasset" 8437
"../../../Engine/Content/EngineMaterials/Substrate/Glints2/dict_0003_0195.uasset" 8438
"../../../Engine/Content/EngineMaterials/Substrate/Glints2/dict_0003_0190.uasset" 8439
"../../../Engine/Content/EngineMaterials/Substrate/Glints2/dict_0003_0188.uasset" 8440
"../../../Engine/Content/EngineMaterials/Substrate/Glints2/dict_0003_0192.uasset" 8441
"../../../Engine/Content/EngineMaterials/Substrate/Glints2/dict_0003_0189.uasset" 8442
"../../../Engine/Content/EngineMaterials/Substrate/Glints2/dict_0003_0193.uasset" 8443
"../../../Engine/Content/EngineMaterials/Substrate/Glints2/dict_0003_0194.uasset" 8444
"/Engine/EngineMaterials/Substrate/Glints2/dict_0003_0186" 8445
"/Engine/EngineMaterials/Substrate/Glints2/dict_0003_0185" 8446
"/Engine/EngineMaterials/Substrate/Glints2/dict_0003_0184" 8447
"/Engine/EngineMaterials/Substrate/Glints2/dict_0003_0183" 8448
"/Engine/EngineMaterials/Substrate/Glints2/dict_0003_0182" 8449
"/Engine/EngineMaterials/Substrate/Glints2/dict_0003_0181" 8450
"/Engine/EngineMaterials/Substrate/Glints2/dict_0003_0180" 8451
"/Engine/EngineMaterials/Substrate/Glints2/dict_0003_0179" 8452
"/Engine/EngineMaterials/Substrate/Glints2/dict_0003_0178" 8453
"/Engine/EngineMaterials/Substrate/Glints2/dict_0003_0177" 8454
"/Engine/EngineMaterials/Substrate/Glints2/dict_0003_0176" 8455
"/Engine/EngineMaterials/Substrate/Glints2/dict_0003_0175" 8456
"/Engine/EngineMaterials/Substrate/Glints2/dict_0003_0174" 8457
"/Engine/EngineMaterials/Substrate/Glints2/dict_0003_0173" 8458
"/Engine/EngineMaterials/Substrate/Glints2/dict_0003_0172" 8459
"/Engine/EngineMaterials/Substrate/Glints2/dict_0003_0171" 8460
"/Engine/EngineMaterials/Substrate/Glints2/dict_0003_0170" 8461
"/Engine/EngineMaterials/Substrate/Glints2/dict_0003_0169" 8462
"/Engine/EngineMaterials/Substrate/Glints2/dict_0003_0168" 8463
"/Engine/EngineMaterials/Substrate/Glints2/dict_0003_0167" 8464
"/Engine/EngineMaterials/Substrate/Glints2/dict_0003_0166" 8465
"/Engine/EngineMaterials/Substrate/Glints2/dict_0003_0165" 8466
"/Engine/EngineMaterials/Substrate/Glints2/dict_0003_0164" 8467
"../../../Engine/Content/EngineMaterials/Substrate/Glints2/dict_0003_0198.uasset" 8468
"../../../Engine/Content/EngineMaterials/Substrate/Glints2/dict_0003_0197.uasset" 8469
"/Engine/EngineMaterials/Substrate/Glints2/dict_0003_0195" 8470
"../../../Engine/Content/EngineMaterials/Substrate/Glints2/dict_0003_0196.uasset" 8471
"../../../Engine/Content/EngineMaterials/Substrate/Glints2/dict_0003_0207.uasset" 8472
"../../../Engine/Content/EngineMaterials/Substrate/Glints2/dict_0003_0199.uasset" 8473
"../../../Engine/Content/EngineMaterials/Substrate/Glints2/dict_0003_0213.uasset" 8474
"../../../Engine/Content/EngineMaterials/Substrate/Glints2/dict_0003_0203.uasset" 8475
"../../../Engine/Content/EngineMaterials/Substrate/Glints2/dict_0003_0206.uasset" 8476
"../../../Engine/Content/EngineMaterials/Substrate/Glints2/dict_0003_0215.uasset" 8477
"../../../Engine/Content/EngineMaterials/Substrate/Glints2/dict_0003_0214.uasset" 8478
"../../../Engine/Content/EngineMaterials/Substrate/Glints2/dict_0003_0216.uasset" 8479
"../../../Engine/Content/EngineMaterials/Substrate/Glints2/dict_0003_0202.uasset" 8480
"../../../Engine/Content/EngineMaterials/Substrate/Glints2/dict_0003_0204.uasset" 8481
"../../../Engine/Content/EngineMaterials/Substrate/Glints2/dict_0003_0218.uasset" 8482
"../../../Engine/Content/EngineMaterials/Substrate/Glints2/dict_0003_0201.uasset" 8483
"../../../Engine/Content/EngineMaterials/Substrate/Glints2/dict_0003_0211.uasset" 8484
"../../../Engine/Content/EngineMaterials/Substrate/Glints2/dict_0003_0200.uasset" 8485
"../../../Engine/Content/EngineMaterials/Substrate/Glints2/dict_0003_0210.uasset" 8486
"../../../Engine/Content/EngineMaterials/Substrate/Glints2/dict_0003_0209.uasset" 8487
"../../../Engine/Content/EngineMaterials/Substrate/Glints2/dict_0003_0219.uasset" 8488
"../../../Engine/Content/EngineMaterials/Substrate/Glints2/dict_0003_0217.uasset" 8489
"../../../Engine/Content/EngineMaterials/Substrate/Glints2/dict_0003_0208.uasset" 8490
"../../../Engine/Content/EngineMaterials/Substrate/Glints2/dict_0003_0212.uasset" 8491
"../../../Engine/Content/EngineMaterials/Substrate/Glints2/dict_0003_0205.uasset" 8492
"/Engine/EngineMaterials/Substrate/Glints2/dict_0003_0194" 8493
"/Engine/EngineMaterials/Substrate/Glints2/dict_0003_0193" 8494
"/Engine/EngineMaterials/Substrate/Glints2/dict_0003_0192" 8495
"/Engine/EngineMaterials/Substrate/Glints2/dict_0003_0191" 8496
"/Engine/EngineMaterials/Substrate/Glints2/dict_0003_0190" 8497
"/Engine/EngineMaterials/Substrate/Glints2/dict_0003_0189" 8498
"/Engine/EngineMaterials/Substrate/Glints2/dict_0003_0188" 8499
"/Engine/EngineMaterials/Substrate/Glints2/dict_0003_0219" 8500
"../../../Engine/Content/EngineMaterials/Substrate/Glints2/dict_0003_0221.uasset" 8501
"../../../Engine/Content/EngineMaterials/Substrate/Glints2/dict_0003_0220.uasset" 8502
"../../../Engine/Content/EngineMaterials/Substrate/Glints2/dict_0003_0222.uasset" 8503
"../../../Engine/Content/EngineMaterials/Substrate/Glints2/dict_0003_0224.uasset" 8504
"../../../Engine/Content/EngineMaterials/Substrate/Glints2/dict_0003_0223.uasset" 8505
"../../../Engine/Content/EngineMaterials/Substrate/Glints2/dict_0003_0225.uasset" 8506
"../../../Engine/Content/EngineMaterials/Substrate/Glints2/dict_0003_0227.uasset" 8507
"../../../Engine/Content/EngineMaterials/Substrate/Glints2/dict_0003_0226.uasset" 8508
"/Engine/EngineMaterials/Substrate/Glints2/dict_0003_0218" 8509
"/Engine/EngineMaterials/Substrate/Glints2/dict_0003_0217" 8510
"/Engine/EngineMaterials/Substrate/Glints2/dict_0003_0216" 8511
"/Engine/EngineMaterials/Substrate/Glints2/dict_0003_0215" 8512
"/Engine/EngineMaterials/Substrate/Glints2/dict_0003_0214" 8513
"/Engine/EngineMaterials/Substrate/Glints2/dict_0003_0213" 8514
"/Engine/EngineMaterials/Substrate/Glints2/dict_0003_0212" 8515
"/Engine/EngineMaterials/Substrate/Glints2/dict_0003_0211" 8516
"/Engine/EngineMaterials/Substrate/Glints2/dict_0003_0210" 8517
"/Engine/EngineMaterials/Substrate/Glints2/dict_0003_0209" 8518
"/Engine/EngineMaterials/Substrate/Glints2/dict_0003_0208" 8519
"/Engine/EngineMaterials/Substrate/Glints2/dict_0003_0207" 8520
"/Engine/EngineMaterials/Substrate/Glints2/dict_0003_0206" 8521
"/Engine/EngineMaterials/Substrate/Glints2/dict_0003_0205" 8522
"/Engine/EngineMaterials/Substrate/Glints2/dict_0003_0204" 8523
"/Engine/EngineMaterials/Substrate/Glints2/dict_0003_0203" 8524
"/Engine/EngineMaterials/Substrate/Glints2/dict_0003_0202" 8525
"/Engine/EngineMaterials/Substrate/Glints2/dict_0003_0201" 8526
"/Engine/EngineMaterials/Substrate/Glints2/dict_0003_0200" 8527
"/Engine/EngineMaterials/Substrate/Glints2/dict_0003_0199" 8528
"/Engine/EngineMaterials/Substrate/Glints2/dict_0003_0198" 8529
"/Engine/EngineMaterials/Substrate/Glints2/dict_0003_0197" 8530
"/Engine/EngineMaterials/Substrate/Glints2/dict_0003_0196" 8531
"../../../Engine/Content/EngineMaterials/Substrate/Glints2/dict_0003_0239.uasset" 8532
"/Engine/EngineMaterials/Substrate/Glints2/dict_0003_0227" 8533
"../../../Engine/Content/EngineMaterials/Substrate/Glints2/dict_0003_0237.uasset" 8534
"../../../Engine/Content/EngineMaterials/Substrate/Glints2/dict_0003_0242.uasset" 8535
"../../../Engine/Content/EngineMaterials/Substrate/Glints2/dict_0003_0245.uasset" 8536
"../../../Engine/Content/EngineMaterials/Substrate/Glints2/dict_0003_0229.uasset" 8537
"../../../Engine/Content/EngineMaterials/Substrate/Glints2/dict_0003_0238.uasset" 8538
"../../../Engine/Content/EngineMaterials/Substrate/Glints2/dict_0003_0230.uasset" 8539
"../../../Engine/Content/EngineMaterials/Substrate/Glints2/dict_0003_0234.uasset" 8540
"../../../Engine/Content/EngineMaterials/Substrate/Glints2/dict_0003_0235.uasset" 8541
"../../../Engine/Content/EngineMaterials/Substrate/Glints2/dict_0003_0233.uasset" 8542
"../../../Engine/Content/EngineMaterials/Substrate/Glints2/dict_0003_0251.uasset" 8543
"../../../Engine/Content/EngineMaterials/Substrate/Glints2/dict_0003_0236.uasset" 8544
"/Engine/EngineMaterials/Substrate/Glints2/dict_0003_0226" 8545
"../../../Engine/Content/EngineMaterials/Substrate/Glints2/dict_0003_0241.uasset" 8546
"../../../Engine/Content/EngineMaterials/Substrate/Glints2/dict_0003_0243.uasset" 8547
"../../../Engine/Content/EngineMaterials/Substrate/Glints2/dict_0003_0246.uasset" 8548
"../../../Engine/Content/EngineMaterials/Substrate/Glints2/dict_0003_0231.uasset" 8549
"../../../Engine/Content/EngineMaterials/Substrate/Glints2/dict_0003_0248.uasset" 8550
"../../../Engine/Content/EngineMaterials/Substrate/Glints2/dict_0003_0228.uasset" 8551
"../../../Engine/Content/EngineMaterials/Substrate/Glints2/dict_0003_0247.uasset" 8552
"../../../Engine/Content/EngineMaterials/Substrate/Glints2/dict_0003_0232.uasset" 8553
"../../../Engine/Content/EngineMaterials/Substrate/Glints2/dict_0003_0249.uasset" 8554
"../../../Engine/Content/EngineMaterials/Substrate/Glints2/dict_0003_0244.uasset" 8555
"../../../Engine/Content/EngineMaterials/Substrate/Glints2/dict_0003_0250.uasset" 8556
"../../../Engine/Content/EngineMaterials/Substrate/Glints2/dict_0003_0240.uasset" 8557
"/Engine/EngineMaterials/Substrate/Glints2/dict_0003_0225" 8558
"/Engine/EngineMaterials/Substrate/Glints2/dict_0003_0224" 8559
"/Engine/EngineMaterials/Substrate/Glints2/dict_0003_0223" 8560
"/Engine/EngineMaterials/Substrate/Glints2/dict_0003_0222" 8561
"/Engine/EngineMaterials/Substrate/Glints2/dict_0003_0221" 8562
"/Engine/EngineMaterials/Substrate/Glints2/dict_0003_0220" 8563
"/Engine/EngineMaterials/Substrate/Glints2/dict_0003_0251" 8564
"../../../Engine/Content/EngineMaterials/Substrate/Glints2/dict_0003_0254.uasset" 8565
"../../../Engine/Content/EngineMaterials/Substrate/Glints2/dict_0003_0255.uasset" 8566
"../../../Engine/Content/EngineMaterials/Substrate/Glints2/dict_0004_0000.uasset" 8567
"../../../Engine/Content/EngineMaterials/Substrate/Glints2/dict_0004_0002.uasset" 8568
"../../../Engine/Content/EngineMaterials/Substrate/Glints2/dict_0003_0252.uasset" 8569
"../../../Engine/Content/EngineMaterials/Substrate/Glints2/dict_0004_0001.uasset" 8570
"../../../Engine/Content/EngineMaterials/Substrate/Glints2/dict_0004_0003.uasset" 8571
"../../../Engine/Content/EngineMaterials/Substrate/Glints2/dict_0003_0253.uasset" 8572
"/Engine/EngineMaterials/Substrate/Glints2/dict_0003_0250" 8573
"/Engine/EngineMaterials/Substrate/Glints2/dict_0003_0249" 8574
"/Engine/EngineMaterials/Substrate/Glints2/dict_0003_0248" 8575
"/Engine/EngineMaterials/Substrate/Glints2/dict_0003_0247" 8576
"/Engine/EngineMaterials/Substrate/Glints2/dict_0003_0246" 8577
"C:/Users/xingh/AppData/Local/Temp/UnrealShaderWorkingDir/4978E7A5472AB1D50C19DAB24456E12C/7/WorkerOutputOnly.out" 8578
"/Engine/EngineMaterials/Substrate/Glints2/dict_0003_0245" 8579
"/Engine/EngineMaterials/Substrate/Glints2/dict_0003_0244" 8580
"/Engine/EngineMaterials/Substrate/Glints2/dict_0003_0243" 8581
"/Engine/EngineMaterials/Substrate/Glints2/dict_0003_0242" 8582
"/Engine/EngineMaterials/Substrate/Glints2/dict_0003_0241" 8583
"/Engine/EngineMaterials/Substrate/Glints2/dict_0003_0240" 8584
"/Engine/EngineMaterials/Substrate/Glints2/dict_0003_0239" 8585
"/Engine/EngineMaterials/Substrate/Glints2/dict_0003_0238" 8586
"/Engine/EngineMaterials/Substrate/Glints2/dict_0003_0237" 8587
"/Engine/EngineMaterials/Substrate/Glints2/dict_0003_0236" 8588
"/Engine/EngineMaterials/Substrate/Glints2/dict_0003_0235" 8589
"/Engine/EngineMaterials/Substrate/Glints2/dict_0003_0234" 8590
"/Engine/EngineMaterials/Substrate/Glints2/dict_0003_0233" 8591
"/Engine/EngineMaterials/Substrate/Glints2/dict_0003_0232" 8592
"/Engine/EngineMaterials/Substrate/Glints2/dict_0003_0231" 8593
"/Engine/EngineMaterials/Substrate/Glints2/dict_0003_0230" 8594
"/Engine/EngineMaterials/Substrate/Glints2/dict_0003_0229" 8595
"/Engine/EngineMaterials/Substrate/Glints2/dict_0003_0228" 8596
"../../../Engine/Content/EngineMaterials/Substrate/Glints2/dict_0004_0007.uasset" 8597
"../../../Engine/Content/EngineMaterials/Substrate/Glints2/dict_0004_0009.uasset" 8598
"../../../Engine/Content/EngineMaterials/Substrate/Glints2/dict_0004_0006.uasset" 8599
"../../../Engine/Content/EngineMaterials/Substrate/Glints2/dict_0004_0020.uasset" 8600
"../../../Engine/Content/EngineMaterials/Substrate/Glints2/dict_0004_0014.uasset" 8601
"../../../Engine/Content/EngineMaterials/Substrate/Glints2/dict_0004_0010.uasset" 8602
"/Engine/EngineMaterials/Substrate/Glints2/dict_0004_0003" 8603
"../../../Engine/Content/EngineMaterials/Substrate/Glints2/dict_0004_0012.uasset" 8604
"../../../Engine/Content/EngineMaterials/Substrate/Glints2/dict_0004_0011.uasset" 8605
"../../../Engine/Content/EngineMaterials/Substrate/Glints2/dict_0004_0024.uasset" 8606
"../../../Engine/Content/EngineMaterials/Substrate/Glints2/dict_0004_0017.uasset" 8607
"../../../Engine/Content/EngineMaterials/Substrate/Glints2/dict_0004_0016.uasset" 8608
"../../../Engine/Content/EngineMaterials/Substrate/Glints2/dict_0004_0015.uasset" 8609
"../../../Engine/Content/EngineMaterials/Substrate/Glints2/dict_0004_0005.uasset" 8610
"../../../Engine/Content/EngineMaterials/Substrate/Glints2/dict_0004_0023.uasset" 8611
"../../../Engine/Content/EngineMaterials/Substrate/Glints2/dict_0004_0019.uasset" 8612
"../../../Engine/Content/EngineMaterials/Substrate/Glints2/dict_0004_0021.uasset" 8613
"../../../Engine/Content/EngineMaterials/Substrate/Glints2/dict_0004_0018.uasset" 8614
"../../../Engine/Content/EngineMaterials/Substrate/Glints2/dict_0004_0027.uasset" 8615
"../../../Engine/Content/EngineMaterials/Substrate/Glints2/dict_0004_0026.uasset" 8616
"../../../Engine/Content/EngineMaterials/Substrate/Glints2/dict_0004_0022.uasset" 8617
"../../../Engine/Content/EngineMaterials/Substrate/Glints2/dict_0004_0013.uasset" 8618
"/Engine/EngineMaterials/Substrate/Glints2/dict_0004_0002" 8619
"../../../Engine/Content/EngineMaterials/Substrate/Glints2/dict_0004_0008.uasset" 8620
"../../../Engine/Content/EngineMaterials/Substrate/Glints2/dict_0004_0025.uasset" 8621
"../../../Engine/Content/EngineMaterials/Substrate/Glints2/dict_0004_0004.uasset" 8622
"/Engine/EngineMaterials/Substrate/Glints2/dict_0004_0001" 8623
"/Engine/EngineMaterials/Substrate/Glints2/dict_0004_0000" 8624
"/Engine/EngineMaterials/Substrate/Glints2/dict_0003_0255" 8625
"/Engine/EngineMaterials/Substrate/Glints2/dict_0003_0254" 8626
"/Engine/EngineMaterials/Substrate/Glints2/dict_0003_0253" 8627
"/Engine/EngineMaterials/Substrate/Glints2/dict_0003_0252" 8628
"/Engine/EngineMaterials/Substrate/Glints2/dict_0004_0027" 8629
"../../../Engine/Content/EngineMaterials/Substrate/Glints2/dict_0004_0028.uasset" 8630
"../../../Engine/Content/EngineMaterials/Substrate/Glints2/dict_0004_0030.uasset" 8631
"../../../Engine/Content/EngineMaterials/Substrate/Glints2/dict_0004_0035.uasset" 8632
"../../../Engine/Content/EngineMaterials/Substrate/Glints2/dict_0004_0031.uasset" 8633
"../../../Engine/Content/EngineMaterials/Substrate/Glints2/dict_0004_0029.uasset" 8634
"../../../Engine/Content/EngineMaterials/Substrate/Glints2/dict_0004_0032.uasset" 8635
"../../../Engine/Content/EngineMaterials/Substrate/Glints2/dict_0004_0034.uasset" 8636
"../../../Engine/Content/EngineMaterials/Substrate/Glints2/dict_0004_0033.uasset" 8637
"/Engine/EngineMaterials/Substrate/Glints2/dict_0004_0026" 8638
"/Engine/EngineMaterials/Substrate/Glints2/dict_0004_0025" 8639
"/Engine/EngineMaterials/Substrate/Glints2/dict_0004_0024" 8640
"/Engine/EngineMaterials/Substrate/Glints2/dict_0004_0023" 8641
"/Engine/EngineMaterials/Substrate/Glints2/dict_0004_0022" 8642
"/Engine/EngineMaterials/Substrate/Glints2/dict_0004_0021" 8643
"/Engine/EngineMaterials/Substrate/Glints2/dict_0004_0020" 8644
"/Engine/EngineMaterials/Substrate/Glints2/dict_0004_0019" 8645
"/Engine/EngineMaterials/Substrate/Glints2/dict_0004_0018" 8646
"/Engine/EngineMaterials/Substrate/Glints2/dict_0004_0017" 8647
"/Engine/EngineMaterials/Substrate/Glints2/dict_0004_0016" 8648
"/Engine/EngineMaterials/Substrate/Glints2/dict_0004_0015" 8649
"/Engine/EngineMaterials/Substrate/Glints2/dict_0004_0014" 8650
"/Engine/EngineMaterials/Substrate/Glints2/dict_0004_0013" 8651
"/Engine/EngineMaterials/Substrate/Glints2/dict_0004_0012" 8652
"/Engine/EngineMaterials/Substrate/Glints2/dict_0004_0011" 8653
"/Engine/EngineMaterials/Substrate/Glints2/dict_0004_0010" 8654
"/Engine/EngineMaterials/Substrate/Glints2/dict_0004_0009" 8655
"/Engine/EngineMaterials/Substrate/Glints2/dict_0004_0008" 8656
"/Engine/EngineMaterials/Substrate/Glints2/dict_0004_0007" 8657
"/Engine/EngineMaterials/Substrate/Glints2/dict_0004_0006" 8658
"/Engine/EngineMaterials/Substrate/Glints2/dict_0004_0005" 8659
"/Engine/EngineMaterials/Substrate/Glints2/dict_0004_0004" 8660
"../../../Engine/Content/EngineMaterials/Substrate/Glints2/dict_0004_0042.uasset" 8661
"/Engine/EngineMaterials/Substrate/Glints2/dict_0004_0035" 8662
"../../../Engine/Content/EngineMaterials/Substrate/Glints2/dict_0004_0041.uasset" 8663
"../../../Engine/Content/EngineMaterials/Substrate/Glints2/dict_0004_0037.uasset" 8664
"../../../Engine/Content/EngineMaterials/Substrate/Glints2/dict_0004_0057.uasset" 8665
"../../../Engine/Content/EngineMaterials/Substrate/Glints2/dict_0004_0053.uasset" 8666
"../../../Engine/Content/EngineMaterials/Substrate/Glints2/dict_0004_0052.uasset" 8667
"../../../Engine/Content/EngineMaterials/Substrate/Glints2/dict_0004_0039.uasset" 8668
"../../../Engine/Content/EngineMaterials/Substrate/Glints2/dict_0004_0043.uasset" 8669
"../../../Engine/Content/EngineMaterials/Substrate/Glints2/dict_0004_0051.uasset" 8670
"../../../Engine/Content/EngineMaterials/Substrate/Glints2/dict_0004_0044.uasset" 8671
"../../../Engine/Content/EngineMaterials/Substrate/Glints2/dict_0004_0056.uasset" 8672
"../../../Engine/Content/EngineMaterials/Substrate/Glints2/dict_0004_0036.uasset" 8673
"../../../Engine/Content/EngineMaterials/Substrate/Glints2/dict_0004_0045.uasset" 8674
"../../../Engine/Content/EngineMaterials/Substrate/Glints2/dict_0004_0058.uasset" 8675
"../../../Engine/Content/EngineMaterials/Substrate/Glints2/dict_0004_0040.uasset" 8676
"../../../Engine/Content/EngineMaterials/Substrate/Glints2/dict_0004_0038.uasset" 8677
"../../../Engine/Content/EngineMaterials/Substrate/Glints2/dict_0004_0047.uasset" 8678
"../../../Engine/Content/EngineMaterials/Substrate/Glints2/dict_0004_0046.uasset" 8679
"../../../Engine/Content/EngineMaterials/Substrate/Glints2/dict_0004_0050.uasset" 8680
"../../../Engine/Content/EngineMaterials/Substrate/Glints2/dict_0004_0049.uasset" 8681
"../../../Engine/Content/EngineMaterials/Substrate/Glints2/dict_0004_0055.uasset" 8682
"../../../Engine/Content/EngineMaterials/Substrate/Glints2/dict_0004_0048.uasset" 8683
"../../../Engine/Content/EngineMaterials/Substrate/Glints2/dict_0004_0054.uasset" 8684
"../../../Engine/Content/EngineMaterials/Substrate/Glints2/dict_0004_0059.uasset" 8685
"/Engine/EngineMaterials/Substrate/Glints2/dict_0004_0034" 8686
"/Engine/EngineMaterials/Substrate/Glints2/dict_0004_0033" 8687
"/Engine/EngineMaterials/Substrate/Glints2/dict_0004_0032" 8688
"/Engine/EngineMaterials/Substrate/Glints2/dict_0004_0031" 8689
"/Engine/EngineMaterials/Substrate/Glints2/dict_0004_0030" 8690
"/Engine/EngineMaterials/Substrate/Glints2/dict_0004_0029" 8691
"/Engine/EngineMaterials/Substrate/Glints2/dict_0004_0028" 8692
"/Engine/EngineMaterials/Substrate/Glints2/dict_0004_0059" 8693
"../../../Engine/Content/EngineMaterials/Substrate/Glints2/dict_0004_0062.uasset" 8694
"../../../Engine/Content/EngineMaterials/Substrate/Glints2/dict_0004_0063.uasset" 8695
"../../../Engine/Content/EngineMaterials/Substrate/Glints2/dict_0004_0064.uasset" 8696
"../../../Engine/Content/EngineMaterials/Substrate/Glints2/dict_0004_0065.uasset" 8697
"../../../Engine/Content/EngineMaterials/Substrate/Glints2/dict_0004_0066.uasset" 8698
"../../../Engine/Content/EngineMaterials/Substrate/Glints2/dict_0004_0060.uasset" 8699
"../../../Engine/Content/EngineMaterials/Substrate/Glints2/dict_0004_0067.uasset" 8700
"../../../Engine/Content/EngineMaterials/Substrate/Glints2/dict_0004_0061.uasset" 8701
"/Engine/EngineMaterials/Substrate/Glints2/dict_0004_0058" 8702
"/Engine/EngineMaterials/Substrate/Glints2/dict_0004_0057" 8703
"/Engine/EngineMaterials/Substrate/Glints2/dict_0004_0056" 8704
"/Engine/EngineMaterials/Substrate/Glints2/dict_0004_0055" 8705
"/Engine/EngineMaterials/Substrate/Glints2/dict_0004_0054" 8706
"/Engine/EngineMaterials/Substrate/Glints2/dict_0004_0053" 8707
"/Engine/EngineMaterials/Substrate/Glints2/dict_0004_0052" 8708
"/Engine/EngineMaterials/Substrate/Glints2/dict_0004_0051" 8709
"/Engine/EngineMaterials/Substrate/Glints2/dict_0004_0050" 8710
"/Engine/EngineMaterials/Substrate/Glints2/dict_0004_0049" 8711
"/Engine/EngineMaterials/Substrate/Glints2/dict_0004_0048" 8712
"/Engine/EngineMaterials/Substrate/Glints2/dict_0004_0047" 8713
"/Engine/EngineMaterials/Substrate/Glints2/dict_0004_0046" 8714
"/Engine/EngineMaterials/Substrate/Glints2/dict_0004_0045" 8715
"/Engine/EngineMaterials/Substrate/Glints2/dict_0004_0044" 8716
"/Engine/EngineMaterials/Substrate/Glints2/dict_0004_0043" 8717
"/Engine/EngineMaterials/Substrate/Glints2/dict_0004_0042" 8718
"/Engine/EngineMaterials/Substrate/Glints2/dict_0004_0041" 8719
"/Engine/EngineMaterials/Substrate/Glints2/dict_0004_0040" 8720
"/Engine/EngineMaterials/Substrate/Glints2/dict_0004_0039" 8721
"/Engine/EngineMaterials/Substrate/Glints2/dict_0004_0038" 8722
"/Engine/EngineMaterials/Substrate/Glints2/dict_0004_0037" 8723
"/Engine/EngineMaterials/Substrate/Glints2/dict_0004_0036" 8724
"/Engine/EngineMaterials/Substrate/Glints2/dict_0004_0067" 8725
"../../../Engine/Content/EngineMaterials/Substrate/Glints2/dict_0004_0072.uasset" 8726
"../../../Engine/Content/EngineMaterials/Substrate/Glints2/dict_0004_0076.uasset" 8727
"../../../Engine/Content/EngineMaterials/Substrate/Glints2/dict_0004_0073.uasset" 8728
"../../../Engine/Content/EngineMaterials/Substrate/Glints2/dict_0004_0075.uasset" 8729
"../../../Engine/Content/EngineMaterials/Substrate/Glints2/dict_0004_0077.uasset" 8730
"../../../Engine/Content/EngineMaterials/Substrate/Glints2/dict_0004_0074.uasset" 8731
"../../../Engine/Content/EngineMaterials/Substrate/Glints2/dict_0004_0080.uasset" 8732
"../../../Engine/Content/EngineMaterials/Substrate/Glints2/dict_0004_0085.uasset" 8733
"../../../Engine/Content/EngineMaterials/Substrate/Glints2/dict_0004_0070.uasset" 8734
"../../../Engine/Content/EngineMaterials/Substrate/Glints2/dict_0004_0087.uasset" 8735
"../../../Engine/Content/EngineMaterials/Substrate/Glints2/dict_0004_0088.uasset" 8736
"../../../Engine/Content/EngineMaterials/Substrate/Glints2/dict_0004_0084.uasset" 8737
"../../../Engine/Content/EngineMaterials/Substrate/Glints2/dict_0004_0069.uasset" 8738
"../../../Engine/Content/EngineMaterials/Substrate/Glints2/dict_0004_0078.uasset" 8739
"../../../Engine/Content/EngineMaterials/Substrate/Glints2/dict_0004_0082.uasset" 8740
"../../../Engine/Content/EngineMaterials/Substrate/Glints2/dict_0004_0071.uasset" 8741
"/Engine/EngineMaterials/Substrate/Glints2/dict_0004_0066" 8742
"../../../Engine/Content/EngineMaterials/Substrate/Glints2/dict_0004_0083.uasset" 8743
"../../../Engine/Content/EngineMaterials/Substrate/Glints2/dict_0004_0090.uasset" 8744
"../../../Engine/Content/EngineMaterials/Substrate/Glints2/dict_0004_0081.uasset" 8745
"../../../Engine/Content/EngineMaterials/Substrate/Glints2/dict_0004_0086.uasset" 8746
"../../../Engine/Content/EngineMaterials/Substrate/Glints2/dict_0004_0068.uasset" 8747
"../../../Engine/Content/EngineMaterials/Substrate/Glints2/dict_0004_0091.uasset" 8748
"../../../Engine/Content/EngineMaterials/Substrate/Glints2/dict_0004_0079.uasset" 8749
"../../../Engine/Content/EngineMaterials/Substrate/Glints2/dict_0004_0089.uasset" 8750
"/Engine/EngineMaterials/Substrate/Glints2/dict_0004_0065" 8751
"/Engine/EngineMaterials/Substrate/Glints2/dict_0004_0064" 8752
"/Engine/EngineMaterials/Substrate/Glints2/dict_0004_0063" 8753
"/Engine/EngineMaterials/Substrate/Glints2/dict_0004_0062" 8754
"/Engine/EngineMaterials/Substrate/Glints2/dict_0004_0061" 8755
"/Engine/EngineMaterials/Substrate/Glints2/dict_0004_0060" 8756
"/Engine/EngineMaterials/Substrate/Glints2/dict_0004_0091" 8757
"../../../Engine/Content/EngineMaterials/Substrate/Glints2/dict_0004_0098.uasset" 8758
"../../../Engine/Content/EngineMaterials/Substrate/Glints2/dict_0004_0095.uasset" 8759
"../../../Engine/Content/EngineMaterials/Substrate/Glints2/dict_0004_0094.uasset" 8760
"../../../Engine/Content/EngineMaterials/Substrate/Glints2/dict_0004_0097.uasset" 8761
"../../../Engine/Content/EngineMaterials/Substrate/Glints2/dict_0004_0092.uasset" 8762
"../../../Engine/Content/EngineMaterials/Substrate/Glints2/dict_0004_0096.uasset" 8763
"../../../Engine/Content/EngineMaterials/Substrate/Glints2/dict_0004_0093.uasset" 8764
"../../../Engine/Content/EngineMaterials/Substrate/Glints2/dict_0004_0099.uasset" 8765
"/Engine/EngineMaterials/Substrate/Glints2/dict_0004_0090" 8766
"/Engine/EngineMaterials/Substrate/Glints2/dict_0004_0089" 8767
"/Engine/EngineMaterials/Substrate/Glints2/dict_0004_0088" 8768
"/Engine/EngineMaterials/Substrate/Glints2/dict_0004_0087" 8769
"/Engine/EngineMaterials/Substrate/Glints2/dict_0004_0086" 8770
"/Engine/EngineMaterials/Substrate/Glints2/dict_0004_0085" 8771
"/Engine/EngineMaterials/Substrate/Glints2/dict_0004_0084" 8772
"/Engine/EngineMaterials/Substrate/Glints2/dict_0004_0083" 8773
"/Engine/EngineMaterials/Substrate/Glints2/dict_0004_0082" 8774
"/Engine/EngineMaterials/Substrate/Glints2/dict_0004_0081" 8775
"/Engine/EngineMaterials/Substrate/Glints2/dict_0004_0080" 8776
"/Engine/EngineMaterials/Substrate/Glints2/dict_0004_0079" 8777
"/Engine/EngineMaterials/Substrate/Glints2/dict_0004_0078" 8778
"/Engine/EngineMaterials/Substrate/Glints2/dict_0004_0077" 8779
"/Engine/EngineMaterials/Substrate/Glints2/dict_0004_0076" 8780
"/Engine/EngineMaterials/Substrate/Glints2/dict_0004_0075" 8781
"/Engine/EngineMaterials/Substrate/Glints2/dict_0004_0074" 8782
"/Engine/EngineMaterials/Substrate/Glints2/dict_0004_0073" 8783
"/Engine/EngineMaterials/Substrate/Glints2/dict_0004_0072" 8784
"/Engine/EngineMaterials/Substrate/Glints2/dict_0004_0071" 8785
"/Engine/EngineMaterials/Substrate/Glints2/dict_0004_0070" 8786
"/Engine/EngineMaterials/Substrate/Glints2/dict_0004_0069" 8787
"/Engine/EngineMaterials/Substrate/Glints2/dict_0004_0068" 8788
"../../../Engine/Content/EngineMaterials/Substrate/Glints2/dict_0004_0103.uasset" 8789
"../../../Engine/Content/EngineMaterials/Substrate/Glints2/dict_0004_0104.uasset" 8790
"../../../Engine/Content/EngineMaterials/Substrate/Glints2/dict_0004_0112.uasset" 8791
"../../../Engine/Content/EngineMaterials/Substrate/Glints2/dict_0004_0101.uasset" 8792
"../../../Engine/Content/EngineMaterials/Substrate/Glints2/dict_0004_0110.uasset" 8793
"../../../Engine/Content/EngineMaterials/Substrate/Glints2/dict_0004_0111.uasset" 8794
"/Engine/EngineMaterials/Substrate/Glints2/dict_0004_0099" 8795
"../../../Engine/Content/EngineMaterials/Substrate/Glints2/dict_0004_0105.uasset" 8796
"../../../Engine/Content/EngineMaterials/Substrate/Glints2/dict_0004_0106.uasset" 8797
"../../../Engine/Content/EngineMaterials/Substrate/Glints2/dict_0004_0107.uasset" 8798
"../../../Engine/Content/EngineMaterials/Substrate/Glints2/dict_0004_0108.uasset" 8799
"../../../Engine/Content/EngineMaterials/Substrate/Glints2/dict_0004_0114.uasset" 8800
"../../../Engine/Content/EngineMaterials/Substrate/Glints2/dict_0004_0109.uasset" 8801
"../../../Engine/Content/EngineMaterials/Substrate/Glints2/dict_0004_0116.uasset" 8802
"../../../Engine/Content/EngineMaterials/Substrate/Glints2/dict_0004_0102.uasset" 8803
"../../../Engine/Content/EngineMaterials/Substrate/Glints2/dict_0004_0115.uasset" 8804
"../../../Engine/Content/EngineMaterials/Substrate/Glints2/dict_0004_0120.uasset" 8805
"../../../Engine/Content/EngineMaterials/Substrate/Glints2/dict_0004_0119.uasset" 8806
"../../../Engine/Content/EngineMaterials/Substrate/Glints2/dict_0004_0113.uasset" 8807
"../../../Engine/Content/EngineMaterials/Substrate/Glints2/dict_0004_0118.uasset" 8808
"../../../Engine/Content/EngineMaterials/Substrate/Glints2/dict_0004_0117.uasset" 8809
"../../../Engine/Content/EngineMaterials/Substrate/Glints2/dict_0004_0100.uasset" 8810
"../../../Engine/Content/EngineMaterials/Substrate/Glints2/dict_0004_0121.uasset" 8811
"../../../Engine/Content/EngineMaterials/Substrate/Glints2/dict_0004_0123.uasset" 8812
"../../../Engine/Content/EngineMaterials/Substrate/Glints2/dict_0004_0122.uasset" 8813
"/Engine/EngineMaterials/Substrate/Glints2/dict_0004_0098" 8814
"/Engine/EngineMaterials/Substrate/Glints2/dict_0004_0097" 8815
"/Engine/EngineMaterials/Substrate/Glints2/dict_0004_0096" 8816
"/Engine/EngineMaterials/Substrate/Glints2/dict_0004_0095" 8817
"/Engine/EngineMaterials/Substrate/Glints2/dict_0004_0094" 8818
"/Engine/EngineMaterials/Substrate/Glints2/dict_0004_0093" 8819
"/Engine/EngineMaterials/Substrate/Glints2/dict_0004_0092" 8820
"/Engine/EngineMaterials/Substrate/Glints2/dict_0004_0123" 8821
"../../../Engine/Content/EngineMaterials/Substrate/Glints2/dict_0004_0130.uasset" 8822
"../../../Engine/Content/EngineMaterials/Substrate/Glints2/dict_0004_0126.uasset" 8823
"../../../Engine/Content/EngineMaterials/Substrate/Glints2/dict_0004_0129.uasset" 8824
"../../../Engine/Content/EngineMaterials/Substrate/Glints2/dict_0004_0127.uasset" 8825
"../../../Engine/Content/EngineMaterials/Substrate/Glints2/dict_0004_0125.uasset" 8826
"../../../Engine/Content/EngineMaterials/Substrate/Glints2/dict_0004_0131.uasset" 8827
"../../../Engine/Content/EngineMaterials/Substrate/Glints2/dict_0004_0128.uasset" 8828
"../../../Engine/Content/EngineMaterials/Substrate/Glints2/dict_0004_0124.uasset" 8829
"/Engine/EngineMaterials/Substrate/Glints2/dict_0004_0122" 8830
"/Engine/EngineMaterials/Substrate/Glints2/dict_0004_0121" 8831
"/Engine/EngineMaterials/Substrate/Glints2/dict_0004_0120" 8832
"/Engine/EngineMaterials/Substrate/Glints2/dict_0004_0119" 8833
"/Engine/EngineMaterials/Substrate/Glints2/dict_0004_0118" 8834
"/Engine/EngineMaterials/Substrate/Glints2/dict_0004_0117" 8835
"/Engine/EngineMaterials/Substrate/Glints2/dict_0004_0116" 8836
"/Engine/EngineMaterials/Substrate/Glints2/dict_0004_0115" 8837
"/Engine/EngineMaterials/Substrate/Glints2/dict_0004_0114" 8838
"/Engine/EngineMaterials/Substrate/Glints2/dict_0004_0113" 8839
"/Engine/EngineMaterials/Substrate/Glints2/dict_0004_0112" 8840
"/Engine/EngineMaterials/Substrate/Glints2/dict_0004_0111" 8841
"/Engine/EngineMaterials/Substrate/Glints2/dict_0004_0110" 8842
"/Engine/EngineMaterials/Substrate/Glints2/dict_0004_0109" 8843
"/Engine/EngineMaterials/Substrate/Glints2/dict_0004_0108" 8844
"/Engine/EngineMaterials/Substrate/Glints2/dict_0004_0107" 8845
"/Engine/EngineMaterials/Substrate/Glints2/dict_0004_0106" 8846
"/Engine/EngineMaterials/Substrate/Glints2/dict_0004_0105" 8847
"/Engine/EngineMaterials/Substrate/Glints2/dict_0004_0104" 8848
"/Engine/EngineMaterials/Substrate/Glints2/dict_0004_0103" 8849
"/Engine/EngineMaterials/Substrate/Glints2/dict_0004_0102" 8850
"/Engine/EngineMaterials/Substrate/Glints2/dict_0004_0101" 8851
"/Engine/EngineMaterials/Substrate/Glints2/dict_0004_0100" 8852
"/Engine/EngineMaterials/Substrate/Glints2/dict_0004_0131" 8853
"../../../Engine/Content/EngineMaterials/Substrate/Glints2/dict_0004_0141.uasset" 8854
"../../../Engine/Content/EngineMaterials/Substrate/Glints2/dict_0004_0132.uasset" 8855
"../../../Engine/Content/EngineMaterials/Substrate/Glints2/dict_0004_0145.uasset" 8856
"../../../Engine/Content/EngineMaterials/Substrate/Glints2/dict_0004_0137.uasset" 8857
"../../../Engine/Content/EngineMaterials/Substrate/Glints2/dict_0004_0140.uasset" 8858
"../../../Engine/Content/EngineMaterials/Substrate/Glints2/dict_0004_0152.uasset" 8859
"../../../Engine/Content/EngineMaterials/Substrate/Glints2/dict_0004_0151.uasset" 8860
"../../../Engine/Content/EngineMaterials/Substrate/Glints2/dict_0004_0148.uasset" 8861
"../../../Engine/Content/EngineMaterials/Substrate/Glints2/dict_0004_0133.uasset" 8862
"../../../Engine/Content/EngineMaterials/Substrate/Glints2/dict_0004_0142.uasset" 8863
"../../../Engine/Content/EngineMaterials/Substrate/Glints2/dict_0004_0153.uasset" 8864
"../../../Engine/Content/EngineMaterials/Substrate/Glints2/dict_0004_0134.uasset" 8865
"../../../Engine/Content/EngineMaterials/Substrate/Glints2/dict_0004_0144.uasset" 8866
"../../../Engine/Content/EngineMaterials/Substrate/Glints2/dict_0004_0135.uasset" 8867
"../../../Engine/Content/EngineMaterials/Substrate/Glints2/dict_0004_0149.uasset" 8868
"../../../Engine/Content/EngineMaterials/Substrate/Glints2/dict_0004_0136.uasset" 8869
"../../../Engine/Content/EngineMaterials/Substrate/Glints2/dict_0004_0147.uasset" 8870
"/Engine/EngineMaterials/Substrate/Glints2/dict_0004_0130" 8871
"../../../Engine/Content/EngineMaterials/Substrate/Glints2/dict_0004_0139.uasset" 8872
"../../../Engine/Content/EngineMaterials/Substrate/Glints2/dict_0004_0155.uasset" 8873
"../../../Engine/Content/EngineMaterials/Substrate/Glints2/dict_0004_0150.uasset" 8874
"../../../Engine/Content/EngineMaterials/Substrate/Glints2/dict_0004_0146.uasset" 8875
"../../../Engine/Content/EngineMaterials/Substrate/Glints2/dict_0004_0143.uasset" 8876
"../../../Engine/Content/EngineMaterials/Substrate/Glints2/dict_0004_0138.uasset" 8877
"../../../Engine/Content/EngineMaterials/Substrate/Glints2/dict_0004_0154.uasset" 8878
"/Engine/EngineMaterials/Substrate/Glints2/dict_0004_0129" 8879
"/Engine/EngineMaterials/Substrate/Glints2/dict_0004_0128" 8880
"/Engine/EngineMaterials/Substrate/Glints2/dict_0004_0127" 8881
"/Engine/EngineMaterials/Substrate/Glints2/dict_0004_0126" 8882
"/Engine/EngineMaterials/Substrate/Glints2/dict_0004_0125" 8883
"/Engine/EngineMaterials/Substrate/Glints2/dict_0004_0124" 8884
"/Engine/EngineMaterials/Substrate/Glints2/dict_0004_0155" 8885
"../../../Engine/Content/EngineMaterials/Substrate/Glints2/dict_0004_0160.uasset" 8886
"../../../Engine/Content/EngineMaterials/Substrate/Glints2/dict_0004_0157.uasset" 8887
"../../../Engine/Content/EngineMaterials/Substrate/Glints2/dict_0004_0163.uasset" 8888
"../../../Engine/Content/EngineMaterials/Substrate/Glints2/dict_0004_0159.uasset" 8889
"../../../Engine/Content/EngineMaterials/Substrate/Glints2/dict_0004_0156.uasset" 8890
"../../../Engine/Content/EngineMaterials/Substrate/Glints2/dict_0004_0158.uasset" 8891
"../../../Engine/Content/EngineMaterials/Substrate/Glints2/dict_0004_0161.uasset" 8892
"../../../Engine/Content/EngineMaterials/Substrate/Glints2/dict_0004_0162.uasset" 8893
"/Engine/EngineMaterials/Substrate/Glints2/dict_0004_0154" 8894
"/Engine/EngineMaterials/Substrate/Glints2/dict_0004_0153" 8895
"/Engine/EngineMaterials/Substrate/Glints2/dict_0004_0152" 8896
"/Engine/EngineMaterials/Substrate/Glints2/dict_0004_0151" 8897
"/Engine/EngineMaterials/Substrate/Glints2/dict_0004_0150" 8898
"/Engine/EngineMaterials/Substrate/Glints2/dict_0004_0149" 8899
"/Engine/EngineMaterials/Substrate/Glints2/dict_0004_0148" 8900
"/Engine/EngineMaterials/Substrate/Glints2/dict_0004_0147" 8901
"/Engine/EngineMaterials/Substrate/Glints2/dict_0004_0146" 8902
"/Engine/EngineMaterials/Substrate/Glints2/dict_0004_0145" 8903
"/Engine/EngineMaterials/Substrate/Glints2/dict_0004_0144" 8904
"/Engine/EngineMaterials/Substrate/Glints2/dict_0004_0143" 8905
"/Engine/EngineMaterials/Substrate/Glints2/dict_0004_0142" 8906
"/Engine/EngineMaterials/Substrate/Glints2/dict_0004_0141" 8907
"/Engine/EngineMaterials/Substrate/Glints2/dict_0004_0140" 8908
"/Engine/EngineMaterials/Substrate/Glints2/dict_0004_0139" 8909
"/Engine/EngineMaterials/Substrate/Glints2/dict_0004_0138" 8910
"/Engine/EngineMaterials/Substrate/Glints2/dict_0004_0137" 8911
"/Engine/EngineMaterials/Substrate/Glints2/dict_0004_0136" 8912
"/Engine/EngineMaterials/Substrate/Glints2/dict_0004_0135" 8913
"/Engine/EngineMaterials/Substrate/Glints2/dict_0004_0134" 8914
"/Engine/EngineMaterials/Substrate/Glints2/dict_0004_0133" 8915
"C:/Users/xingh/AppData/Local/Temp/UnrealShaderWorkingDir/4978E7A5472AB1D50C19DAB24456E12C/3/WorkerOutputOnly.out" 8916
"/Engine/EngineMaterials/Substrate/Glints2/dict_0004_0132" 8917
"../../../Engine/Content/EngineMaterials/Substrate/Glints2/dict_0004_0166.uasset" 8918
"../../../Engine/Content/EngineMaterials/Substrate/Glints2/dict_0004_0168.uasset" 8919
"/Engine/EngineMaterials/Substrate/Glints2/dict_0004_0163" 8920
"../../../Engine/Content/EngineMaterials/Substrate/Glints2/dict_0004_0165.uasset" 8921
"../../../Engine/Content/EngineMaterials/Substrate/Glints2/dict_0004_0175.uasset" 8922
"../../../Engine/Content/EngineMaterials/Substrate/Glints2/dict_0004_0173.uasset" 8923
"../../../Engine/Content/EngineMaterials/Substrate/Glints2/dict_0004_0171.uasset" 8924
"../../../Engine/Content/EngineMaterials/Substrate/Glints2/dict_0004_0177.uasset" 8925
"../../../Engine/Content/EngineMaterials/Substrate/Glints2/dict_0004_0170.uasset" 8926
"../../../Engine/Content/EngineMaterials/Substrate/Glints2/dict_0004_0169.uasset" 8927
"../../../Engine/Content/EngineMaterials/Substrate/Glints2/dict_0004_0172.uasset" 8928
"../../../Engine/Content/EngineMaterials/Substrate/Glints2/dict_0004_0176.uasset" 8929
"../../../Engine/Content/EngineMaterials/Substrate/Glints2/dict_0004_0179.uasset" 8930
"../../../Engine/Content/EngineMaterials/Substrate/Glints2/dict_0004_0174.uasset" 8931
"../../../Engine/Content/EngineMaterials/Substrate/Glints2/dict_0004_0167.uasset" 8932
"../../../Engine/Content/EngineMaterials/Substrate/Glints2/dict_0004_0181.uasset" 8933
"../../../Engine/Content/EngineMaterials/Substrate/Glints2/dict_0004_0180.uasset" 8934
"../../../Engine/Content/EngineMaterials/Substrate/Glints2/dict_0004_0182.uasset" 8935
"../../../Engine/Content/EngineMaterials/Substrate/Glints2/dict_0004_0164.uasset" 8936
"../../../Engine/Content/EngineMaterials/Substrate/Glints2/dict_0004_0183.uasset" 8937
"../../../Engine/Content/EngineMaterials/Substrate/Glints2/dict_0004_0184.uasset" 8938
"../../../Engine/Content/EngineMaterials/Substrate/Glints2/dict_0004_0178.uasset" 8939
"../../../Engine/Content/EngineMaterials/Substrate/Glints2/dict_0004_0185.uasset" 8940
"../../../Engine/Content/EngineMaterials/Substrate/Glints2/dict_0004_0186.uasset" 8941
"/Engine/EngineMaterials/Substrate/Glints2/dict_0004_0162" 8942
"../../../Engine/Content/EngineMaterials/Substrate/Glints2/dict_0004_0187.uasset" 8943
"/Engine/EngineMaterials/Substrate/Glints2/dict_0004_0161" 8944
"/Engine/EngineMaterials/Substrate/Glints2/dict_0004_0160" 8945
"/Engine/EngineMaterials/Substrate/Glints2/dict_0004_0159" 8946
"/Engine/EngineMaterials/Substrate/Glints2/dict_0004_0158" 8947
"/Engine/EngineMaterials/Substrate/Glints2/dict_0004_0157" 8948
"/Engine/EngineMaterials/Substrate/Glints2/dict_0004_0156" 8949
"../../../Engine/Content/EngineMaterials/Substrate/Glints2/dict_0004_0191.uasset" 8950
"../../../Engine/Content/EngineMaterials/Substrate/Glints2/dict_0004_0194.uasset" 8951
"../../../Engine/Content/EngineMaterials/Substrate/Glints2/dict_0004_0192.uasset" 8952
"../../../Engine/Content/EngineMaterials/Substrate/Glints2/dict_0004_0193.uasset" 8953
"../../../Engine/Content/EngineMaterials/Substrate/Glints2/dict_0004_0189.uasset" 8954
"../../../Engine/Content/EngineMaterials/Substrate/Glints2/dict_0004_0195.uasset" 8955
"../../../Engine/Content/EngineMaterials/Substrate/Glints2/dict_0004_0188.uasset" 8956
"/Engine/EngineMaterials/Substrate/Glints2/dict_0004_0187" 8957
"../../../Engine/Content/EngineMaterials/Substrate/Glints2/dict_0004_0190.uasset" 8958
"/Engine/EngineMaterials/Substrate/Glints2/dict_0004_0186" 8959
"/Engine/EngineMaterials/Substrate/Glints2/dict_0004_0185" 8960
"/Engine/EngineMaterials/Substrate/Glints2/dict_0004_0184" 8961
"/Engine/EngineMaterials/Substrate/Glints2/dict_0004_0183" 8962
"/Engine/EngineMaterials/Substrate/Glints2/dict_0004_0182" 8963
"/Engine/EngineMaterials/Substrate/Glints2/dict_0004_0181" 8964
"/Engine/EngineMaterials/Substrate/Glints2/dict_0004_0180" 8965
"/Engine/EngineMaterials/Substrate/Glints2/dict_0004_0179" 8966
"/Engine/EngineMaterials/Substrate/Glints2/dict_0004_0178" 8967
"/Engine/EngineMaterials/Substrate/Glints2/dict_0004_0177" 8968
"/Engine/EngineMaterials/Substrate/Glints2/dict_0004_0176" 8969
"/Engine/EngineMaterials/Substrate/Glints2/dict_0004_0175" 8970
"/Engine/EngineMaterials/Substrate/Glints2/dict_0004_0174" 8971
"/Engine/EngineMaterials/Substrate/Glints2/dict_0004_0173" 8972
"/Engine/EngineMaterials/Substrate/Glints2/dict_0004_0172" 8973
"/Engine/EngineMaterials/Substrate/Glints2/dict_0004_0171" 8974
"/Engine/EngineMaterials/Substrate/Glints2/dict_0004_0170" 8975
"/Engine/EngineMaterials/Substrate/Glints2/dict_0004_0169" 8976
"/Engine/EngineMaterials/Substrate/Glints2/dict_0004_0168" 8977
"/Engine/EngineMaterials/Substrate/Glints2/dict_0004_0167" 8978
"/Engine/EngineMaterials/Substrate/Glints2/dict_0004_0166" 8979
"/Engine/EngineMaterials/Substrate/Glints2/dict_0004_0165" 8980
"/Engine/EngineMaterials/Substrate/Glints2/dict_0004_0164" 8981
"/Engine/EngineMaterials/Substrate/Glints2/dict_0004_0195" 8982
"../../../Engine/Content/EngineMaterials/Substrate/Glints2/dict_0004_0203.uasset" 8983
"../../../Engine/Content/EngineMaterials/Substrate/Glints2/dict_0004_0197.uasset" 8984
"../../../Engine/Content/EngineMaterials/Substrate/Glints2/dict_0004_0199.uasset" 8985
"../../../Engine/Content/EngineMaterials/Substrate/Glints2/dict_0004_0200.uasset" 8986
"../../../Engine/Content/EngineMaterials/Substrate/Glints2/dict_0004_0207.uasset" 8987
"../../../Engine/Content/EngineMaterials/Substrate/Glints2/dict_0004_0196.uasset" 8988
"../../../Engine/Content/EngineMaterials/Substrate/Glints2/dict_0004_0205.uasset" 8989
"../../../Engine/Content/EngineMaterials/Substrate/Glints2/dict_0004_0204.uasset" 8990
"../../../Engine/Content/EngineMaterials/Substrate/Glints2/dict_0004_0208.uasset" 8991
"../../../Engine/Content/EngineMaterials/Substrate/Glints2/dict_0004_0202.uasset" 8992
"../../../Engine/Content/EngineMaterials/Substrate/Glints2/dict_0004_0201.uasset" 8993
"../../../Engine/Content/EngineMaterials/Substrate/Glints2/dict_0004_0209.uasset" 8994
"/Engine/EngineMaterials/Substrate/Glints2/dict_0004_0194" 8995
"../../../Engine/Content/EngineMaterials/Substrate/Glints2/dict_0004_0198.uasset" 8996
"../../../Engine/Content/EngineMaterials/Substrate/Glints2/dict_0004_0210.uasset" 8997
"../../../Engine/Content/EngineMaterials/Substrate/Glints2/dict_0004_0211.uasset" 8998
"../../../Engine/Content/EngineMaterials/Substrate/Glints2/dict_0004_0214.uasset" 8999
"../../../Engine/Content/EngineMaterials/Substrate/Glints2/dict_0004_0213.uasset" 9000
"../../../Engine/Content/EngineMaterials/Substrate/Glints2/dict_0004_0215.uasset" 9001
"../../../Engine/Content/EngineMaterials/Substrate/Glints2/dict_0004_0216.uasset" 9002
"../../../Engine/Content/EngineMaterials/Substrate/Glints2/dict_0004_0218.uasset" 9003
"../../../Engine/Content/EngineMaterials/Substrate/Glints2/dict_0004_0206.uasset" 9004
"../../../Engine/Content/EngineMaterials/Substrate/Glints2/dict_0004_0219.uasset" 9005
"/Engine/EngineMaterials/Substrate/Glints2/dict_0004_0193" 9006
"../../../Engine/Content/EngineMaterials/Substrate/Glints2/dict_0004_0212.uasset" 9007
"../../../Engine/Content/EngineMaterials/Substrate/Glints2/dict_0004_0217.uasset" 9008
"/Engine/EngineMaterials/Substrate/Glints2/dict_0004_0192" 9009
"/Engine/EngineMaterials/Substrate/Glints2/dict_0004_0191" 9010
"/Engine/EngineMaterials/Substrate/Glints2/dict_0004_0190" 9011
"/Engine/EngineMaterials/Substrate/Glints2/dict_0004_0189" 9012
"/Engine/EngineMaterials/Substrate/Glints2/dict_0004_0188" 9013
"/Engine/EngineMaterials/Substrate/Glints2/dict_0004_0219" 9014
"../../../Engine/Content/EngineMaterials/Substrate/Glints2/dict_0004_0220.uasset" 9015
"../../../Engine/Content/EngineMaterials/Substrate/Glints2/dict_0004_0223.uasset" 9016
"../../../Engine/Content/EngineMaterials/Substrate/Glints2/dict_0004_0224.uasset" 9017
"../../../Engine/Content/EngineMaterials/Substrate/Glints2/dict_0004_0222.uasset" 9018
"../../../Engine/Content/EngineMaterials/Substrate/Glints2/dict_0004_0221.uasset" 9019
"../../../Engine/Content/EngineMaterials/Substrate/Glints2/dict_0004_0227.uasset" 9020
"../../../Engine/Content/EngineMaterials/Substrate/Glints2/dict_0004_0226.uasset" 9021
"../../../Engine/Content/EngineMaterials/Substrate/Glints2/dict_0004_0225.uasset" 9022
"/Engine/EngineMaterials/Substrate/Glints2/dict_0004_0218" 9023
"/Engine/EngineMaterials/Substrate/Glints2/dict_0004_0217" 9024
"/Engine/EngineMaterials/Substrate/Glints2/dict_0004_0216" 9025
"/Engine/EngineMaterials/Substrate/Glints2/dict_0004_0215" 9026
"/Engine/EngineMaterials/Substrate/Glints2/dict_0004_0214" 9027
"/Engine/EngineMaterials/Substrate/Glints2/dict_0004_0213" 9028
"/Engine/EngineMaterials/Substrate/Glints2/dict_0004_0212" 9029
"/Engine/EngineMaterials/Substrate/Glints2/dict_0004_0211" 9030
"/Engine/EngineMaterials/Substrate/Glints2/dict_0004_0210" 9031
"/Engine/EngineMaterials/Substrate/Glints2/dict_0004_0209" 9032
"/Engine/EngineMaterials/Substrate/Glints2/dict_0004_0208" 9033
"/Engine/EngineMaterials/Substrate/Glints2/dict_0004_0207" 9034
"/Engine/EngineMaterials/Substrate/Glints2/dict_0004_0206" 9035
"/Engine/EngineMaterials/Substrate/Glints2/dict_0004_0205" 9036
"/Engine/EngineMaterials/Substrate/Glints2/dict_0004_0204" 9037
"/Engine/EngineMaterials/Substrate/Glints2/dict_0004_0203" 9038
"/Engine/EngineMaterials/Substrate/Glints2/dict_0004_0202" 9039
"/Engine/EngineMaterials/Substrate/Glints2/dict_0004_0201" 9040
"/Engine/EngineMaterials/Substrate/Glints2/dict_0004_0200" 9041
"/Engine/EngineMaterials/Substrate/Glints2/dict_0004_0199" 9042
"/Engine/EngineMaterials/Substrate/Glints2/dict_0004_0198" 9043
"/Engine/EngineMaterials/Substrate/Glints2/dict_0004_0197" 9044
"/Engine/EngineMaterials/Substrate/Glints2/dict_0004_0196" 9045
"/Engine/EngineMaterials/Substrate/Glints2/dict_0004_0227" 9046
"../../../Engine/Content/EngineMaterials/Substrate/Glints2/dict_0004_0240.uasset" 9047
"../../../Engine/Content/EngineMaterials/Substrate/Glints2/dict_0004_0235.uasset" 9048
"../../../Engine/Content/EngineMaterials/Substrate/Glints2/dict_0004_0243.uasset" 9049
"../../../Engine/Content/EngineMaterials/Substrate/Glints2/dict_0004_0233.uasset" 9050
"../../../Engine/Content/EngineMaterials/Substrate/Glints2/dict_0004_0234.uasset" 9051
"../../../Engine/Content/EngineMaterials/Substrate/Glints2/dict_0004_0245.uasset" 9052
"../../../Engine/Content/EngineMaterials/Substrate/Glints2/dict_0004_0242.uasset" 9053
"../../../Engine/Content/EngineMaterials/Substrate/Glints2/dict_0004_0229.uasset" 9054
"../../../Engine/Content/EngineMaterials/Substrate/Glints2/dict_0004_0249.uasset" 9055
"../../../Engine/Content/EngineMaterials/Substrate/Glints2/dict_0004_0238.uasset" 9056
"../../../Engine/Content/EngineMaterials/Substrate/Glints2/dict_0004_0247.uasset" 9057
"../../../Engine/Content/EngineMaterials/Substrate/Glints2/dict_0004_0248.uasset" 9058
"../../../Engine/Content/EngineMaterials/Substrate/Glints2/dict_0004_0237.uasset" 9059
"../../../Engine/Content/EngineMaterials/Substrate/Glints2/dict_0004_0239.uasset" 9060
"../../../Engine/Content/EngineMaterials/Substrate/Glints2/dict_0004_0228.uasset" 9061
"../../../Engine/Content/EngineMaterials/Substrate/Glints2/dict_0004_0251.uasset" 9062
"../../../Engine/Content/EngineMaterials/Substrate/Glints2/dict_0004_0232.uasset" 9063
"../../../Engine/Content/EngineMaterials/Substrate/Glints2/dict_0004_0241.uasset" 9064
"../../../Engine/Content/EngineMaterials/Substrate/Glints2/dict_0004_0230.uasset" 9065
"../../../Engine/Content/EngineMaterials/Substrate/Glints2/dict_0004_0246.uasset" 9066
"../../../Engine/Content/EngineMaterials/Substrate/Glints2/dict_0004_0250.uasset" 9067
"../../../Engine/Content/EngineMaterials/Substrate/Glints2/dict_0004_0236.uasset" 9068
"/Engine/EngineMaterials/Substrate/Glints2/dict_0004_0226" 9069
"../../../Engine/Content/EngineMaterials/Substrate/Glints2/dict_0004_0231.uasset" 9070
"../../../Engine/Content/EngineMaterials/Substrate/Glints2/dict_0004_0244.uasset" 9071
"/Engine/EngineMaterials/Substrate/Glints2/dict_0004_0225" 9072
"/Engine/EngineMaterials/Substrate/Glints2/dict_0004_0224" 9073
"/Engine/EngineMaterials/Substrate/Glints2/dict_0004_0223" 9074
"/Engine/EngineMaterials/Substrate/Glints2/dict_0004_0222" 9075
"/Engine/EngineMaterials/Substrate/Glints2/dict_0004_0221" 9076
"/Engine/EngineMaterials/Substrate/Glints2/dict_0004_0220" 9077
"/Engine/EngineMaterials/Substrate/Glints2/dict_0004_0251" 9078
"../../../Engine/Content/EngineMaterials/Substrate/Glints2/dict_0004_0254.uasset" 9079
"../../../Engine/Content/EngineMaterials/Substrate/Glints2/dict_0004_0255.uasset" 9080
"../../../Engine/Content/EngineMaterials/Substrate/Glints2/dict_0005_0001.uasset" 9081
"../../../Engine/Content/EngineMaterials/Substrate/Glints2/dict_0005_0000.uasset" 9082
"../../../Engine/Content/EngineMaterials/Substrate/Glints2/dict_0005_0003.uasset" 9083
"../../../Engine/Content/EngineMaterials/Substrate/Glints2/dict_0005_0002.uasset" 9084
"../../../Engine/Content/EngineMaterials/Substrate/Glints2/dict_0004_0253.uasset" 9085
"../../../Engine/Content/EngineMaterials/Substrate/Glints2/dict_0004_0252.uasset" 9086
"/Engine/EngineMaterials/Substrate/Glints2/dict_0004_0250" 9087
"/Engine/EngineMaterials/Substrate/Glints2/dict_0004_0249" 9088
"/Engine/EngineMaterials/Substrate/Glints2/dict_0004_0248" 9089
"/Engine/EngineMaterials/Substrate/Glints2/dict_0004_0247" 9090
"/Engine/EngineMaterials/Substrate/Glints2/dict_0004_0246" 9091
"/Engine/EngineMaterials/Substrate/Glints2/dict_0004_0245" 9092
"/Engine/EngineMaterials/Substrate/Glints2/dict_0004_0244" 9093
"/Engine/EngineMaterials/Substrate/Glints2/dict_0004_0243" 9094
"/Engine/EngineMaterials/Substrate/Glints2/dict_0004_0242" 9095
"/Engine/EngineMaterials/Substrate/Glints2/dict_0004_0241" 9096
"/Engine/EngineMaterials/Substrate/Glints2/dict_0004_0240" 9097
"/Engine/EngineMaterials/Substrate/Glints2/dict_0004_0239" 9098
"/Engine/EngineMaterials/Substrate/Glints2/dict_0004_0238" 9099
"/Engine/EngineMaterials/Substrate/Glints2/dict_0004_0237" 9100
"/Engine/EngineMaterials/Substrate/Glints2/dict_0004_0236" 9101
"/Engine/EngineMaterials/Substrate/Glints2/dict_0004_0235" 9102
"/Engine/EngineMaterials/Substrate/Glints2/dict_0004_0234" 9103
"/Engine/EngineMaterials/Substrate/Glints2/dict_0004_0233" 9104
"/Engine/EngineMaterials/Substrate/Glints2/dict_0004_0232" 9105
"/Engine/EngineMaterials/Substrate/Glints2/dict_0004_0231" 9106
"/Engine/EngineMaterials/Substrate/Glints2/dict_0004_0230" 9107
"/Engine/EngineMaterials/Substrate/Glints2/dict_0004_0229" 9108
"/Engine/EngineMaterials/Substrate/Glints2/dict_0004_0228" 9109
"../../../Engine/Content/EngineMaterials/Substrate/Glints2/dict_0005_0017.uasset" 9110
"../../../Engine/Content/EngineMaterials/Substrate/Glints2/dict_0005_0012.uasset" 9111
"../../../Engine/Content/EngineMaterials/Substrate/Glints2/dict_0005_0010.uasset" 9112
"/Engine/EngineMaterials/Substrate/Glints2/dict_0005_0003" 9113
"../../../Engine/Content/EngineMaterials/Substrate/Glints2/dict_0005_0004.uasset" 9114
"../../../Engine/Content/EngineMaterials/Substrate/Glints2/dict_0005_0008.uasset" 9115
"../../../Engine/Content/EngineMaterials/Substrate/Glints2/dict_0005_0022.uasset" 9116
"../../../Engine/Content/EngineMaterials/Substrate/Glints2/dict_0005_0006.uasset" 9117
"../../../Engine/Content/EngineMaterials/Substrate/Glints2/dict_0005_0021.uasset" 9118
"../../../Engine/Content/EngineMaterials/Substrate/Glints2/dict_0005_0014.uasset" 9119
"../../../Engine/Content/EngineMaterials/Substrate/Glints2/dict_0005_0016.uasset" 9120
"../../../Engine/Content/EngineMaterials/Substrate/Glints2/dict_0005_0025.uasset" 9121
"../../../Engine/Content/EngineMaterials/Substrate/Glints2/dict_0005_0011.uasset" 9122
"../../../Engine/Content/EngineMaterials/Substrate/Glints2/dict_0005_0015.uasset" 9123
"../../../Engine/Content/EngineMaterials/Substrate/Glints2/dict_0005_0019.uasset" 9124
"../../../Engine/Content/EngineMaterials/Substrate/Glints2/dict_0005_0027.uasset" 9125
"../../../Engine/Content/EngineMaterials/Substrate/Glints2/dict_0005_0013.uasset" 9126
"../../../Engine/Content/EngineMaterials/Substrate/Glints2/dict_0005_0024.uasset" 9127
"../../../Engine/Content/EngineMaterials/Substrate/Glints2/dict_0005_0007.uasset" 9128
"../../../Engine/Content/EngineMaterials/Substrate/Glints2/dict_0005_0009.uasset" 9129
"../../../Engine/Content/EngineMaterials/Substrate/Glints2/dict_0005_0023.uasset" 9130
"../../../Engine/Content/EngineMaterials/Substrate/Glints2/dict_0005_0020.uasset" 9131
"../../../Engine/Content/EngineMaterials/Substrate/Glints2/dict_0005_0018.uasset" 9132
"../../../Engine/Content/EngineMaterials/Substrate/Glints2/dict_0005_0026.uasset" 9133
"../../../Engine/Content/EngineMaterials/Substrate/Glints2/dict_0005_0005.uasset" 9134
"/Engine/EngineMaterials/Substrate/Glints2/dict_0005_0002" 9135
"/Engine/EngineMaterials/Substrate/Glints2/dict_0005_0001" 9136
"/Engine/EngineMaterials/Substrate/Glints2/dict_0005_0000" 9137
"/Engine/EngineMaterials/Substrate/Glints2/dict_0004_0255" 9138
"/Engine/EngineMaterials/Substrate/Glints2/dict_0004_0254" 9139
"/Engine/EngineMaterials/Substrate/Glints2/dict_0004_0253" 9140
"/Engine/EngineMaterials/Substrate/Glints2/dict_0004_0252" 9141
"/Engine/EngineMaterials/Substrate/Glints2/dict_0005_0027" 9142
"../../../Engine/Content/EngineMaterials/Substrate/Glints2/dict_0005_0031.uasset" 9143
"../../../Engine/Content/EngineMaterials/Substrate/Glints2/dict_0005_0030.uasset" 9144
"../../../Engine/Content/EngineMaterials/Substrate/Glints2/dict_0005_0033.uasset" 9145
"../../../Engine/Content/EngineMaterials/Substrate/Glints2/dict_0005_0035.uasset" 9146
"../../../Engine/Content/EngineMaterials/Substrate/Glints2/dict_0005_0028.uasset" 9147
"../../../Engine/Content/EngineMaterials/Substrate/Glints2/dict_0005_0032.uasset" 9148
"../../../Engine/Content/EngineMaterials/Substrate/Glints2/dict_0005_0034.uasset" 9149
"../../../Engine/Content/EngineMaterials/Substrate/Glints2/dict_0005_0029.uasset" 9150
"/Engine/EngineMaterials/Substrate/Glints2/dict_0005_0026" 9151
"/Engine/EngineMaterials/Substrate/Glints2/dict_0005_0025" 9152
"/Engine/EngineMaterials/Substrate/Glints2/dict_0005_0024" 9153
"/Engine/EngineMaterials/Substrate/Glints2/dict_0005_0023" 9154
"/Engine/EngineMaterials/Substrate/Glints2/dict_0005_0022" 9155
"/Engine/EngineMaterials/Substrate/Glints2/dict_0005_0021" 9156
"/Engine/EngineMaterials/Substrate/Glints2/dict_0005_0020" 9157
"/Engine/EngineMaterials/Substrate/Glints2/dict_0005_0019" 9158
"/Engine/EngineMaterials/Substrate/Glints2/dict_0005_0018" 9159
"/Engine/EngineMaterials/Substrate/Glints2/dict_0005_0017" 9160
"/Engine/EngineMaterials/Substrate/Glints2/dict_0005_0016" 9161
"/Engine/EngineMaterials/Substrate/Glints2/dict_0005_0015" 9162
"/Engine/EngineMaterials/Substrate/Glints2/dict_0005_0014" 9163
"/Engine/EngineMaterials/Substrate/Glints2/dict_0005_0013" 9164
"/Engine/EngineMaterials/Substrate/Glints2/dict_0005_0012" 9165
"/Engine/EngineMaterials/Substrate/Glints2/dict_0005_0011" 9166
"/Engine/EngineMaterials/Substrate/Glints2/dict_0005_0010" 9167
"/Engine/EngineMaterials/Substrate/Glints2/dict_0005_0009" 9168
"/Engine/EngineMaterials/Substrate/Glints2/dict_0005_0008" 9169
"/Engine/EngineMaterials/Substrate/Glints2/dict_0005_0007" 9170
"/Engine/EngineMaterials/Substrate/Glints2/dict_0005_0006" 9171
"/Engine/EngineMaterials/Substrate/Glints2/dict_0005_0005" 9172
"/Engine/EngineMaterials/Substrate/Glints2/dict_0005_0004" 9173
"/Engine/EngineMaterials/Substrate/Glints2/dict_0005_0035" 9174
"../../../Engine/Content/EngineMaterials/Substrate/Glints2/dict_0005_0043.uasset" 9175
"../../../Engine/Content/EngineMaterials/Substrate/Glints2/dict_0005_0044.uasset" 9176
"../../../Engine/Content/EngineMaterials/Substrate/Glints2/dict_0005_0051.uasset" 9177
"../../../Engine/Content/EngineMaterials/Substrate/Glints2/dict_0005_0047.uasset" 9178
"../../../Engine/Content/EngineMaterials/Substrate/Glints2/dict_0005_0052.uasset" 9179
"../../../Engine/Content/EngineMaterials/Substrate/Glints2/dict_0005_0037.uasset" 9180
"../../../Engine/Content/EngineMaterials/Substrate/Glints2/dict_0005_0056.uasset" 9181
"../../../Engine/Content/EngineMaterials/Substrate/Glints2/dict_0005_0036.uasset" 9182
"../../../Engine/Content/EngineMaterials/Substrate/Glints2/dict_0005_0057.uasset" 9183
"../../../Engine/Content/EngineMaterials/Substrate/Glints2/dict_0005_0055.uasset" 9184
"../../../Engine/Content/EngineMaterials/Substrate/Glints2/dict_0005_0048.uasset" 9185
"../../../Engine/Content/EngineMaterials/Substrate/Glints2/dict_0005_0038.uasset" 9186
"../../../Engine/Content/EngineMaterials/Substrate/Glints2/dict_0005_0049.uasset" 9187
"../../../Engine/Content/EngineMaterials/Substrate/Glints2/dict_0005_0039.uasset" 9188
"../../../Engine/Content/EngineMaterials/Substrate/Glints2/dict_0005_0046.uasset" 9189
"../../../Engine/Content/EngineMaterials/Substrate/Glints2/dict_0005_0054.uasset" 9190
"../../../Engine/Content/EngineMaterials/Substrate/Glints2/dict_0005_0050.uasset" 9191
"../../../Engine/Content/EngineMaterials/Substrate/Glints2/dict_0005_0058.uasset" 9192
"../../../Engine/Content/EngineMaterials/Substrate/Glints2/dict_0005_0059.uasset" 9193
"../../../Engine/Content/EngineMaterials/Substrate/Glints2/dict_0005_0041.uasset" 9194
"../../../Engine/Content/EngineMaterials/Substrate/Glints2/dict_0005_0040.uasset" 9195
"../../../Engine/Content/EngineMaterials/Substrate/Glints2/dict_0005_0053.uasset" 9196
"../../../Engine/Content/EngineMaterials/Substrate/Glints2/dict_0005_0045.uasset" 9197
"/Engine/EngineMaterials/Substrate/Glints2/dict_0005_0034" 9198
"../../../Engine/Content/EngineMaterials/Substrate/Glints2/dict_0005_0042.uasset" 9199
"/Engine/EngineMaterials/Substrate/Glints2/dict_0005_0033" 9200
"/Engine/EngineMaterials/Substrate/Glints2/dict_0005_0032" 9201
"/Engine/EngineMaterials/Substrate/Glints2/dict_0005_0031" 9202
"/Engine/EngineMaterials/Substrate/Glints2/dict_0005_0030" 9203
"/Engine/EngineMaterials/Substrate/Glints2/dict_0005_0029" 9204
"/Engine/EngineMaterials/Substrate/Glints2/dict_0005_0028" 9205
"/Engine/EngineMaterials/Substrate/Glints2/dict_0005_0059" 9206
"../../../Engine/Content/EngineMaterials/Substrate/Glints2/dict_0005_0064.uasset" 9207
"../../../Engine/Content/EngineMaterials/Substrate/Glints2/dict_0005_0067.uasset" 9208
"../../../Engine/Content/EngineMaterials/Substrate/Glints2/dict_0005_0062.uasset" 9209
"../../../Engine/Content/EngineMaterials/Substrate/Glints2/dict_0005_0066.uasset" 9210
"../../../Engine/Content/EngineMaterials/Substrate/Glints2/dict_0005_0065.uasset" 9211
"../../../Engine/Content/EngineMaterials/Substrate/Glints2/dict_0005_0061.uasset" 9212
"../../../Engine/Content/EngineMaterials/Substrate/Glints2/dict_0005_0060.uasset" 9213
"../../../Engine/Content/EngineMaterials/Substrate/Glints2/dict_0005_0063.uasset" 9214
"/Engine/EngineMaterials/Substrate/Glints2/dict_0005_0058" 9215
"/Engine/EngineMaterials/Substrate/Glints2/dict_0005_0057" 9216
"/Engine/EngineMaterials/Substrate/Glints2/dict_0005_0056" 9217
"/Engine/EngineMaterials/Substrate/Glints2/dict_0005_0055" 9218
"/Engine/EngineMaterials/Substrate/Glints2/dict_0005_0054" 9219
"/Engine/EngineMaterials/Substrate/Glints2/dict_0005_0053" 9220
"/Engine/EngineMaterials/Substrate/Glints2/dict_0005_0052" 9221
"/Engine/EngineMaterials/Substrate/Glints2/dict_0005_0051" 9222
"/Engine/EngineMaterials/Substrate/Glints2/dict_0005_0050" 9223
"/Engine/EngineMaterials/Substrate/Glints2/dict_0005_0049" 9224
"/Engine/EngineMaterials/Substrate/Glints2/dict_0005_0048" 9225
"/Engine/EngineMaterials/Substrate/Glints2/dict_0005_0047" 9226
"/Engine/EngineMaterials/Substrate/Glints2/dict_0005_0046" 9227
"/Engine/EngineMaterials/Substrate/Glints2/dict_0005_0045" 9228
"/Engine/EngineMaterials/Substrate/Glints2/dict_0005_0044" 9229
"/Engine/EngineMaterials/Substrate/Glints2/dict_0005_0043" 9230
"/Engine/EngineMaterials/Substrate/Glints2/dict_0005_0042" 9231
"/Engine/EngineMaterials/Substrate/Glints2/dict_0005_0041" 9232
"/Engine/EngineMaterials/Substrate/Glints2/dict_0005_0040" 9233
"/Engine/EngineMaterials/Substrate/Glints2/dict_0005_0039" 9234
"/Engine/EngineMaterials/Substrate/Glints2/dict_0005_0038" 9235
"/Engine/EngineMaterials/Substrate/Glints2/dict_0005_0037" 9236
"/Engine/EngineMaterials/Substrate/Glints2/dict_0005_0036" 9237
"../../../Engine/Content/EngineMaterials/Substrate/Glints2/dict_0005_0073.uasset" 9238
"../../../Engine/Content/EngineMaterials/Substrate/Glints2/dict_0005_0072.uasset" 9239
"/Engine/EngineMaterials/Substrate/Glints2/dict_0005_0067" 9240
"../../../Engine/Content/EngineMaterials/Substrate/Glints2/dict_0005_0081.uasset" 9241
"../../../Engine/Content/EngineMaterials/Substrate/Glints2/dict_0005_0075.uasset" 9242
"../../../Engine/Content/EngineMaterials/Substrate/Glints2/dict_0005_0079.uasset" 9243
"../../../Engine/Content/EngineMaterials/Substrate/Glints2/dict_0005_0077.uasset" 9244
"../../../Engine/Content/EngineMaterials/Substrate/Glints2/dict_0005_0078.uasset" 9245
"../../../Engine/Content/EngineMaterials/Substrate/Glints2/dict_0005_0084.uasset" 9246
"../../../Engine/Content/EngineMaterials/Substrate/Glints2/dict_0005_0080.uasset" 9247
"../../../Engine/Content/EngineMaterials/Substrate/Glints2/dict_0005_0086.uasset" 9248
"../../../Engine/Content/EngineMaterials/Substrate/Glints2/dict_0005_0068.uasset" 9249
"../../../Engine/Content/EngineMaterials/Substrate/Glints2/dict_0005_0083.uasset" 9250
"../../../Engine/Content/EngineMaterials/Substrate/Glints2/dict_0005_0074.uasset" 9251
"../../../Engine/Content/EngineMaterials/Substrate/Glints2/dict_0005_0085.uasset" 9252
"../../../Engine/Content/EngineMaterials/Substrate/Glints2/dict_0005_0089.uasset" 9253
"../../../Engine/Content/EngineMaterials/Substrate/Glints2/dict_0005_0076.uasset" 9254
"../../../Engine/Content/EngineMaterials/Substrate/Glints2/dict_0005_0071.uasset" 9255
"../../../Engine/Content/EngineMaterials/Substrate/Glints2/dict_0005_0069.uasset" 9256
"../../../Engine/Content/EngineMaterials/Substrate/Glints2/dict_0005_0088.uasset" 9257
"../../../Engine/Content/EngineMaterials/Substrate/Glints2/dict_0005_0087.uasset" 9258
"../../../Engine/Content/EngineMaterials/Substrate/Glints2/dict_0005_0070.uasset" 9259
"../../../Engine/Content/EngineMaterials/Substrate/Glints2/dict_0005_0082.uasset" 9260
"../../../Engine/Content/EngineMaterials/Substrate/Glints2/dict_0005_0091.uasset" 9261
"../../../Engine/Content/EngineMaterials/Substrate/Glints2/dict_0005_0090.uasset" 9262
"/Engine/EngineMaterials/Substrate/Glints2/dict_0005_0066" 9263
"/Engine/EngineMaterials/Substrate/Glints2/dict_0005_0065" 9264
"/Engine/EngineMaterials/Substrate/Glints2/dict_0005_0064" 9265
"/Engine/EngineMaterials/Substrate/Glints2/dict_0005_0063" 9266
"/Engine/EngineMaterials/Substrate/Glints2/dict_0005_0062" 9267
"/Engine/EngineMaterials/Substrate/Glints2/dict_0005_0061" 9268
"/Engine/EngineMaterials/Substrate/Glints2/dict_0005_0060" 9269
"../../../Engine/Content/EngineMaterials/Substrate/Glints2/dict_0005_0092.uasset" 9270
"../../../Engine/Content/EngineMaterials/Substrate/Glints2/dict_0005_0097.uasset" 9271
"../../../Engine/Content/EngineMaterials/Substrate/Glints2/dict_0005_0099.uasset" 9272
"../../../Engine/Content/EngineMaterials/Substrate/Glints2/dict_0005_0098.uasset" 9273
"../../../Engine/Content/EngineMaterials/Substrate/Glints2/dict_0005_0094.uasset" 9274
"../../../Engine/Content/EngineMaterials/Substrate/Glints2/dict_0005_0093.uasset" 9275
"../../../Engine/Content/EngineMaterials/Substrate/Glints2/dict_0005_0095.uasset" 9276
"../../../Engine/Content/EngineMaterials/Substrate/Glints2/dict_0005_0096.uasset" 9277
"/Engine/EngineMaterials/Substrate/Glints2/dict_0005_0091" 9278
"/Engine/EngineMaterials/Substrate/Glints2/dict_0005_0090" 9279
"/Engine/EngineMaterials/Substrate/Glints2/dict_0005_0089" 9280
"/Engine/EngineMaterials/Substrate/Glints2/dict_0005_0088" 9281
"/Engine/EngineMaterials/Substrate/Glints2/dict_0005_0087" 9282
"/Engine/EngineMaterials/Substrate/Glints2/dict_0005_0086" 9283
"/Engine/EngineMaterials/Substrate/Glints2/dict_0005_0085" 9284
"/Engine/EngineMaterials/Substrate/Glints2/dict_0005_0084" 9285
"/Engine/EngineMaterials/Substrate/Glints2/dict_0005_0083" 9286
"/Engine/EngineMaterials/Substrate/Glints2/dict_0005_0082" 9287
"/Engine/EngineMaterials/Substrate/Glints2/dict_0005_0081" 9288
"/Engine/EngineMaterials/Substrate/Glints2/dict_0005_0080" 9289
"/Engine/EngineMaterials/Substrate/Glints2/dict_0005_0079" 9290
"/Engine/EngineMaterials/Substrate/Glints2/dict_0005_0078" 9291
"/Engine/EngineMaterials/Substrate/Glints2/dict_0005_0077" 9292
"/Engine/EngineMaterials/Substrate/Glints2/dict_0005_0076" 9293
"/Engine/EngineMaterials/Substrate/Glints2/dict_0005_0075" 9294
"/Engine/EngineMaterials/Substrate/Glints2/dict_0005_0074" 9295
"/Engine/EngineMaterials/Substrate/Glints2/dict_0005_0073" 9296
"/Engine/EngineMaterials/Substrate/Glints2/dict_0005_0072" 9297
"/Engine/EngineMaterials/Substrate/Glints2/dict_0005_0071" 9298
"/Engine/EngineMaterials/Substrate/Glints2/dict_0005_0070" 9299
"/Engine/EngineMaterials/Substrate/Glints2/dict_0005_0069" 9300
"/Engine/EngineMaterials/Substrate/Glints2/dict_0005_0068" 9301
"../../../Engine/Content/EngineMaterials/Substrate/Glints2/dict_0005_0100.uasset" 9302
"../../../Engine/Content/EngineMaterials/Substrate/Glints2/dict_0005_0101.uasset" 9303
"/Engine/EngineMaterials/Substrate/Glints2/dict_0005_0099" 9304
"../../../Engine/Content/EngineMaterials/Substrate/Glints2/dict_0005_0107.uasset" 9305
"../../../Engine/Content/EngineMaterials/Substrate/Glints2/dict_0005_0103.uasset" 9306
"../../../Engine/Content/EngineMaterials/Substrate/Glints2/dict_0005_0109.uasset" 9307
"../../../Engine/Content/EngineMaterials/Substrate/Glints2/dict_0005_0111.uasset" 9308
"../../../Engine/Content/EngineMaterials/Substrate/Glints2/dict_0005_0116.uasset" 9309
"../../../Engine/Content/EngineMaterials/Substrate/Glints2/dict_0005_0110.uasset" 9310
"../../../Engine/Content/EngineMaterials/Substrate/Glints2/dict_0005_0113.uasset" 9311
"../../../Engine/Content/EngineMaterials/Substrate/Glints2/dict_0005_0119.uasset" 9312
"../../../Engine/Content/EngineMaterials/Substrate/Glints2/dict_0005_0114.uasset" 9313
"../../../Engine/Content/EngineMaterials/Substrate/Glints2/dict_0005_0102.uasset" 9314
"../../../Engine/Content/EngineMaterials/Substrate/Glints2/dict_0005_0105.uasset" 9315
"../../../Engine/Content/EngineMaterials/Substrate/Glints2/dict_0005_0120.uasset" 9316
"../../../Engine/Content/EngineMaterials/Substrate/Glints2/dict_0005_0104.uasset" 9317
"/Engine/EngineMaterials/Substrate/Glints2/dict_0005_0098" 9318
"../../../Engine/Content/EngineMaterials/Substrate/Glints2/dict_0005_0108.uasset" 9319
"../../../Engine/Content/EngineMaterials/Substrate/Glints2/dict_0005_0115.uasset" 9320
"../../../Engine/Content/EngineMaterials/Substrate/Glints2/dict_0005_0117.uasset" 9321
"../../../Engine/Content/EngineMaterials/Substrate/Glints2/dict_0005_0106.uasset" 9322
"../../../Engine/Content/EngineMaterials/Substrate/Glints2/dict_0005_0118.uasset" 9323
"../../../Engine/Content/EngineMaterials/Substrate/Glints2/dict_0005_0112.uasset" 9324
"../../../Engine/Content/EngineMaterials/Substrate/Glints2/dict_0005_0122.uasset" 9325
"../../../Engine/Content/EngineMaterials/Substrate/Glints2/dict_0005_0123.uasset" 9326
"../../../Engine/Content/EngineMaterials/Substrate/Glints2/dict_0005_0121.uasset" 9327
"/Engine/EngineMaterials/Substrate/Glints2/dict_0005_0097" 9328
"/Engine/EngineMaterials/Substrate/Glints2/dict_0005_0096" 9329
"/Engine/EngineMaterials/Substrate/Glints2/dict_0005_0095" 9330
"/Engine/EngineMaterials/Substrate/Glints2/dict_0005_0094" 9331
"/Engine/EngineMaterials/Substrate/Glints2/dict_0005_0093" 9332
"/Engine/EngineMaterials/Substrate/Glints2/dict_0005_0092" 9333
"/Engine/EngineMaterials/Substrate/Glints2/dict_0005_0123" 9334
"../../../Engine/Content/EngineMaterials/Substrate/Glints2/dict_0005_0129.uasset" 9335
"../../../Engine/Content/EngineMaterials/Substrate/Glints2/dict_0005_0126.uasset" 9336
"../../../Engine/Content/EngineMaterials/Substrate/Glints2/dict_0005_0130.uasset" 9337
"../../../Engine/Content/EngineMaterials/Substrate/Glints2/dict_0005_0131.uasset" 9338
"../../../Engine/Content/EngineMaterials/Substrate/Glints2/dict_0005_0127.uasset" 9339
"../../../Engine/Content/EngineMaterials/Substrate/Glints2/dict_0005_0128.uasset" 9340
"../../../Engine/Content/EngineMaterials/Substrate/Glints2/dict_0005_0125.uasset" 9341
"../../../Engine/Content/EngineMaterials/Substrate/Glints2/dict_0005_0124.uasset" 9342
"/Engine/EngineMaterials/Substrate/Glints2/dict_0005_0122" 9343
"/Engine/EngineMaterials/Substrate/Glints2/dict_0005_0121" 9344
"/Engine/EngineMaterials/Substrate/Glints2/dict_0005_0120" 9345
"/Engine/EngineMaterials/Substrate/Glints2/dict_0005_0119" 9346
"/Engine/EngineMaterials/Substrate/Glints2/dict_0005_0118" 9347
"/Engine/EngineMaterials/Substrate/Glints2/dict_0005_0117" 9348
"/Engine/EngineMaterials/Substrate/Glints2/dict_0005_0116" 9349
"/Engine/EngineMaterials/Substrate/Glints2/dict_0005_0115" 9350
"/Engine/EngineMaterials/Substrate/Glints2/dict_0005_0114" 9351
"/Engine/EngineMaterials/Substrate/Glints2/dict_0005_0113" 9352
"/Engine/EngineMaterials/Substrate/Glints2/dict_0005_0112" 9353
"/Engine/EngineMaterials/Substrate/Glints2/dict_0005_0111" 9354
"/Engine/EngineMaterials/Substrate/Glints2/dict_0005_0110" 9355
"/Engine/EngineMaterials/Substrate/Glints2/dict_0005_0109" 9356
"/Engine/EngineMaterials/Substrate/Glints2/dict_0005_0108" 9357
"/Engine/EngineMaterials/Substrate/Glints2/dict_0005_0107" 9358
"/Engine/EngineMaterials/Substrate/Glints2/dict_0005_0106" 9359
"/Engine/EngineMaterials/Substrate/Glints2/dict_0005_0105" 9360
"/Engine/EngineMaterials/Substrate/Glints2/dict_0005_0104" 9361
"/Engine/EngineMaterials/Substrate/Glints2/dict_0005_0103" 9362
"/Engine/EngineMaterials/Substrate/Glints2/dict_0005_0102" 9363
"/Engine/EngineMaterials/Substrate/Glints2/dict_0005_0101" 9364
"/Engine/EngineMaterials/Substrate/Glints2/dict_0005_0100" 9365
"/Engine/EngineMaterials/Substrate/Glints2/dict_0005_0131" 9366
"../../../Engine/Content/EngineMaterials/Substrate/Glints2/dict_0005_0135.uasset" 9367
"../../../Engine/Content/EngineMaterials/Substrate/Glints2/dict_0005_0137.uasset" 9368
"../../../Engine/Content/EngineMaterials/Substrate/Glints2/dict_0005_0134.uasset" 9369
"../../../Engine/Content/EngineMaterials/Substrate/Glints2/dict_0005_0138.uasset" 9370
"../../../Engine/Content/EngineMaterials/Substrate/Glints2/dict_0005_0132.uasset" 9371
"../../../Engine/Content/EngineMaterials/Substrate/Glints2/dict_0005_0150.uasset" 9372
"../../../Engine/Content/EngineMaterials/Substrate/Glints2/dict_0005_0139.uasset" 9373
"../../../Engine/Content/EngineMaterials/Substrate/Glints2/dict_0005_0151.uasset" 9374
"../../../Engine/Content/EngineMaterials/Substrate/Glints2/dict_0005_0140.uasset" 9375
"../../../Engine/Content/EngineMaterials/Substrate/Glints2/dict_0005_0147.uasset" 9376
"../../../Engine/Content/EngineMaterials/Substrate/Glints2/dict_0005_0144.uasset" 9377
"../../../Engine/Content/EngineMaterials/Substrate/Glints2/dict_0005_0141.uasset" 9378
"../../../Engine/Content/EngineMaterials/Substrate/Glints2/dict_0005_0152.uasset" 9379
"../../../Engine/Content/EngineMaterials/Substrate/Glints2/dict_0005_0145.uasset" 9380
"../../../Engine/Content/EngineMaterials/Substrate/Glints2/dict_0005_0133.uasset" 9381
"../../../Engine/Content/EngineMaterials/Substrate/Glints2/dict_0005_0149.uasset" 9382
"../../../Engine/Content/EngineMaterials/Substrate/Glints2/dict_0005_0148.uasset" 9383
"../../../Engine/Content/EngineMaterials/Substrate/Glints2/dict_0005_0146.uasset" 9384
"../../../Engine/Content/EngineMaterials/Substrate/Glints2/dict_0005_0153.uasset" 9385
"../../../Engine/Content/EngineMaterials/Substrate/Glints2/dict_0005_0154.uasset" 9386
"../../../Engine/Content/EngineMaterials/Substrate/Glints2/dict_0005_0142.uasset" 9387
"/Engine/EngineMaterials/Substrate/Glints2/dict_0005_0130" 9388
"../../../Engine/Content/EngineMaterials/Substrate/Glints2/dict_0005_0155.uasset" 9389
"../../../Engine/Content/EngineMaterials/Substrate/Glints2/dict_0005_0143.uasset" 9390
"../../../Engine/Content/EngineMaterials/Substrate/Glints2/dict_0005_0136.uasset" 9391
"/Engine/EngineMaterials/Substrate/Glints2/dict_0005_0129" 9392
"/Engine/EngineMaterials/Substrate/Glints2/dict_0005_0128" 9393
"/Engine/EngineMaterials/Substrate/Glints2/dict_0005_0127" 9394
"/Engine/EngineMaterials/Substrate/Glints2/dict_0005_0126" 9395
"/Engine/EngineMaterials/Substrate/Glints2/dict_0005_0125" 9396
"/Engine/EngineMaterials/Substrate/Glints2/dict_0005_0124" 9397
"/Engine/EngineMaterials/Substrate/Glints2/dict_0005_0155" 9398
"../../../Engine/Content/EngineMaterials/Substrate/Glints2/dict_0005_0160.uasset" 9399
"../../../Engine/Content/EngineMaterials/Substrate/Glints2/dict_0005_0157.uasset" 9400
"../../../Engine/Content/EngineMaterials/Substrate/Glints2/dict_0005_0159.uasset" 9401
"../../../Engine/Content/EngineMaterials/Substrate/Glints2/dict_0005_0158.uasset" 9402
"../../../Engine/Content/EngineMaterials/Substrate/Glints2/dict_0005_0156.uasset" 9403
"../../../Engine/Content/EngineMaterials/Substrate/Glints2/dict_0005_0163.uasset" 9404
"../../../Engine/Content/EngineMaterials/Substrate/Glints2/dict_0005_0162.uasset" 9405
"../../../Engine/Content/EngineMaterials/Substrate/Glints2/dict_0005_0161.uasset" 9406
"/Engine/EngineMaterials/Substrate/Glints2/dict_0005_0154" 9407
"/Engine/EngineMaterials/Substrate/Glints2/dict_0005_0153" 9408
"/Engine/EngineMaterials/Substrate/Glints2/dict_0005_0152" 9409
"/Engine/EngineMaterials/Substrate/Glints2/dict_0005_0151" 9410
"/Engine/EngineMaterials/Substrate/Glints2/dict_0005_0150" 9411
"/Engine/EngineMaterials/Substrate/Glints2/dict_0005_0149" 9412
"/Engine/EngineMaterials/Substrate/Glints2/dict_0005_0148" 9413
"/Engine/EngineMaterials/Substrate/Glints2/dict_0005_0147" 9414
"/Engine/EngineMaterials/Substrate/Glints2/dict_0005_0146" 9415
"/Engine/EngineMaterials/Substrate/Glints2/dict_0005_0145" 9416
"/Engine/EngineMaterials/Substrate/Glints2/dict_0005_0144" 9417
"/Engine/EngineMaterials/Substrate/Glints2/dict_0005_0143" 9418
"/Engine/EngineMaterials/Substrate/Glints2/dict_0005_0142" 9419
"/Engine/EngineMaterials/Substrate/Glints2/dict_0005_0141" 9420
"/Engine/EngineMaterials/Substrate/Glints2/dict_0005_0140" 9421
"/Engine/EngineMaterials/Substrate/Glints2/dict_0005_0139" 9422
"/Engine/EngineMaterials/Substrate/Glints2/dict_0005_0138" 9423
"/Engine/EngineMaterials/Substrate/Glints2/dict_0005_0137" 9424
"/Engine/EngineMaterials/Substrate/Glints2/dict_0005_0136" 9425
"/Engine/EngineMaterials/Substrate/Glints2/dict_0005_0135" 9426
"/Engine/EngineMaterials/Substrate/Glints2/dict_0005_0134" 9427
"/Engine/EngineMaterials/Substrate/Glints2/dict_0005_0133" 9428
"/Engine/EngineMaterials/Substrate/Glints2/dict_0005_0132" 9429
"/Engine/EngineMaterials/Substrate/Glints2/dict_0005_0163" 9430
"../../../Engine/Content/EngineMaterials/Substrate/Glints2/dict_0005_0166.uasset" 9431
"../../../Engine/Content/EngineMaterials/Substrate/Glints2/dict_0005_0165.uasset" 9432
"../../../Engine/Content/EngineMaterials/Substrate/Glints2/dict_0005_0172.uasset" 9433
"../../../Engine/Content/EngineMaterials/Substrate/Glints2/dict_0005_0169.uasset" 9434
"../../../Engine/Content/EngineMaterials/Substrate/Glints2/dict_0005_0168.uasset" 9435
"../../../Engine/Content/EngineMaterials/Substrate/Glints2/dict_0005_0181.uasset" 9436
"../../../Engine/Content/EngineMaterials/Substrate/Glints2/dict_0005_0183.uasset" 9437
"../../../Engine/Content/EngineMaterials/Substrate/Glints2/dict_0005_0178.uasset" 9438
"../../../Engine/Content/EngineMaterials/Substrate/Glints2/dict_0005_0173.uasset" 9439
"../../../Engine/Content/EngineMaterials/Substrate/Glints2/dict_0005_0180.uasset" 9440
"../../../Engine/Content/EngineMaterials/Substrate/Glints2/dict_0005_0174.uasset" 9441
"../../../Engine/Content/EngineMaterials/Substrate/Glints2/dict_0005_0176.uasset" 9442
"../../../Engine/Content/EngineMaterials/Substrate/Glints2/dict_0005_0170.uasset" 9443
"../../../Engine/Content/EngineMaterials/Substrate/Glints2/dict_0005_0164.uasset" 9444
"../../../Engine/Content/EngineMaterials/Substrate/Glints2/dict_0005_0177.uasset" 9445
"../../../Engine/Content/EngineMaterials/Substrate/Glints2/dict_0005_0171.uasset" 9446
"../../../Engine/Content/EngineMaterials/Substrate/Glints2/dict_0005_0186.uasset" 9447
"../../../Engine/Content/EngineMaterials/Substrate/Glints2/dict_0005_0175.uasset" 9448
"../../../Engine/Content/EngineMaterials/Substrate/Glints2/dict_0005_0167.uasset" 9449
"../../../Engine/Content/EngineMaterials/Substrate/Glints2/dict_0005_0179.uasset" 9450
"../../../Engine/Content/EngineMaterials/Substrate/Glints2/dict_0005_0182.uasset" 9451
"../../../Engine/Content/EngineMaterials/Substrate/Glints2/dict_0005_0184.uasset" 9452
"/Engine/EngineMaterials/Substrate/Glints2/dict_0005_0162" 9453
"../../../Engine/Content/EngineMaterials/Substrate/Glints2/dict_0005_0187.uasset" 9454
"../../../Engine/Content/EngineMaterials/Substrate/Glints2/dict_0005_0185.uasset" 9455
"/Engine/EngineMaterials/Substrate/Glints2/dict_0005_0161" 9456
"/Engine/EngineMaterials/Substrate/Glints2/dict_0005_0160" 9457
"/Engine/EngineMaterials/Substrate/Glints2/dict_0005_0159" 9458
"/Engine/EngineMaterials/Substrate/Glints2/dict_0005_0158" 9459
"/Engine/EngineMaterials/Substrate/Glints2/dict_0005_0157" 9460
"/Engine/EngineMaterials/Substrate/Glints2/dict_0005_0156" 9461
"/Engine/EngineMaterials/Substrate/Glints2/dict_0005_0187" 9462
"../../../Engine/Content/EngineMaterials/Substrate/Glints2/dict_0005_0190.uasset" 9463
"../../../Engine/Content/EngineMaterials/Substrate/Glints2/dict_0005_0194.uasset" 9464
"../../../Engine/Content/EngineMaterials/Substrate/Glints2/dict_0005_0189.uasset" 9465
"../../../Engine/Content/EngineMaterials/Substrate/Glints2/dict_0005_0195.uasset" 9466
"../../../Engine/Content/EngineMaterials/Substrate/Glints2/dict_0005_0192.uasset" 9467
"../../../Engine/Content/EngineMaterials/Substrate/Glints2/dict_0005_0191.uasset" 9468
"../../../Engine/Content/EngineMaterials/Substrate/Glints2/dict_0005_0193.uasset" 9469
"../../../Engine/Content/EngineMaterials/Substrate/Glints2/dict_0005_0188.uasset" 9470
"/Engine/EngineMaterials/Substrate/Glints2/dict_0005_0186" 9471
"/Engine/EngineMaterials/Substrate/Glints2/dict_0005_0185" 9472
"/Engine/EngineMaterials/Substrate/Glints2/dict_0005_0184" 9473
"/Engine/EngineMaterials/Substrate/Glints2/dict_0005_0183" 9474
"/Engine/EngineMaterials/Substrate/Glints2/dict_0005_0182" 9475
"/Engine/EngineMaterials/Substrate/Glints2/dict_0005_0181" 9476
"/Engine/EngineMaterials/Substrate/Glints2/dict_0005_0180" 9477
"/Engine/EngineMaterials/Substrate/Glints2/dict_0005_0179" 9478
"/Engine/EngineMaterials/Substrate/Glints2/dict_0005_0178" 9479
"/Engine/EngineMaterials/Substrate/Glints2/dict_0005_0177" 9480
"/Engine/EngineMaterials/Substrate/Glints2/dict_0005_0176" 9481
"/Engine/EngineMaterials/Substrate/Glints2/dict_0005_0175" 9482
"/Engine/EngineMaterials/Substrate/Glints2/dict_0005_0174" 9483
"/Engine/EngineMaterials/Substrate/Glints2/dict_0005_0173" 9484
"/Engine/EngineMaterials/Substrate/Glints2/dict_0005_0172" 9485
"/Engine/EngineMaterials/Substrate/Glints2/dict_0005_0171" 9486
"/Engine/EngineMaterials/Substrate/Glints2/dict_0005_0170" 9487
"/Engine/EngineMaterials/Substrate/Glints2/dict_0005_0169" 9488
"/Engine/EngineMaterials/Substrate/Glints2/dict_0005_0168" 9489
"/Engine/EngineMaterials/Substrate/Glints2/dict_0005_0167" 9490
"/Engine/EngineMaterials/Substrate/Glints2/dict_0005_0166" 9491
"/Engine/EngineMaterials/Substrate/Glints2/dict_0005_0165" 9492
"/Engine/EngineMaterials/Substrate/Glints2/dict_0005_0164" 9493
"/Engine/EngineMaterials/Substrate/Glints2/dict_0005_0195" 9494
"../../../Engine/Content/EngineMaterials/Substrate/Glints2/dict_0005_0205.uasset" 9495
"../../../Engine/Content/EngineMaterials/Substrate/Glints2/dict_0005_0199.uasset" 9496
"../../../Engine/Content/EngineMaterials/Substrate/Glints2/dict_0005_0211.uasset" 9497
"../../../Engine/Content/EngineMaterials/Substrate/Glints2/dict_0005_0198.uasset" 9498
"../../../Engine/Content/EngineMaterials/Substrate/Glints2/dict_0005_0197.uasset" 9499
"../../../Engine/Content/EngineMaterials/Substrate/Glints2/dict_0005_0200.uasset" 9500
"../../../Engine/Content/EngineMaterials/Substrate/Glints2/dict_0005_0202.uasset" 9501
"../../../Engine/Content/EngineMaterials/Substrate/Glints2/dict_0005_0210.uasset" 9502
"../../../Engine/Content/EngineMaterials/Substrate/Glints2/dict_0005_0209.uasset" 9503
"../../../Engine/Content/EngineMaterials/Substrate/Glints2/dict_0005_0212.uasset" 9504
"../../../Engine/Content/EngineMaterials/Substrate/Glints2/dict_0005_0215.uasset" 9505
"/Engine/EngineMaterials/Substrate/Glints2/dict_0005_0194" 9506
"../../../Engine/Content/EngineMaterials/Substrate/Glints2/dict_0005_0201.uasset" 9507
"../../../Engine/Content/EngineMaterials/Substrate/Glints2/dict_0005_0213.uasset" 9508
"../../../Engine/Content/EngineMaterials/Substrate/Glints2/dict_0005_0206.uasset" 9509
"../../../Engine/Content/EngineMaterials/Substrate/Glints2/dict_0005_0216.uasset" 9510
"../../../Engine/Content/EngineMaterials/Substrate/Glints2/dict_0005_0204.uasset" 9511
"../../../Engine/Content/EngineMaterials/Substrate/Glints2/dict_0005_0218.uasset" 9512
"../../../Engine/Content/EngineMaterials/Substrate/Glints2/dict_0005_0207.uasset" 9513
"../../../Engine/Content/EngineMaterials/Substrate/Glints2/dict_0005_0217.uasset" 9514
"../../../Engine/Content/EngineMaterials/Substrate/Glints2/dict_0005_0196.uasset" 9515
"../../../Engine/Content/EngineMaterials/Substrate/Glints2/dict_0005_0203.uasset" 9516
"/Engine/EngineMaterials/Substrate/Glints2/dict_0005_0193" 9517
"../../../Engine/Content/EngineMaterials/Substrate/Glints2/dict_0005_0214.uasset" 9518
"../../../Engine/Content/EngineMaterials/Substrate/Glints2/dict_0005_0219.uasset" 9519
"../../../Engine/Content/EngineMaterials/Substrate/Glints2/dict_0005_0208.uasset" 9520
"/Engine/EngineMaterials/Substrate/Glints2/dict_0005_0192" 9521
"/Engine/EngineMaterials/Substrate/Glints2/dict_0005_0191" 9522
"/Engine/EngineMaterials/Substrate/Glints2/dict_0005_0190" 9523
"/Engine/EngineMaterials/Substrate/Glints2/dict_0005_0189" 9524
"/Engine/EngineMaterials/Substrate/Glints2/dict_0005_0188" 9525
"/Engine/EngineMaterials/Substrate/Glints2/dict_0005_0219" 9526
"../../../Engine/Content/EngineMaterials/Substrate/Glints2/dict_0005_0226.uasset" 9527
"../../../Engine/Content/EngineMaterials/Substrate/Glints2/dict_0005_0221.uasset" 9528
"../../../Engine/Content/EngineMaterials/Substrate/Glints2/dict_0005_0225.uasset" 9529
"../../../Engine/Content/EngineMaterials/Substrate/Glints2/dict_0005_0222.uasset" 9530
"../../../Engine/Content/EngineMaterials/Substrate/Glints2/dict_0005_0227.uasset" 9531
"../../../Engine/Content/EngineMaterials/Substrate/Glints2/dict_0005_0224.uasset" 9532
"../../../Engine/Content/EngineMaterials/Substrate/Glints2/dict_0005_0220.uasset" 9533
"../../../Engine/Content/EngineMaterials/Substrate/Glints2/dict_0005_0223.uasset" 9534
"/Engine/EngineMaterials/Substrate/Glints2/dict_0005_0218" 9535
"/Engine/EngineMaterials/Substrate/Glints2/dict_0005_0217" 9536
"/Engine/EngineMaterials/Substrate/Glints2/dict_0005_0216" 9537
"/Engine/EngineMaterials/Substrate/Glints2/dict_0005_0215" 9538
"/Engine/EngineMaterials/Substrate/Glints2/dict_0005_0214" 9539
"/Engine/EngineMaterials/Substrate/Glints2/dict_0005_0213" 9540
"/Engine/EngineMaterials/Substrate/Glints2/dict_0005_0212" 9541
"/Engine/EngineMaterials/Substrate/Glints2/dict_0005_0211" 9542
"/Engine/EngineMaterials/Substrate/Glints2/dict_0005_0210" 9543
"/Engine/EngineMaterials/Substrate/Glints2/dict_0005_0209" 9544
"/Engine/EngineMaterials/Substrate/Glints2/dict_0005_0208" 9545
"/Engine/EngineMaterials/Substrate/Glints2/dict_0005_0207" 9546
"/Engine/EngineMaterials/Substrate/Glints2/dict_0005_0206" 9547
"/Engine/EngineMaterials/Substrate/Glints2/dict_0005_0205" 9548
"/Engine/EngineMaterials/Substrate/Glints2/dict_0005_0204" 9549
"/Engine/EngineMaterials/Substrate/Glints2/dict_0005_0203" 9550
"/Engine/EngineMaterials/Substrate/Glints2/dict_0005_0202" 9551
"/Engine/EngineMaterials/Substrate/Glints2/dict_0005_0201" 9552
"/Engine/EngineMaterials/Substrate/Glints2/dict_0005_0200" 9553
"/Engine/EngineMaterials/Substrate/Glints2/dict_0005_0199" 9554
"/Engine/EngineMaterials/Substrate/Glints2/dict_0005_0198" 9555
"/Engine/EngineMaterials/Substrate/Glints2/dict_0005_0197" 9556
"/Engine/EngineMaterials/Substrate/Glints2/dict_0005_0196" 9557
"../../../Engine/Content/EngineMaterials/Substrate/Glints2/dict_0005_0236.uasset" 9558
"../../../Engine/Content/EngineMaterials/Substrate/Glints2/dict_0005_0234.uasset" 9559
"../../../Engine/Content/EngineMaterials/Substrate/Glints2/dict_0005_0235.uasset" 9560
"../../../Engine/Content/EngineMaterials/Substrate/Glints2/dict_0005_0232.uasset" 9561
"../../../Engine/Content/EngineMaterials/Substrate/Glints2/dict_0005_0228.uasset" 9562
"../../../Engine/Content/EngineMaterials/Substrate/Glints2/dict_0005_0242.uasset" 9563
"../../../Engine/Content/EngineMaterials/Substrate/Glints2/dict_0005_0239.uasset" 9564
"../../../Engine/Content/EngineMaterials/Substrate/Glints2/dict_0005_0233.uasset" 9565
"../../../Engine/Content/EngineMaterials/Substrate/Glints2/dict_0005_0230.uasset" 9566
"../../../Engine/Content/EngineMaterials/Substrate/Glints2/dict_0005_0244.uasset" 9567
"../../../Engine/Content/EngineMaterials/Substrate/Glints2/dict_0005_0245.uasset" 9568
"../../../Engine/Content/EngineMaterials/Substrate/Glints2/dict_0005_0247.uasset" 9569
"../../../Engine/Content/EngineMaterials/Substrate/Glints2/dict_0005_0238.uasset" 9570
"/Engine/EngineMaterials/Substrate/Glints2/dict_0005_0227" 9571
"../../../Engine/Content/EngineMaterials/Substrate/Glints2/dict_0005_0243.uasset" 9572
"../../../Engine/Content/EngineMaterials/Substrate/Glints2/dict_0005_0241.uasset" 9573
"../../../Engine/Content/EngineMaterials/Substrate/Glints2/dict_0005_0237.uasset" 9574
"../../../Engine/Content/EngineMaterials/Substrate/Glints2/dict_0005_0250.uasset" 9575
"../../../Engine/Content/EngineMaterials/Substrate/Glints2/dict_0005_0240.uasset" 9576
"../../../Engine/Content/EngineMaterials/Substrate/Glints2/dict_0005_0229.uasset" 9577
"../../../Engine/Content/EngineMaterials/Substrate/Glints2/dict_0005_0246.uasset" 9578
"../../../Engine/Content/EngineMaterials/Substrate/Glints2/dict_0005_0248.uasset" 9579
"../../../Engine/Content/EngineMaterials/Substrate/Glints2/dict_0005_0249.uasset" 9580
"../../../Engine/Content/EngineMaterials/Substrate/Glints2/dict_0005_0251.uasset" 9581
"../../../Engine/Content/EngineMaterials/Substrate/Glints2/dict_0005_0231.uasset" 9582
"/Engine/EngineMaterials/Substrate/Glints2/dict_0005_0226" 9583
"/Engine/EngineMaterials/Substrate/Glints2/dict_0005_0225" 9584
"/Engine/EngineMaterials/Substrate/Glints2/dict_0005_0224" 9585
"/Engine/EngineMaterials/Substrate/Glints2/dict_0005_0223" 9586
"/Engine/EngineMaterials/Substrate/Glints2/dict_0005_0222" 9587
"/Engine/EngineMaterials/Substrate/Glints2/dict_0005_0221" 9588
"/Engine/EngineMaterials/Substrate/Glints2/dict_0005_0220" 9589
"/Engine/EngineMaterials/Substrate/Glints2/dict_0005_0251" 9590
"../../../Engine/Content/EngineMaterials/Substrate/Glints2/dict_0006_0002.uasset" 9591
"../../../Engine/Content/EngineMaterials/Substrate/Glints2/dict_0006_0001.uasset" 9592
"../../../Engine/Content/EngineMaterials/Substrate/Glints2/dict_0006_0000.uasset" 9593
"../../../Engine/Content/EngineMaterials/Substrate/Glints2/dict_0005_0253.uasset" 9594
"../../../Engine/Content/EngineMaterials/Substrate/Glints2/dict_0005_0252.uasset" 9595
"../../../Engine/Content/EngineMaterials/Substrate/Glints2/dict_0005_0254.uasset" 9596
"../../../Engine/Content/EngineMaterials/Substrate/Glints2/dict_0005_0255.uasset" 9597
"../../../Engine/Content/EngineMaterials/Substrate/Glints2/dict_0006_0003.uasset" 9598
"/Engine/EngineMaterials/Substrate/Glints2/dict_0005_0250" 9599
"/Engine/EngineMaterials/Substrate/Glints2/dict_0005_0249" 9600
"/Engine/EngineMaterials/Substrate/Glints2/dict_0005_0248" 9601
"/Engine/EngineMaterials/Substrate/Glints2/dict_0005_0247" 9602
"/Engine/EngineMaterials/Substrate/Glints2/dict_0005_0246" 9603
"/Engine/EngineMaterials/Substrate/Glints2/dict_0005_0245" 9604
"/Engine/EngineMaterials/Substrate/Glints2/dict_0005_0244" 9605
"/Engine/EngineMaterials/Substrate/Glints2/dict_0005_0243" 9606
"/Engine/EngineMaterials/Substrate/Glints2/dict_0005_0242" 9607
"/Engine/EngineMaterials/Substrate/Glints2/dict_0005_0241" 9608
"/Engine/EngineMaterials/Substrate/Glints2/dict_0005_0240" 9609
"/Engine/EngineMaterials/Substrate/Glints2/dict_0005_0239" 9610
"/Engine/EngineMaterials/Substrate/Glints2/dict_0005_0238" 9611
"/Engine/EngineMaterials/Substrate/Glints2/dict_0005_0237" 9612
"/Engine/EngineMaterials/Substrate/Glints2/dict_0005_0236" 9613
"/Engine/EngineMaterials/Substrate/Glints2/dict_0005_0235" 9614
"/Engine/EngineMaterials/Substrate/Glints2/dict_0005_0234" 9615
"/Engine/EngineMaterials/Substrate/Glints2/dict_0005_0233" 9616
"/Engine/EngineMaterials/Substrate/Glints2/dict_0005_0232" 9617
"/Engine/EngineMaterials/Substrate/Glints2/dict_0005_0231" 9618
"/Engine/EngineMaterials/Substrate/Glints2/dict_0005_0230" 9619
"/Engine/EngineMaterials/Substrate/Glints2/dict_0005_0229" 9620
"/Engine/EngineMaterials/Substrate/Glints2/dict_0005_0228" 9621
"../../../Engine/Content/EngineMaterials/Substrate/Glints2/dict_0006_0011.uasset" 9622
"/Engine/EngineMaterials/Substrate/Glints2/dict_0006_0003" 9623
"../../../Engine/Content/EngineMaterials/Substrate/Glints2/dict_0006_0006.uasset" 9624
"../../../Engine/Content/EngineMaterials/Substrate/Glints2/dict_0006_0004.uasset" 9625
"../../../Engine/Content/EngineMaterials/Substrate/Glints2/dict_0006_0010.uasset" 9626
"../../../Engine/Content/EngineMaterials/Substrate/Glints2/dict_0006_0008.uasset" 9627
"../../../Engine/Content/EngineMaterials/Substrate/Glints2/dict_0006_0013.uasset" 9628
"../../../Engine/Content/EngineMaterials/Substrate/Glints2/dict_0006_0019.uasset" 9629
"../../../Engine/Content/EngineMaterials/Substrate/Glints2/dict_0006_0018.uasset" 9630
"../../../Engine/Content/EngineMaterials/Substrate/Glints2/dict_0006_0015.uasset" 9631
"../../../Engine/Content/EngineMaterials/Substrate/Glints2/dict_0006_0017.uasset" 9632
"../../../Engine/Content/EngineMaterials/Substrate/Glints2/dict_0006_0007.uasset" 9633
"../../../Engine/Content/EngineMaterials/Substrate/Glints2/dict_0006_0005.uasset" 9634
"../../../Engine/Content/EngineMaterials/Substrate/Glints2/dict_0006_0014.uasset" 9635
"/Engine/EngineMaterials/Substrate/Glints2/dict_0006_0002" 9636
"../../../Engine/Content/EngineMaterials/Substrate/Glints2/dict_0006_0016.uasset" 9637
"../../../Engine/Content/EngineMaterials/Substrate/Glints2/dict_0006_0009.uasset" 9638
"../../../Engine/Content/EngineMaterials/Substrate/Glints2/dict_0006_0022.uasset" 9639
"../../../Engine/Content/EngineMaterials/Substrate/Glints2/dict_0006_0023.uasset" 9640
"../../../Engine/Content/EngineMaterials/Substrate/Glints2/dict_0006_0012.uasset" 9641
"../../../Engine/Content/EngineMaterials/Substrate/Glints2/dict_0006_0026.uasset" 9642
"../../../Engine/Content/EngineMaterials/Substrate/Glints2/dict_0006_0024.uasset" 9643
"../../../Engine/Content/EngineMaterials/Substrate/Glints2/dict_0006_0027.uasset" 9644
"../../../Engine/Content/EngineMaterials/Substrate/Glints2/dict_0006_0021.uasset" 9645
"../../../Engine/Content/EngineMaterials/Substrate/Glints2/dict_0006_0025.uasset" 9646
"../../../Engine/Content/EngineMaterials/Substrate/Glints2/dict_0006_0020.uasset" 9647
"/Engine/EngineMaterials/Substrate/Glints2/dict_0006_0001" 9648
"/Engine/EngineMaterials/Substrate/Glints2/dict_0006_0000" 9649
"/Engine/EngineMaterials/Substrate/Glints2/dict_0005_0255" 9650
"/Engine/EngineMaterials/Substrate/Glints2/dict_0005_0254" 9651
"/Engine/EngineMaterials/Substrate/Glints2/dict_0005_0253" 9652
"/Engine/EngineMaterials/Substrate/Glints2/dict_0005_0252" 9653
"/Engine/EngineMaterials/Substrate/Glints2/dict_0006_0027" 9654
"../../../Engine/Content/EngineMaterials/Substrate/Glints2/dict_0006_0035.uasset" 9655
"../../../Engine/Content/EngineMaterials/Substrate/Glints2/dict_0006_0030.uasset" 9656
"../../../Engine/Content/EngineMaterials/Substrate/Glints2/dict_0006_0032.uasset" 9657
"../../../Engine/Content/EngineMaterials/Substrate/Glints2/dict_0006_0029.uasset" 9658
"../../../Engine/Content/EngineMaterials/Substrate/Glints2/dict_0006_0028.uasset" 9659
"../../../Engine/Content/EngineMaterials/Substrate/Glints2/dict_0006_0031.uasset" 9660
"../../../Engine/Content/EngineMaterials/Substrate/Glints2/dict_0006_0034.uasset" 9661
"../../../Engine/Content/EngineMaterials/Substrate/Glints2/dict_0006_0033.uasset" 9662
"/Engine/EngineMaterials/Substrate/Glints2/dict_0006_0026" 9663
"/Engine/EngineMaterials/Substrate/Glints2/dict_0006_0025" 9664
"/Engine/EngineMaterials/Substrate/Glints2/dict_0006_0024" 9665
"/Engine/EngineMaterials/Substrate/Glints2/dict_0006_0023" 9666
"/Engine/EngineMaterials/Substrate/Glints2/dict_0006_0022" 9667
"/Engine/EngineMaterials/Substrate/Glints2/dict_0006_0021" 9668
"/Engine/EngineMaterials/Substrate/Glints2/dict_0006_0020" 9669
"/Engine/EngineMaterials/Substrate/Glints2/dict_0006_0019" 9670
"C:/Users/xingh/AppData/Local/Temp/UnrealShaderWorkingDir/4978E7A5472AB1D50C19DAB24456E12C/6/WorkerOutputOnly.out" 9671
"/Engine/EngineMaterials/Substrate/Glints2/dict_0006_0018" 9672
"/Engine/EngineMaterials/Substrate/Glints2/dict_0006_0017" 9673
"/Engine/EngineMaterials/Substrate/Glints2/dict_0006_0016" 9674
"/Engine/EngineMaterials/Substrate/Glints2/dict_0006_0015" 9675
"/Engine/EngineMaterials/Substrate/Glints2/dict_0006_0014" 9676
"/Engine/EngineMaterials/Substrate/Glints2/dict_0006_0013" 9677
"/Engine/EngineMaterials/Substrate/Glints2/dict_0006_0012" 9678
"/Engine/EngineMaterials/Substrate/Glints2/dict_0006_0011" 9679
"/Engine/EngineMaterials/Substrate/Glints2/dict_0006_0010" 9680
"/Engine/EngineMaterials/Substrate/Glints2/dict_0006_0009" 9681
"/Engine/EngineMaterials/Substrate/Glints2/dict_0006_0008" 9682
"/Engine/EngineMaterials/Substrate/Glints2/dict_0006_0007" 9683
"/Engine/EngineMaterials/Substrate/Glints2/dict_0006_0006" 9684
"/Engine/EngineMaterials/Substrate/Glints2/dict_0006_0005" 9685
"/Engine/EngineMaterials/Substrate/Glints2/dict_0006_0004" 9686
"/Engine/EngineMaterials/Substrate/Glints2/dict_0006_0035" 9687
"../../../Engine/Content/EngineMaterials/Substrate/Glints2/dict_0006_0044.uasset" 9688
"../../../Engine/Content/EngineMaterials/Substrate/Glints2/dict_0006_0039.uasset" 9689
"../../../Engine/Content/EngineMaterials/Substrate/Glints2/dict_0006_0041.uasset" 9690
"../../../Engine/Content/EngineMaterials/Substrate/Glints2/dict_0006_0052.uasset" 9691
"../../../Engine/Content/EngineMaterials/Substrate/Glints2/dict_0006_0045.uasset" 9692
"../../../Engine/Content/EngineMaterials/Substrate/Glints2/dict_0006_0042.uasset" 9693
"../../../Engine/Content/EngineMaterials/Substrate/Glints2/dict_0006_0056.uasset" 9694
"../../../Engine/Content/EngineMaterials/Substrate/Glints2/dict_0006_0038.uasset" 9695
"../../../Engine/Content/EngineMaterials/Substrate/Glints2/dict_0006_0037.uasset" 9696
"../../../Engine/Content/EngineMaterials/Substrate/Glints2/dict_0006_0054.uasset" 9697
"../../../Engine/Content/EngineMaterials/Substrate/Glints2/dict_0006_0046.uasset" 9698
"../../../Engine/Content/EngineMaterials/Substrate/Glints2/dict_0006_0051.uasset" 9699
"../../../Engine/Content/EngineMaterials/Substrate/Glints2/dict_0006_0048.uasset" 9700
"../../../Engine/Content/EngineMaterials/Substrate/Glints2/dict_0006_0036.uasset" 9701
"/Engine/EngineMaterials/Substrate/Glints2/dict_0006_0034" 9702
"../../../Engine/Content/EngineMaterials/Substrate/Glints2/dict_0006_0055.uasset" 9703
"../../../Engine/Content/EngineMaterials/Substrate/Glints2/dict_0006_0050.uasset" 9704
"../../../Engine/Content/EngineMaterials/Substrate/Glints2/dict_0006_0053.uasset" 9705
"../../../Engine/Content/EngineMaterials/Substrate/Glints2/dict_0006_0057.uasset" 9706
"../../../Engine/Content/EngineMaterials/Substrate/Glints2/dict_0006_0049.uasset" 9707
"../../../Engine/Content/EngineMaterials/Substrate/Glints2/dict_0006_0040.uasset" 9708
"../../../Engine/Content/EngineMaterials/Substrate/Glints2/dict_0006_0047.uasset" 9709
"../../../Engine/Content/EngineMaterials/Substrate/Glints2/dict_0006_0043.uasset" 9710
"../../../Engine/Content/EngineMaterials/Substrate/Glints2/dict_0006_0058.uasset" 9711
"../../../Engine/Content/EngineMaterials/Substrate/Glints2/dict_0006_0059.uasset" 9712
"/Engine/EngineMaterials/Substrate/Glints2/dict_0006_0033" 9713
"/Engine/EngineMaterials/Substrate/Glints2/dict_0006_0032" 9714
"/Engine/EngineMaterials/Substrate/Glints2/dict_0006_0031" 9715
"/Engine/EngineMaterials/Substrate/Glints2/dict_0006_0030" 9716
"/Engine/EngineMaterials/Substrate/Glints2/dict_0006_0029" 9717
"/Engine/EngineMaterials/Substrate/Glints2/dict_0006_0028" 9718
"/Engine/EngineMaterials/Substrate/Glints2/dict_0006_0059" 9719
"../../../Engine/Content/EngineMaterials/Substrate/Glints2/dict_0006_0064.uasset" 9720
"../../../Engine/Content/EngineMaterials/Substrate/Glints2/dict_0006_0061.uasset" 9721
"../../../Engine/Content/EngineMaterials/Substrate/Glints2/dict_0006_0063.uasset" 9722
"../../../Engine/Content/EngineMaterials/Substrate/Glints2/dict_0006_0066.uasset" 9723
"../../../Engine/Content/EngineMaterials/Substrate/Glints2/dict_0006_0067.uasset" 9724
"../../../Engine/Content/EngineMaterials/Substrate/Glints2/dict_0006_0062.uasset" 9725
"../../../Engine/Content/EngineMaterials/Substrate/Glints2/dict_0006_0065.uasset" 9726
"../../../Engine/Content/EngineMaterials/Substrate/Glints2/dict_0006_0060.uasset" 9727
"/Engine/EngineMaterials/Substrate/Glints2/dict_0006_0058" 9728
"/Engine/EngineMaterials/Substrate/Glints2/dict_0006_0057" 9729
"/Engine/EngineMaterials/Substrate/Glints2/dict_0006_0056" 9730
"/Engine/EngineMaterials/Substrate/Glints2/dict_0006_0055" 9731
"/Engine/EngineMaterials/Substrate/Glints2/dict_0006_0054" 9732
"/Engine/EngineMaterials/Substrate/Glints2/dict_0006_0053" 9733
"/Engine/EngineMaterials/Substrate/Glints2/dict_0006_0052" 9734
"/Engine/EngineMaterials/Substrate/Glints2/dict_0006_0051" 9735
"/Engine/EngineMaterials/Substrate/Glints2/dict_0006_0050" 9736
"/Engine/EngineMaterials/Substrate/Glints2/dict_0006_0049" 9737
"/Engine/EngineMaterials/Substrate/Glints2/dict_0006_0048" 9738
"/Engine/EngineMaterials/Substrate/Glints2/dict_0006_0047" 9739
"/Engine/EngineMaterials/Substrate/Glints2/dict_0006_0046" 9740
"/Engine/EngineMaterials/Substrate/Glints2/dict_0006_0045" 9741
"/Engine/EngineMaterials/Substrate/Glints2/dict_0006_0044" 9742
"/Engine/EngineMaterials/Substrate/Glints2/dict_0006_0043" 9743
"/Engine/EngineMaterials/Substrate/Glints2/dict_0006_0042" 9744
"/Engine/EngineMaterials/Substrate/Glints2/dict_0006_0041" 9745
"/Engine/EngineMaterials/Substrate/Glints2/dict_0006_0040" 9746
"/Engine/EngineMaterials/Substrate/Glints2/dict_0006_0039" 9747
"/Engine/EngineMaterials/Substrate/Glints2/dict_0006_0038" 9748
"/Engine/EngineMaterials/Substrate/Glints2/dict_0006_0037" 9749
"/Engine/EngineMaterials/Substrate/Glints2/dict_0006_0036" 9750
"../../../Engine/Content/EngineMaterials/Substrate/Glints2/dict_0006_0075.uasset" 9751
"/Engine/EngineMaterials/Substrate/Glints2/dict_0006_0067" 9752
"../../../Engine/Content/EngineMaterials/Substrate/Glints2/dict_0006_0071.uasset" 9753
"../../../Engine/Content/EngineMaterials/Substrate/Glints2/dict_0006_0070.uasset" 9754
"../../../Engine/Content/EngineMaterials/Substrate/Glints2/dict_0006_0081.uasset" 9755
"../../../Engine/Content/EngineMaterials/Substrate/Glints2/dict_0006_0086.uasset" 9756
"../../../Engine/Content/EngineMaterials/Substrate/Glints2/dict_0006_0069.uasset" 9757
"../../../Engine/Content/EngineMaterials/Substrate/Glints2/dict_0006_0077.uasset" 9758
"../../../Engine/Content/EngineMaterials/Substrate/Glints2/dict_0006_0076.uasset" 9759
"../../../Engine/Content/EngineMaterials/Substrate/Glints2/dict_0006_0082.uasset" 9760
"../../../Engine/Content/EngineMaterials/Substrate/Glints2/dict_0006_0074.uasset" 9761
"../../../Engine/Content/EngineMaterials/Substrate/Glints2/dict_0006_0078.uasset" 9762
"../../../Engine/Content/EngineMaterials/Substrate/Glints2/dict_0006_0089.uasset" 9763
"../../../Engine/Content/EngineMaterials/Substrate/Glints2/dict_0006_0084.uasset" 9764
"../../../Engine/Content/EngineMaterials/Substrate/Glints2/dict_0006_0079.uasset" 9765
"/Engine/EngineMaterials/Substrate/Glints2/dict_0006_0066" 9766
"../../../Engine/Content/EngineMaterials/Substrate/Glints2/dict_0006_0068.uasset" 9767
"../../../Engine/Content/EngineMaterials/Substrate/Glints2/dict_0006_0080.uasset" 9768
"../../../Engine/Content/EngineMaterials/Substrate/Glints2/dict_0006_0083.uasset" 9769
"../../../Engine/Content/EngineMaterials/Substrate/Glints2/dict_0006_0090.uasset" 9770
"../../../Engine/Content/EngineMaterials/Substrate/Glints2/dict_0006_0091.uasset" 9771
"../../../Engine/Content/EngineMaterials/Substrate/Glints2/dict_0006_0073.uasset" 9772
"../../../Engine/Content/EngineMaterials/Substrate/Glints2/dict_0006_0088.uasset" 9773
"../../../Engine/Content/EngineMaterials/Substrate/Glints2/dict_0006_0087.uasset" 9774
"../../../Engine/Content/EngineMaterials/Substrate/Glints2/dict_0006_0072.uasset" 9775
"../../../Engine/Content/EngineMaterials/Substrate/Glints2/dict_0006_0085.uasset" 9776
"/Engine/EngineMaterials/Substrate/Glints2/dict_0006_0065" 9777
"/Engine/EngineMaterials/Substrate/Glints2/dict_0006_0064" 9778
"/Engine/EngineMaterials/Substrate/Glints2/dict_0006_0063" 9779
"/Engine/EngineMaterials/Substrate/Glints2/dict_0006_0062" 9780
"/Engine/EngineMaterials/Substrate/Glints2/dict_0006_0061" 9781
"/Engine/EngineMaterials/Substrate/Glints2/dict_0006_0060" 9782
"/Engine/EngineMaterials/Substrate/Glints2/dict_0006_0091" 9783
"../../../Engine/Content/EngineMaterials/Substrate/Glints2/dict_0006_0093.uasset" 9784
"../../../Engine/Content/EngineMaterials/Substrate/Glints2/dict_0006_0096.uasset" 9785
"../../../Engine/Content/EngineMaterials/Substrate/Glints2/dict_0006_0092.uasset" 9786
"../../../Engine/Content/EngineMaterials/Substrate/Glints2/dict_0006_0099.uasset" 9787
"../../../Engine/Content/EngineMaterials/Substrate/Glints2/dict_0006_0094.uasset" 9788
"../../../Engine/Content/EngineMaterials/Substrate/Glints2/dict_0006_0095.uasset" 9789
"../../../Engine/Content/EngineMaterials/Substrate/Glints2/dict_0006_0098.uasset" 9790
"../../../Engine/Content/EngineMaterials/Substrate/Glints2/dict_0006_0097.uasset" 9791
"/Engine/EngineMaterials/Substrate/Glints2/dict_0006_0090" 9792
"/Engine/EngineMaterials/Substrate/Glints2/dict_0006_0089" 9793
"/Engine/EngineMaterials/Substrate/Glints2/dict_0006_0088" 9794
"/Engine/EngineMaterials/Substrate/Glints2/dict_0006_0087" 9795
"/Engine/EngineMaterials/Substrate/Glints2/dict_0006_0086" 9796
"/Engine/EngineMaterials/Substrate/Glints2/dict_0006_0085" 9797
"/Engine/EngineMaterials/Substrate/Glints2/dict_0006_0084" 9798
"/Engine/EngineMaterials/Substrate/Glints2/dict_0006_0083" 9799
"/Engine/EngineMaterials/Substrate/Glints2/dict_0006_0082" 9800
"/Engine/EngineMaterials/Substrate/Glints2/dict_0006_0081" 9801
"/Engine/EngineMaterials/Substrate/Glints2/dict_0006_0080" 9802
"/Engine/EngineMaterials/Substrate/Glints2/dict_0006_0079" 9803
"/Engine/EngineMaterials/Substrate/Glints2/dict_0006_0078" 9804
"/Engine/EngineMaterials/Substrate/Glints2/dict_0006_0077" 9805
"/Engine/EngineMaterials/Substrate/Glints2/dict_0006_0076" 9806
"/Engine/EngineMaterials/Substrate/Glints2/dict_0006_0075" 9807
"/Engine/EngineMaterials/Substrate/Glints2/dict_0006_0074" 9808
"/Engine/EngineMaterials/Substrate/Glints2/dict_0006_0073" 9809
"/Engine/EngineMaterials/Substrate/Glints2/dict_0006_0072" 9810
"/Engine/EngineMaterials/Substrate/Glints2/dict_0006_0071" 9811
"/Engine/EngineMaterials/Substrate/Glints2/dict_0006_0070" 9812
"/Engine/EngineMaterials/Substrate/Glints2/dict_0006_0069" 9813
"/Engine/EngineMaterials/Substrate/Glints2/dict_0006_0068" 9814
"/Engine/EngineMaterials/Substrate/Glints2/dict_0006_0099" 9815
"../../../Engine/Content/EngineMaterials/Substrate/Glints2/dict_0006_0110.uasset" 9816
"../../../Engine/Content/EngineMaterials/Substrate/Glints2/dict_0006_0107.uasset" 9817
"../../../Engine/Content/EngineMaterials/Substrate/Glints2/dict_0006_0102.uasset" 9818
"../../../Engine/Content/EngineMaterials/Substrate/Glints2/dict_0006_0115.uasset" 9819
"../../../Engine/Content/EngineMaterials/Substrate/Glints2/dict_0006_0111.uasset" 9820
"../../../Engine/Content/EngineMaterials/Substrate/Glints2/dict_0006_0109.uasset" 9821
"../../../Engine/Content/EngineMaterials/Substrate/Glints2/dict_0006_0101.uasset" 9822
"../../../Engine/Content/EngineMaterials/Substrate/Glints2/dict_0006_0108.uasset" 9823
"../../../Engine/Content/EngineMaterials/Substrate/Glints2/dict_0006_0106.uasset" 9824
"../../../Engine/Content/EngineMaterials/Substrate/Glints2/dict_0006_0104.uasset" 9825
"../../../Engine/Content/EngineMaterials/Substrate/Glints2/dict_0006_0113.uasset" 9826
"../../../Engine/Content/EngineMaterials/Substrate/Glints2/dict_0006_0105.uasset" 9827
"../../../Engine/Content/EngineMaterials/Substrate/Glints2/dict_0006_0121.uasset" 9828
"../../../Engine/Content/EngineMaterials/Substrate/Glints2/dict_0006_0119.uasset" 9829
"../../../Engine/Content/EngineMaterials/Substrate/Glints2/dict_0006_0118.uasset" 9830
"../../../Engine/Content/EngineMaterials/Substrate/Glints2/dict_0006_0116.uasset" 9831
"../../../Engine/Content/EngineMaterials/Substrate/Glints2/dict_0006_0100.uasset" 9832
"../../../Engine/Content/EngineMaterials/Substrate/Glints2/dict_0006_0120.uasset" 9833
"../../../Engine/Content/EngineMaterials/Substrate/Glints2/dict_0006_0117.uasset" 9834
"/Engine/EngineMaterials/Substrate/Glints2/dict_0006_0098" 9835
"../../../Engine/Content/EngineMaterials/Substrate/Glints2/dict_0006_0122.uasset" 9836
"../../../Engine/Content/EngineMaterials/Substrate/Glints2/dict_0006_0112.uasset" 9837
"../../../Engine/Content/EngineMaterials/Substrate/Glints2/dict_0006_0114.uasset" 9838
"../../../Engine/Content/EngineMaterials/Substrate/Glints2/dict_0006_0123.uasset" 9839
"../../../Engine/Content/EngineMaterials/Substrate/Glints2/dict_0006_0103.uasset" 9840
"/Engine/EngineMaterials/Substrate/Glints2/dict_0006_0097" 9841
"/Engine/EngineMaterials/Substrate/Glints2/dict_0006_0096" 9842
"/Engine/EngineMaterials/Substrate/Glints2/dict_0006_0095" 9843
"/Engine/EngineMaterials/Substrate/Glints2/dict_0006_0094" 9844
"/Engine/EngineMaterials/Substrate/Glints2/dict_0006_0093" 9845
"/Engine/EngineMaterials/Substrate/Glints2/dict_0006_0092" 9846
"../../../Engine/Content/EngineMaterials/Substrate/Glints2/dict_0006_0125.uasset" 9847
"../../../Engine/Content/EngineMaterials/Substrate/Glints2/dict_0006_0126.uasset" 9848
"../../../Engine/Content/EngineMaterials/Substrate/Glints2/dict_0006_0129.uasset" 9849
"../../../Engine/Content/EngineMaterials/Substrate/Glints2/dict_0006_0131.uasset" 9850
"../../../Engine/Content/EngineMaterials/Substrate/Glints2/dict_0006_0127.uasset" 9851
"../../../Engine/Content/EngineMaterials/Substrate/Glints2/dict_0006_0130.uasset" 9852
"../../../Engine/Content/EngineMaterials/Substrate/Glints2/dict_0006_0124.uasset" 9853
"/Engine/EngineMaterials/Substrate/Glints2/dict_0006_0123" 9854
"../../../Engine/Content/EngineMaterials/Substrate/Glints2/dict_0006_0128.uasset" 9855
"/Engine/EngineMaterials/Substrate/Glints2/dict_0006_0122" 9856
"/Engine/EngineMaterials/Substrate/Glints2/dict_0006_0121" 9857
"/Engine/EngineMaterials/Substrate/Glints2/dict_0006_0120" 9858
"/Engine/EngineMaterials/Substrate/Glints2/dict_0006_0119" 9859
"/Engine/EngineMaterials/Substrate/Glints2/dict_0006_0118" 9860
"/Engine/EngineMaterials/Substrate/Glints2/dict_0006_0117" 9861
"/Engine/EngineMaterials/Substrate/Glints2/dict_0006_0116" 9862
"/Engine/EngineMaterials/Substrate/Glints2/dict_0006_0115" 9863
"/Engine/EngineMaterials/Substrate/Glints2/dict_0006_0114" 9864
"/Engine/EngineMaterials/Substrate/Glints2/dict_0006_0113" 9865
"/Engine/EngineMaterials/Substrate/Glints2/dict_0006_0112" 9866
"/Engine/EngineMaterials/Substrate/Glints2/dict_0006_0111" 9867
"/Engine/EngineMaterials/Substrate/Glints2/dict_0006_0110" 9868
"/Engine/EngineMaterials/Substrate/Glints2/dict_0006_0109" 9869
"/Engine/EngineMaterials/Substrate/Glints2/dict_0006_0108" 9870
"/Engine/EngineMaterials/Substrate/Glints2/dict_0006_0107" 9871
"/Engine/EngineMaterials/Substrate/Glints2/dict_0006_0106" 9872
"/Engine/EngineMaterials/Substrate/Glints2/dict_0006_0105" 9873
"/Engine/EngineMaterials/Substrate/Glints2/dict_0006_0104" 9874
"/Engine/EngineMaterials/Substrate/Glints2/dict_0006_0103" 9875
"/Engine/EngineMaterials/Substrate/Glints2/dict_0006_0102" 9876
"/Engine/EngineMaterials/Substrate/Glints2/dict_0006_0101" 9877
"/Engine/EngineMaterials/Substrate/Glints2/dict_0006_0100" 9878
"../../../Engine/Content/EngineMaterials/Substrate/Glints2/dict_0006_0135.uasset" 9879
"../../../Engine/Content/EngineMaterials/Substrate/Glints2/dict_0006_0134.uasset" 9880
"../../../Engine/Content/EngineMaterials/Substrate/Glints2/dict_0006_0136.uasset" 9881
"../../../Engine/Content/EngineMaterials/Substrate/Glints2/dict_0006_0138.uasset" 9882
"../../../Engine/Content/EngineMaterials/Substrate/Glints2/dict_0006_0133.uasset" 9883
"/Engine/EngineMaterials/Substrate/Glints2/dict_0006_0131" 9884
"../../../Engine/Content/EngineMaterials/Substrate/Glints2/dict_0006_0140.uasset" 9885
"../../../Engine/Content/EngineMaterials/Substrate/Glints2/dict_0006_0144.uasset" 9886
"../../../Engine/Content/EngineMaterials/Substrate/Glints2/dict_0006_0146.uasset" 9887
"../../../Engine/Content/EngineMaterials/Substrate/Glints2/dict_0006_0142.uasset" 9888
"../../../Engine/Content/EngineMaterials/Substrate/Glints2/dict_0006_0148.uasset" 9889
"../../../Engine/Content/EngineMaterials/Substrate/Glints2/dict_0006_0141.uasset" 9890
"../../../Engine/Content/EngineMaterials/Substrate/Glints2/dict_0006_0137.uasset" 9891
"../../../Engine/Content/EngineMaterials/Substrate/Glints2/dict_0006_0145.uasset" 9892
"../../../Engine/Content/EngineMaterials/Substrate/Glints2/dict_0006_0147.uasset" 9893
"../../../Engine/Content/EngineMaterials/Substrate/Glints2/dict_0006_0151.uasset" 9894
"../../../Engine/Content/EngineMaterials/Substrate/Glints2/dict_0006_0155.uasset" 9895
"../../../Engine/Content/EngineMaterials/Substrate/Glints2/dict_0006_0152.uasset" 9896
"../../../Engine/Content/EngineMaterials/Substrate/Glints2/dict_0006_0139.uasset" 9897
"../../../Engine/Content/EngineMaterials/Substrate/Glints2/dict_0006_0150.uasset" 9898
"../../../Engine/Content/EngineMaterials/Substrate/Glints2/dict_0006_0149.uasset" 9899
"../../../Engine/Content/EngineMaterials/Substrate/Glints2/dict_0006_0132.uasset" 9900
"../../../Engine/Content/EngineMaterials/Substrate/Glints2/dict_0006_0143.uasset" 9901
"../../../Engine/Content/EngineMaterials/Substrate/Glints2/dict_0006_0153.uasset" 9902
"../../../Engine/Content/EngineMaterials/Substrate/Glints2/dict_0006_0154.uasset" 9903
"/Engine/EngineMaterials/Substrate/Glints2/dict_0006_0130" 9904
"/Engine/EngineMaterials/Substrate/Glints2/dict_0006_0129" 9905
"/Engine/EngineMaterials/Substrate/Glints2/dict_0006_0128" 9906
"/Engine/EngineMaterials/Substrate/Glints2/dict_0006_0127" 9907
"/Engine/EngineMaterials/Substrate/Glints2/dict_0006_0126" 9908
"/Engine/EngineMaterials/Substrate/Glints2/dict_0006_0125" 9909
"/Engine/EngineMaterials/Substrate/Glints2/dict_0006_0124" 9910
"../../../Engine/Content/EngineMaterials/Substrate/Glints2/dict_0006_0157.uasset" 9911
"../../../Engine/Content/EngineMaterials/Substrate/Glints2/dict_0006_0159.uasset" 9912
"../../../Engine/Content/EngineMaterials/Substrate/Glints2/dict_0006_0160.uasset" 9913
"../../../Engine/Content/EngineMaterials/Substrate/Glints2/dict_0006_0156.uasset" 9914
"../../../Engine/Content/EngineMaterials/Substrate/Glints2/dict_0006_0158.uasset" 9915
"../../../Engine/Content/EngineMaterials/Substrate/Glints2/dict_0006_0163.uasset" 9916
"/Engine/EngineMaterials/Substrate/Glints2/dict_0006_0155" 9917
"../../../Engine/Content/EngineMaterials/Substrate/Glints2/dict_0006_0161.uasset" 9918
"../../../Engine/Content/EngineMaterials/Substrate/Glints2/dict_0006_0162.uasset" 9919
"/Engine/EngineMaterials/Substrate/Glints2/dict_0006_0154" 9920
"/Engine/EngineMaterials/Substrate/Glints2/dict_0006_0153" 9921
"/Engine/EngineMaterials/Substrate/Glints2/dict_0006_0152" 9922
"/Engine/EngineMaterials/Substrate/Glints2/dict_0006_0151" 9923
"/Engine/EngineMaterials/Substrate/Glints2/dict_0006_0150" 9924
"/Engine/EngineMaterials/Substrate/Glints2/dict_0006_0149" 9925
"/Engine/EngineMaterials/Substrate/Glints2/dict_0006_0148" 9926
"/Engine/EngineMaterials/Substrate/Glints2/dict_0006_0147" 9927
"/Engine/EngineMaterials/Substrate/Glints2/dict_0006_0146" 9928
"/Engine/EngineMaterials/Substrate/Glints2/dict_0006_0145" 9929
"/Engine/EngineMaterials/Substrate/Glints2/dict_0006_0144" 9930
"/Engine/EngineMaterials/Substrate/Glints2/dict_0006_0143" 9931
"/Engine/EngineMaterials/Substrate/Glints2/dict_0006_0142" 9932
"/Engine/EngineMaterials/Substrate/Glints2/dict_0006_0141" 9933
"/Engine/EngineMaterials/Substrate/Glints2/dict_0006_0140" 9934
"/Engine/EngineMaterials/Substrate/Glints2/dict_0006_0139" 9935
"/Engine/EngineMaterials/Substrate/Glints2/dict_0006_0138" 9936
"/Engine/EngineMaterials/Substrate/Glints2/dict_0006_0137" 9937
"/Engine/EngineMaterials/Substrate/Glints2/dict_0006_0136" 9938
"/Engine/EngineMaterials/Substrate/Glints2/dict_0006_0135" 9939
"/Engine/EngineMaterials/Substrate/Glints2/dict_0006_0134" 9940
"/Engine/EngineMaterials/Substrate/Glints2/dict_0006_0133" 9941
"/Engine/EngineMaterials/Substrate/Glints2/dict_0006_0132" 9942
"../../../Engine/Content/EngineMaterials/Substrate/Glints2/dict_0006_0164.uasset" 9943
"/Engine/EngineMaterials/Substrate/Glints2/dict_0006_0163" 9944
"../../../Engine/Content/EngineMaterials/Substrate/Glints2/dict_0006_0174.uasset" 9945
"../../../Engine/Content/EngineMaterials/Substrate/Glints2/dict_0006_0171.uasset" 9946
"../../../Engine/Content/EngineMaterials/Substrate/Glints2/dict_0006_0177.uasset" 9947
"../../../Engine/Content/EngineMaterials/Substrate/Glints2/dict_0006_0172.uasset" 9948
"../../../Engine/Content/EngineMaterials/Substrate/Glints2/dict_0006_0168.uasset" 9949
"../../../Engine/Content/EngineMaterials/Substrate/Glints2/dict_0006_0183.uasset" 9950
"../../../Engine/Content/EngineMaterials/Substrate/Glints2/dict_0006_0169.uasset" 9951
"../../../Engine/Content/EngineMaterials/Substrate/Glints2/dict_0006_0176.uasset" 9952
"../../../Engine/Content/EngineMaterials/Substrate/Glints2/dict_0006_0185.uasset" 9953
"../../../Engine/Content/EngineMaterials/Substrate/Glints2/dict_0006_0179.uasset" 9954
"../../../Engine/Content/EngineMaterials/Substrate/Glints2/dict_0006_0178.uasset" 9955
"../../../Engine/Content/EngineMaterials/Substrate/Glints2/dict_0006_0184.uasset" 9956
"../../../Engine/Content/EngineMaterials/Substrate/Glints2/dict_0006_0170.uasset" 9957
"../../../Engine/Content/EngineMaterials/Substrate/Glints2/dict_0006_0167.uasset" 9958
"../../../Engine/Content/EngineMaterials/Substrate/Glints2/dict_0006_0182.uasset" 9959
"../../../Engine/Content/EngineMaterials/Substrate/Glints2/dict_0006_0175.uasset" 9960
"../../../Engine/Content/EngineMaterials/Substrate/Glints2/dict_0006_0181.uasset" 9961
"../../../Engine/Content/EngineMaterials/Substrate/Glints2/dict_0006_0165.uasset" 9962
"../../../Engine/Content/EngineMaterials/Substrate/Glints2/dict_0006_0166.uasset" 9963
"../../../Engine/Content/EngineMaterials/Substrate/Glints2/dict_0006_0173.uasset" 9964
"../../../Engine/Content/EngineMaterials/Substrate/Glints2/dict_0006_0180.uasset" 9965
"/Engine/EngineMaterials/Substrate/Glints2/dict_0006_0162" 9966
"../../../Engine/Content/EngineMaterials/Substrate/Glints2/dict_0006_0187.uasset" 9967
"../../../Engine/Content/EngineMaterials/Substrate/Glints2/dict_0006_0186.uasset" 9968
"/Engine/EngineMaterials/Substrate/Glints2/dict_0006_0161" 9969
"/Engine/EngineMaterials/Substrate/Glints2/dict_0006_0160" 9970
"/Engine/EngineMaterials/Substrate/Glints2/dict_0006_0159" 9971
"/Engine/EngineMaterials/Substrate/Glints2/dict_0006_0158" 9972
"/Engine/EngineMaterials/Substrate/Glints2/dict_0006_0157" 9973
"/Engine/EngineMaterials/Substrate/Glints2/dict_0006_0156" 9974
"/Engine/EngineMaterials/Substrate/Glints2/dict_0006_0187" 9975
"../../../Engine/Content/EngineMaterials/Substrate/Glints2/dict_0006_0191.uasset" 9976
"../../../Engine/Content/EngineMaterials/Substrate/Glints2/dict_0006_0189.uasset" 9977
"../../../Engine/Content/EngineMaterials/Substrate/Glints2/dict_0006_0188.uasset" 9978
"../../../Engine/Content/EngineMaterials/Substrate/Glints2/dict_0006_0194.uasset" 9979
"../../../Engine/Content/EngineMaterials/Substrate/Glints2/dict_0006_0193.uasset" 9980
"../../../Engine/Content/EngineMaterials/Substrate/Glints2/dict_0006_0192.uasset" 9981
"../../../Engine/Content/EngineMaterials/Substrate/Glints2/dict_0006_0190.uasset" 9982
"../../../Engine/Content/EngineMaterials/Substrate/Glints2/dict_0006_0195.uasset" 9983
"/Engine/EngineMaterials/Substrate/Glints2/dict_0006_0186" 9984
"/Engine/EngineMaterials/Substrate/Glints2/dict_0006_0185" 9985
"/Engine/EngineMaterials/Substrate/Glints2/dict_0006_0184" 9986
"/Engine/EngineMaterials/Substrate/Glints2/dict_0006_0183" 9987
"/Engine/EngineMaterials/Substrate/Glints2/dict_0006_0182" 9988
"/Engine/EngineMaterials/Substrate/Glints2/dict_0006_0181" 9989
"/Engine/EngineMaterials/Substrate/Glints2/dict_0006_0180" 9990
"/Engine/EngineMaterials/Substrate/Glints2/dict_0006_0179" 9991
"/Engine/EngineMaterials/Substrate/Glints2/dict_0006_0178" 9992
"/Engine/EngineMaterials/Substrate/Glints2/dict_0006_0177" 9993
"/Engine/EngineMaterials/Substrate/Glints2/dict_0006_0176" 9994
"/Engine/EngineMaterials/Substrate/Glints2/dict_0006_0175" 9995
"/Engine/EngineMaterials/Substrate/Glints2/dict_0006_0174" 9996
"/Engine/EngineMaterials/Substrate/Glints2/dict_0006_0173" 9997
"/Engine/EngineMaterials/Substrate/Glints2/dict_0006_0172" 9998
"/Engine/EngineMaterials/Substrate/Glints2/dict_0006_0171" 9999
"/Engine/EngineMaterials/Substrate/Glints2/dict_0006_0170" 10000
"/Engine/EngineMaterials/Substrate/Glints2/dict_0006_0169" 10001
"/Engine/EngineMaterials/Substrate/Glints2/dict_0006_0168" 10002
"/Engine/EngineMaterials/Substrate/Glints2/dict_0006_0167" 10003
"/Engine/EngineMaterials/Substrate/Glints2/dict_0006_0166" 10004
"/Engine/EngineMaterials/Substrate/Glints2/dict_0006_0165" 10005
"/Engine/EngineMaterials/Substrate/Glints2/dict_0006_0164" 10006
"../../../Engine/Content/EngineMaterials/Substrate/Glints2/dict_0006_0199.uasset" 10007
"../../../Engine/Content/EngineMaterials/Substrate/Glints2/dict_0006_0198.uasset" 10008
"/Engine/EngineMaterials/Substrate/Glints2/dict_0006_0195" 10009
"../../../Engine/Content/EngineMaterials/Substrate/Glints2/dict_0006_0207.uasset" 10010
"../../../Engine/Content/EngineMaterials/Substrate/Glints2/dict_0006_0202.uasset" 10011
"../../../Engine/Content/EngineMaterials/Substrate/Glints2/dict_0006_0208.uasset" 10012
"../../../Engine/Content/EngineMaterials/Substrate/Glints2/dict_0006_0206.uasset" 10013
"../../../Engine/Content/EngineMaterials/Substrate/Glints2/dict_0006_0204.uasset" 10014
"../../../Engine/Content/EngineMaterials/Substrate/Glints2/dict_0006_0197.uasset" 10015
"../../../Engine/Content/EngineMaterials/Substrate/Glints2/dict_0006_0201.uasset" 10016
"../../../Engine/Content/EngineMaterials/Substrate/Glints2/dict_0006_0203.uasset" 10017
"../../../Engine/Content/EngineMaterials/Substrate/Glints2/dict_0006_0213.uasset" 10018
"../../../Engine/Content/EngineMaterials/Substrate/Glints2/dict_0006_0196.uasset" 10019
"../../../Engine/Content/EngineMaterials/Substrate/Glints2/dict_0006_0200.uasset" 10020
"../../../Engine/Content/EngineMaterials/Substrate/Glints2/dict_0006_0211.uasset" 10021
"../../../Engine/Content/EngineMaterials/Substrate/Glints2/dict_0006_0205.uasset" 10022
"../../../Engine/Content/EngineMaterials/Substrate/Glints2/dict_0006_0210.uasset" 10023
"../../../Engine/Content/EngineMaterials/Substrate/Glints2/dict_0006_0216.uasset" 10024
"/Engine/EngineMaterials/Substrate/Glints2/dict_0006_0194" 10025
"../../../Engine/Content/EngineMaterials/Substrate/Glints2/dict_0006_0209.uasset" 10026
"../../../Engine/Content/EngineMaterials/Substrate/Glints2/dict_0006_0217.uasset" 10027
"../../../Engine/Content/EngineMaterials/Substrate/Glints2/dict_0006_0212.uasset" 10028
"../../../Engine/Content/EngineMaterials/Substrate/Glints2/dict_0006_0219.uasset" 10029
"../../../Engine/Content/EngineMaterials/Substrate/Glints2/dict_0006_0218.uasset" 10030
"../../../Engine/Content/EngineMaterials/Substrate/Glints2/dict_0006_0215.uasset" 10031
"../../../Engine/Content/EngineMaterials/Substrate/Glints2/dict_0006_0214.uasset" 10032
"/Engine/EngineMaterials/Substrate/Glints2/dict_0006_0193" 10033
"/Engine/EngineMaterials/Substrate/Glints2/dict_0006_0192" 10034
"/Engine/EngineMaterials/Substrate/Glints2/dict_0006_0191" 10035
"/Engine/EngineMaterials/Substrate/Glints2/dict_0006_0190" 10036
"/Engine/EngineMaterials/Substrate/Glints2/dict_0006_0189" 10037
"/Engine/EngineMaterials/Substrate/Glints2/dict_0006_0188" 10038
"/Engine/EngineMaterials/Substrate/Glints2/dict_0006_0219" 10039
"../../../Engine/Content/EngineMaterials/Substrate/Glints2/dict_0006_0223.uasset" 10040
"../../../Engine/Content/EngineMaterials/Substrate/Glints2/dict_0006_0225.uasset" 10041
"../../../Engine/Content/EngineMaterials/Substrate/Glints2/dict_0006_0224.uasset" 10042
"../../../Engine/Content/EngineMaterials/Substrate/Glints2/dict_0006_0222.uasset" 10043
"../../../Engine/Content/EngineMaterials/Substrate/Glints2/dict_0006_0221.uasset" 10044
"../../../Engine/Content/EngineMaterials/Substrate/Glints2/dict_0006_0220.uasset" 10045
"../../../Engine/Content/EngineMaterials/Substrate/Glints2/dict_0006_0226.uasset" 10046
"../../../Engine/Content/EngineMaterials/Substrate/Glints2/dict_0006_0227.uasset" 10047
"/Engine/EngineMaterials/Substrate/Glints2/dict_0006_0218" 10048
"/Engine/EngineMaterials/Substrate/Glints2/dict_0006_0217" 10049
"/Engine/EngineMaterials/Substrate/Glints2/dict_0006_0216" 10050
"/Engine/EngineMaterials/Substrate/Glints2/dict_0006_0215" 10051
"/Engine/EngineMaterials/Substrate/Glints2/dict_0006_0214" 10052
"/Engine/EngineMaterials/Substrate/Glints2/dict_0006_0213" 10053
"/Engine/EngineMaterials/Substrate/Glints2/dict_0006_0212" 10054
"/Engine/EngineMaterials/Substrate/Glints2/dict_0006_0211" 10055
"/Engine/EngineMaterials/Substrate/Glints2/dict_0006_0210" 10056
"/Engine/EngineMaterials/Substrate/Glints2/dict_0006_0209" 10057
"/Engine/EngineMaterials/Substrate/Glints2/dict_0006_0208" 10058
"/Engine/EngineMaterials/Substrate/Glints2/dict_0006_0207" 10059
"/Engine/EngineMaterials/Substrate/Glints2/dict_0006_0206" 10060
"/Engine/EngineMaterials/Substrate/Glints2/dict_0006_0205" 10061
"/Engine/EngineMaterials/Substrate/Glints2/dict_0006_0204" 10062
"/Engine/EngineMaterials/Substrate/Glints2/dict_0006_0203" 10063
"/Engine/EngineMaterials/Substrate/Glints2/dict_0006_0202" 10064
"/Engine/EngineMaterials/Substrate/Glints2/dict_0006_0201" 10065
"/Engine/EngineMaterials/Substrate/Glints2/dict_0006_0200" 10066
"/Engine/EngineMaterials/Substrate/Glints2/dict_0006_0199" 10067
"/Engine/EngineMaterials/Substrate/Glints2/dict_0006_0198" 10068
"/Engine/EngineMaterials/Substrate/Glints2/dict_0006_0197" 10069
"/Engine/EngineMaterials/Substrate/Glints2/dict_0006_0196" 10070
"../../../Engine/Content/EngineMaterials/Substrate/Glints2/dict_0006_0228.uasset" 10071
"../../../Engine/Content/EngineMaterials/Substrate/Glints2/dict_0006_0234.uasset" 10072
"/Engine/EngineMaterials/Substrate/Glints2/dict_0006_0227" 10073
"../../../Engine/Content/EngineMaterials/Substrate/Glints2/dict_0006_0235.uasset" 10074
"../../../Engine/Content/EngineMaterials/Substrate/Glints2/dict_0006_0231.uasset" 10075
"../../../Engine/Content/EngineMaterials/Substrate/Glints2/dict_0006_0230.uasset" 10076
"../../../Engine/Content/EngineMaterials/Substrate/Glints2/dict_0006_0240.uasset" 10077
"../../../Engine/Content/EngineMaterials/Substrate/Glints2/dict_0006_0236.uasset" 10078
"../../../Engine/Content/EngineMaterials/Substrate/Glints2/dict_0006_0237.uasset" 10079
"../../../Engine/Content/EngineMaterials/Substrate/Glints2/dict_0006_0229.uasset" 10080
"../../../Engine/Content/EngineMaterials/Substrate/Glints2/dict_0006_0244.uasset" 10081
"../../../Engine/Content/EngineMaterials/Substrate/Glints2/dict_0006_0239.uasset" 10082
"../../../Engine/Content/EngineMaterials/Substrate/Glints2/dict_0006_0245.uasset" 10083
"../../../Engine/Content/EngineMaterials/Substrate/Glints2/dict_0006_0246.uasset" 10084
"../../../Engine/Content/EngineMaterials/Substrate/Glints2/dict_0006_0242.uasset" 10085
"../../../Engine/Content/EngineMaterials/Substrate/Glints2/dict_0006_0248.uasset" 10086
"../../../Engine/Content/EngineMaterials/Substrate/Glints2/dict_0006_0250.uasset" 10087
"../../../Engine/Content/EngineMaterials/Substrate/Glints2/dict_0006_0243.uasset" 10088
"../../../Engine/Content/EngineMaterials/Substrate/Glints2/dict_0006_0249.uasset" 10089
"../../../Engine/Content/EngineMaterials/Substrate/Glints2/dict_0006_0247.uasset" 10090
"../../../Engine/Content/EngineMaterials/Substrate/Glints2/dict_0006_0233.uasset" 10091
"../../../Engine/Content/EngineMaterials/Substrate/Glints2/dict_0006_0232.uasset" 10092
"/Engine/EngineMaterials/Substrate/Glints2/dict_0006_0226" 10093
"../../../Engine/Content/EngineMaterials/Substrate/Glints2/dict_0006_0251.uasset" 10094
"../../../Engine/Content/EngineMaterials/Substrate/Glints2/dict_0006_0238.uasset" 10095
"../../../Engine/Content/EngineMaterials/Substrate/Glints2/dict_0006_0241.uasset" 10096
"/Engine/EngineMaterials/Substrate/Glints2/dict_0006_0225" 10097
"/Engine/EngineMaterials/Substrate/Glints2/dict_0006_0224" 10098
"/Engine/EngineMaterials/Substrate/Glints2/dict_0006_0223" 10099
"/Engine/EngineMaterials/Substrate/Glints2/dict_0006_0222" 10100
"/Engine/EngineMaterials/Substrate/Glints2/dict_0006_0221" 10101
"/Engine/EngineMaterials/Substrate/Glints2/dict_0006_0220" 10102
"/Engine/EngineMaterials/Substrate/Glints2/dict_0006_0251" 10103
"../../../Engine/Content/EngineMaterials/Substrate/Glints2/dict_0007_0001.uasset" 10104
"../../../Engine/Content/EngineMaterials/Substrate/Glints2/dict_0007_0000.uasset" 10105
"../../../Engine/Content/EngineMaterials/Substrate/Glints2/dict_0007_0002.uasset" 10106
"../../../Engine/Content/EngineMaterials/Substrate/Glints2/dict_0006_0252.uasset" 10107
"../../../Engine/Content/EngineMaterials/Substrate/Glints2/dict_0006_0255.uasset" 10108
"../../../Engine/Content/EngineMaterials/Substrate/Glints2/dict_0007_0003.uasset" 10109
"../../../Engine/Content/EngineMaterials/Substrate/Glints2/dict_0006_0253.uasset" 10110
"../../../Engine/Content/EngineMaterials/Substrate/Glints2/dict_0006_0254.uasset" 10111
"/Engine/EngineMaterials/Substrate/Glints2/dict_0006_0250" 10112
"/Engine/EngineMaterials/Substrate/Glints2/dict_0006_0249" 10113
"/Engine/EngineMaterials/Substrate/Glints2/dict_0006_0248" 10114
"/Engine/EngineMaterials/Substrate/Glints2/dict_0006_0247" 10115
"/Engine/EngineMaterials/Substrate/Glints2/dict_0006_0246" 10116
"/Engine/EngineMaterials/Substrate/Glints2/dict_0006_0245" 10117
"/Engine/EngineMaterials/Substrate/Glints2/dict_0006_0244" 10118
"/Engine/EngineMaterials/Substrate/Glints2/dict_0006_0243" 10119
"/Engine/EngineMaterials/Substrate/Glints2/dict_0006_0242" 10120
"/Engine/EngineMaterials/Substrate/Glints2/dict_0006_0241" 10121
"/Engine/EngineMaterials/Substrate/Glints2/dict_0006_0240" 10122
"/Engine/EngineMaterials/Substrate/Glints2/dict_0006_0239" 10123
"/Engine/EngineMaterials/Substrate/Glints2/dict_0006_0238" 10124
"/Engine/EngineMaterials/Substrate/Glints2/dict_0006_0237" 10125
"/Engine/EngineMaterials/Substrate/Glints2/dict_0006_0236" 10126
"/Engine/EngineMaterials/Substrate/Glints2/dict_0006_0235" 10127
"/Engine/EngineMaterials/Substrate/Glints2/dict_0006_0234" 10128
"/Engine/EngineMaterials/Substrate/Glints2/dict_0006_0233" 10129
"/Engine/EngineMaterials/Substrate/Glints2/dict_0006_0232" 10130
"/Engine/EngineMaterials/Substrate/Glints2/dict_0006_0231" 10131
"/Engine/EngineMaterials/Substrate/Glints2/dict_0006_0230" 10132
"/Engine/EngineMaterials/Substrate/Glints2/dict_0006_0229" 10133
"/Engine/EngineMaterials/Substrate/Glints2/dict_0006_0228" 10134
"/Engine/EngineMaterials/Substrate/Glints2/dict_0007_0003" 10135
"../../../Engine/Content/EngineMaterials/Substrate/Glints2/dict_0007_0011.uasset" 10136
"../../../Engine/Content/EngineMaterials/Substrate/Glints2/dict_0007_0016.uasset" 10137
"../../../Engine/Content/EngineMaterials/Substrate/Glints2/dict_0007_0006.uasset" 10138
"../../../Engine/Content/EngineMaterials/Substrate/Glints2/dict_0007_0017.uasset" 10139
"../../../Engine/Content/EngineMaterials/Substrate/Glints2/dict_0007_0019.uasset" 10140
"../../../Engine/Content/EngineMaterials/Substrate/Glints2/dict_0007_0012.uasset" 10141
"../../../Engine/Content/EngineMaterials/Substrate/Glints2/dict_0007_0014.uasset" 10142
"../../../Engine/Content/EngineMaterials/Substrate/Glints2/dict_0007_0010.uasset" 10143
"../../../Engine/Content/EngineMaterials/Substrate/Glints2/dict_0007_0015.uasset" 10144
"../../../Engine/Content/EngineMaterials/Substrate/Glints2/dict_0007_0013.uasset" 10145
"../../../Engine/Content/EngineMaterials/Substrate/Glints2/dict_0007_0023.uasset" 10146
"../../../Engine/Content/EngineMaterials/Substrate/Glints2/dict_0007_0020.uasset" 10147
"../../../Engine/Content/EngineMaterials/Substrate/Glints2/dict_0007_0008.uasset" 10148
"../../../Engine/Content/EngineMaterials/Substrate/Glints2/dict_0007_0007.uasset" 10149
"../../../Engine/Content/EngineMaterials/Substrate/Glints2/dict_0007_0026.uasset" 10150
"../../../Engine/Content/EngineMaterials/Substrate/Glints2/dict_0007_0004.uasset" 10151
"../../../Engine/Content/EngineMaterials/Substrate/Glints2/dict_0007_0024.uasset" 10152
"../../../Engine/Content/EngineMaterials/Substrate/Glints2/dict_0007_0021.uasset" 10153
"../../../Engine/Content/EngineMaterials/Substrate/Glints2/dict_0007_0005.uasset" 10154
"../../../Engine/Content/EngineMaterials/Substrate/Glints2/dict_0007_0018.uasset" 10155
"../../../Engine/Content/EngineMaterials/Substrate/Glints2/dict_0007_0009.uasset" 10156
"/Engine/EngineMaterials/Substrate/Glints2/dict_0007_0002" 10157
"../../../Engine/Content/EngineMaterials/Substrate/Glints2/dict_0007_0022.uasset" 10158
"../../../Engine/Content/EngineMaterials/Substrate/Glints2/dict_0007_0025.uasset" 10159
"../../../Engine/Content/EngineMaterials/Substrate/Glints2/dict_0007_0027.uasset" 10160
"/Engine/EngineMaterials/Substrate/Glints2/dict_0007_0001" 10161
"/Engine/EngineMaterials/Substrate/Glints2/dict_0007_0000" 10162
"/Engine/EngineMaterials/Substrate/Glints2/dict_0006_0255" 10163
"/Engine/EngineMaterials/Substrate/Glints2/dict_0006_0254" 10164
"/Engine/EngineMaterials/Substrate/Glints2/dict_0006_0253" 10165
"/Engine/EngineMaterials/Substrate/Glints2/dict_0006_0252" 10166
"../../../Engine/Content/EngineMaterials/Substrate/Glints2/dict_0007_0032.uasset" 10167
"/Engine/EngineMaterials/Substrate/Glints2/dict_0007_0027" 10168
"../../../Engine/Content/EngineMaterials/Substrate/Glints2/dict_0007_0029.uasset" 10169
"../../../Engine/Content/EngineMaterials/Substrate/Glints2/dict_0007_0033.uasset" 10170
"../../../Engine/Content/EngineMaterials/Substrate/Glints2/dict_0007_0030.uasset" 10171
"../../../Engine/Content/EngineMaterials/Substrate/Glints2/dict_0007_0035.uasset" 10172
"../../../Engine/Content/EngineMaterials/Substrate/Glints2/dict_0007_0034.uasset" 10173
"../../../Engine/Content/EngineMaterials/Substrate/Glints2/dict_0007_0028.uasset" 10174
"../../../Engine/Content/EngineMaterials/Substrate/Glints2/dict_0007_0031.uasset" 10175
"/Engine/EngineMaterials/Substrate/Glints2/dict_0007_0026" 10176
"/Engine/EngineMaterials/Substrate/Glints2/dict_0007_0025" 10177
"/Engine/EngineMaterials/Substrate/Glints2/dict_0007_0024" 10178
"/Engine/EngineMaterials/Substrate/Glints2/dict_0007_0023" 10179
"/Engine/EngineMaterials/Substrate/Glints2/dict_0007_0022" 10180
"/Engine/EngineMaterials/Substrate/Glints2/dict_0007_0021" 10181
"/Engine/EngineMaterials/Substrate/Glints2/dict_0007_0020" 10182
"/Engine/EngineMaterials/Substrate/Glints2/dict_0007_0019" 10183
"/Engine/EngineMaterials/Substrate/Glints2/dict_0007_0018" 10184
"/Engine/EngineMaterials/Substrate/Glints2/dict_0007_0017" 10185
"/Engine/EngineMaterials/Substrate/Glints2/dict_0007_0016" 10186
"/Engine/EngineMaterials/Substrate/Glints2/dict_0007_0015" 10187
"/Engine/EngineMaterials/Substrate/Glints2/dict_0007_0014" 10188
"/Engine/EngineMaterials/Substrate/Glints2/dict_0007_0013" 10189
"/Engine/EngineMaterials/Substrate/Glints2/dict_0007_0012" 10190
"/Engine/EngineMaterials/Substrate/Glints2/dict_0007_0011" 10191
"/Engine/EngineMaterials/Substrate/Glints2/dict_0007_0010" 10192
"/Engine/EngineMaterials/Substrate/Glints2/dict_0007_0009" 10193
"/Engine/EngineMaterials/Substrate/Glints2/dict_0007_0008" 10194
"/Engine/EngineMaterials/Substrate/Glints2/dict_0007_0007" 10195
"/Engine/EngineMaterials/Substrate/Glints2/dict_0007_0006" 10196
"/Engine/EngineMaterials/Substrate/Glints2/dict_0007_0005" 10197
"/Engine/EngineMaterials/Substrate/Glints2/dict_0007_0004" 10198
"/Engine/EngineMaterials/Substrate/Glints2/dict_0007_0035" 10199
"../../../Engine/Content/EngineMaterials/Substrate/Glints2/dict_0007_0049.uasset" 10200
"../../../Engine/Content/EngineMaterials/Substrate/Glints2/dict_0007_0041.uasset" 10201
"../../../Engine/Content/EngineMaterials/Substrate/Glints2/dict_0007_0052.uasset" 10202
"../../../Engine/Content/EngineMaterials/Substrate/Glints2/dict_0007_0036.uasset" 10203
"../../../Engine/Content/EngineMaterials/Substrate/Glints2/dict_0007_0045.uasset" 10204
"../../../Engine/Content/EngineMaterials/Substrate/Glints2/dict_0007_0050.uasset" 10205
"../../../Engine/Content/EngineMaterials/Substrate/Glints2/dict_0007_0048.uasset" 10206
"../../../Engine/Content/EngineMaterials/Substrate/Glints2/dict_0007_0046.uasset" 10207
"../../../Engine/Content/EngineMaterials/Substrate/Glints2/dict_0007_0055.uasset" 10208
"../../../Engine/Content/EngineMaterials/Substrate/Glints2/dict_0007_0054.uasset" 10209
"../../../Engine/Content/EngineMaterials/Substrate/Glints2/dict_0007_0039.uasset" 10210
"../../../Engine/Content/EngineMaterials/Substrate/Glints2/dict_0007_0042.uasset" 10211
"../../../Engine/Content/EngineMaterials/Substrate/Glints2/dict_0007_0051.uasset" 10212
"../../../Engine/Content/EngineMaterials/Substrate/Glints2/dict_0007_0040.uasset" 10213
"/Engine/EngineMaterials/Substrate/Glints2/dict_0007_0034" 10214
"../../../Engine/Content/EngineMaterials/Substrate/Glints2/dict_0007_0057.uasset" 10215
"../../../Engine/Content/EngineMaterials/Substrate/Glints2/dict_0007_0059.uasset" 10216
"../../../Engine/Content/EngineMaterials/Substrate/Glints2/dict_0007_0047.uasset" 10217
"../../../Engine/Content/EngineMaterials/Substrate/Glints2/dict_0007_0058.uasset" 10218
"../../../Engine/Content/EngineMaterials/Substrate/Glints2/dict_0007_0038.uasset" 10219
"../../../Engine/Content/EngineMaterials/Substrate/Glints2/dict_0007_0056.uasset" 10220
"../../../Engine/Content/EngineMaterials/Substrate/Glints2/dict_0007_0037.uasset" 10221
"../../../Engine/Content/EngineMaterials/Substrate/Glints2/dict_0007_0053.uasset" 10222
"../../../Engine/Content/EngineMaterials/Substrate/Glints2/dict_0007_0043.uasset" 10223
"../../../Engine/Content/EngineMaterials/Substrate/Glints2/dict_0007_0044.uasset" 10224
"/Engine/EngineMaterials/Substrate/Glints2/dict_0007_0033" 10225
"/Engine/EngineMaterials/Substrate/Glints2/dict_0007_0032" 10226
"/Engine/EngineMaterials/Substrate/Glints2/dict_0007_0031" 10227
"/Engine/EngineMaterials/Substrate/Glints2/dict_0007_0030" 10228
"/Engine/EngineMaterials/Substrate/Glints2/dict_0007_0029" 10229
"/Engine/EngineMaterials/Substrate/Glints2/dict_0007_0028" 10230
"/Engine/EngineMaterials/Substrate/Glints2/dict_0007_0059" 10231
"../../../Engine/Content/EngineMaterials/Substrate/Glints2/dict_0007_0061.uasset" 10232
"../../../Engine/Content/EngineMaterials/Substrate/Glints2/dict_0007_0065.uasset" 10233
"../../../Engine/Content/EngineMaterials/Substrate/Glints2/dict_0007_0064.uasset" 10234
"../../../Engine/Content/EngineMaterials/Substrate/Glints2/dict_0007_0062.uasset" 10235
"../../../Engine/Content/EngineMaterials/Substrate/Glints2/dict_0007_0066.uasset" 10236
"../../../Engine/Content/EngineMaterials/Substrate/Glints2/dict_0007_0067.uasset" 10237
"../../../Engine/Content/EngineMaterials/Substrate/Glints2/dict_0007_0063.uasset" 10238
"../../../Engine/Content/EngineMaterials/Substrate/Glints2/dict_0007_0060.uasset" 10239
"/Engine/EngineMaterials/Substrate/Glints2/dict_0007_0058" 10240
"/Engine/EngineMaterials/Substrate/Glints2/dict_0007_0057" 10241
"/Engine/EngineMaterials/Substrate/Glints2/dict_0007_0056" 10242
"/Engine/EngineMaterials/Substrate/Glints2/dict_0007_0055" 10243
"/Engine/EngineMaterials/Substrate/Glints2/dict_0007_0054" 10244
"/Engine/EngineMaterials/Substrate/Glints2/dict_0007_0053" 10245
"/Engine/EngineMaterials/Substrate/Glints2/dict_0007_0052" 10246
"/Engine/EngineMaterials/Substrate/Glints2/dict_0007_0051" 10247
"/Engine/EngineMaterials/Substrate/Glints2/dict_0007_0050" 10248
"/Engine/EngineMaterials/Substrate/Glints2/dict_0007_0049" 10249
"/Engine/EngineMaterials/Substrate/Glints2/dict_0007_0048" 10250
"/Engine/EngineMaterials/Substrate/Glints2/dict_0007_0047" 10251
"/Engine/EngineMaterials/Substrate/Glints2/dict_0007_0046" 10252
"/Engine/EngineMaterials/Substrate/Glints2/dict_0007_0045" 10253
"/Engine/EngineMaterials/Substrate/Glints2/dict_0007_0044" 10254
"/Engine/EngineMaterials/Substrate/Glints2/dict_0007_0043" 10255
"/Engine/EngineMaterials/Substrate/Glints2/dict_0007_0042" 10256
"/Engine/EngineMaterials/Substrate/Glints2/dict_0007_0041" 10257
"/Engine/EngineMaterials/Substrate/Glints2/dict_0007_0040" 10258
"/Engine/EngineMaterials/Substrate/Glints2/dict_0007_0039" 10259
"/Engine/EngineMaterials/Substrate/Glints2/dict_0007_0038" 10260
"/Engine/EngineMaterials/Substrate/Glints2/dict_0007_0037" 10261
"/Engine/EngineMaterials/Substrate/Glints2/dict_0007_0036" 10262
"/Engine/EngineMaterials/Substrate/Glints2/dict_0007_0067" 10263
"../../../Engine/Content/EngineMaterials/Substrate/Glints2/dict_0007_0077.uasset" 10264
"../../../Engine/Content/EngineMaterials/Substrate/Glints2/dict_0007_0073.uasset" 10265
"../../../Engine/Content/EngineMaterials/Substrate/Glints2/dict_0007_0080.uasset" 10266
"../../../Engine/Content/EngineMaterials/Substrate/Glints2/dict_0007_0076.uasset" 10267
"../../../Engine/Content/EngineMaterials/Substrate/Glints2/dict_0007_0078.uasset" 10268
"../../../Engine/Content/EngineMaterials/Substrate/Glints2/dict_0007_0074.uasset" 10269
"../../../Engine/Content/EngineMaterials/Substrate/Glints2/dict_0007_0070.uasset" 10270
"../../../Engine/Content/EngineMaterials/Substrate/Glints2/dict_0007_0084.uasset" 10271
"../../../Engine/Content/EngineMaterials/Substrate/Glints2/dict_0007_0071.uasset" 10272
"../../../Engine/Content/EngineMaterials/Substrate/Glints2/dict_0007_0085.uasset" 10273
"../../../Engine/Content/EngineMaterials/Substrate/Glints2/dict_0007_0069.uasset" 10274
"../../../Engine/Content/EngineMaterials/Substrate/Glints2/dict_0007_0068.uasset" 10275
"../../../Engine/Content/EngineMaterials/Substrate/Glints2/dict_0007_0083.uasset" 10276
"../../../Engine/Content/EngineMaterials/Substrate/Glints2/dict_0007_0088.uasset" 10277
"../../../Engine/Content/EngineMaterials/Substrate/Glints2/dict_0007_0087.uasset" 10278
"../../../Engine/Content/EngineMaterials/Substrate/Glints2/dict_0007_0091.uasset" 10279
"../../../Engine/Content/EngineMaterials/Substrate/Glints2/dict_0007_0090.uasset" 10280
"../../../Engine/Content/EngineMaterials/Substrate/Glints2/dict_0007_0089.uasset" 10281
"../../../Engine/Content/EngineMaterials/Substrate/Glints2/dict_0007_0086.uasset" 10282
"../../../Engine/Content/EngineMaterials/Substrate/Glints2/dict_0007_0082.uasset" 10283
"../../../Engine/Content/EngineMaterials/Substrate/Glints2/dict_0007_0079.uasset" 10284
"../../../Engine/Content/EngineMaterials/Substrate/Glints2/dict_0007_0081.uasset" 10285
"/Engine/EngineMaterials/Substrate/Glints2/dict_0007_0066" 10286
"../../../Engine/Content/EngineMaterials/Substrate/Glints2/dict_0007_0075.uasset" 10287
"../../../Engine/Content/EngineMaterials/Substrate/Glints2/dict_0007_0072.uasset" 10288
"/Engine/EngineMaterials/Substrate/Glints2/dict_0007_0065" 10289
"/Engine/EngineMaterials/Substrate/Glints2/dict_0007_0064" 10290
"/Engine/EngineMaterials/Substrate/Glints2/dict_0007_0063" 10291
"/Engine/EngineMaterials/Substrate/Glints2/dict_0007_0062" 10292
"/Engine/EngineMaterials/Substrate/Glints2/dict_0007_0061" 10293
"/Engine/EngineMaterials/Substrate/Glints2/dict_0007_0060" 10294
"/Engine/EngineMaterials/Substrate/Glints2/dict_0007_0091" 10295
"../../../Engine/Content/EngineMaterials/Substrate/Glints2/dict_0007_0094.uasset" 10296
"../../../Engine/Content/EngineMaterials/Substrate/Glints2/dict_0007_0098.uasset" 10297
"../../../Engine/Content/EngineMaterials/Substrate/Glints2/dict_0007_0095.uasset" 10298
"../../../Engine/Content/EngineMaterials/Substrate/Glints2/dict_0007_0096.uasset" 10299
"../../../Engine/Content/EngineMaterials/Substrate/Glints2/dict_0007_0093.uasset" 10300
"../../../Engine/Content/EngineMaterials/Substrate/Glints2/dict_0007_0097.uasset" 10301
"../../../Engine/Content/EngineMaterials/Substrate/Glints2/dict_0007_0099.uasset" 10302
"../../../Engine/Content/EngineMaterials/Substrate/Glints2/dict_0007_0092.uasset" 10303
"/Engine/EngineMaterials/Substrate/Glints2/dict_0007_0090" 10304
"/Engine/EngineMaterials/Substrate/Glints2/dict_0007_0089" 10305
"/Engine/EngineMaterials/Substrate/Glints2/dict_0007_0088" 10306
"/Engine/EngineMaterials/Substrate/Glints2/dict_0007_0087" 10307
"/Engine/EngineMaterials/Substrate/Glints2/dict_0007_0086" 10308
"/Engine/EngineMaterials/Substrate/Glints2/dict_0007_0085" 10309
"/Engine/EngineMaterials/Substrate/Glints2/dict_0007_0084" 10310
"/Engine/EngineMaterials/Substrate/Glints2/dict_0007_0083" 10311
"/Engine/EngineMaterials/Substrate/Glints2/dict_0007_0082" 10312
"/Engine/EngineMaterials/Substrate/Glints2/dict_0007_0081" 10313
"/Engine/EngineMaterials/Substrate/Glints2/dict_0007_0080" 10314
"/Engine/EngineMaterials/Substrate/Glints2/dict_0007_0079" 10315
"/Engine/EngineMaterials/Substrate/Glints2/dict_0007_0078" 10316
"/Engine/EngineMaterials/Substrate/Glints2/dict_0007_0077" 10317
"/Engine/EngineMaterials/Substrate/Glints2/dict_0007_0076" 10318
"/Engine/EngineMaterials/Substrate/Glints2/dict_0007_0075" 10319
"/Engine/EngineMaterials/Substrate/Glints2/dict_0007_0074" 10320
"/Engine/EngineMaterials/Substrate/Glints2/dict_0007_0073" 10321
"/Engine/EngineMaterials/Substrate/Glints2/dict_0007_0072" 10322
"/Engine/EngineMaterials/Substrate/Glints2/dict_0007_0071" 10323
"/Engine/EngineMaterials/Substrate/Glints2/dict_0007_0070" 10324
"/Engine/EngineMaterials/Substrate/Glints2/dict_0007_0069" 10325
"/Engine/EngineMaterials/Substrate/Glints2/dict_0007_0068" 10326
"/Engine/EngineMaterials/Substrate/Glints2/dict_0007_0099" 10327
"../../../Engine/Content/EngineMaterials/Substrate/Glints2/dict_0007_0103.uasset" 10328
"../../../Engine/Content/EngineMaterials/Substrate/Glints2/dict_0007_0111.uasset" 10329
"../../../Engine/Content/EngineMaterials/Substrate/Glints2/dict_0007_0109.uasset" 10330
"../../../Engine/Content/EngineMaterials/Substrate/Glints2/dict_0007_0105.uasset" 10331
"../../../Engine/Content/EngineMaterials/Substrate/Glints2/dict_0007_0108.uasset" 10332
"../../../Engine/Content/EngineMaterials/Substrate/Glints2/dict_0007_0116.uasset" 10333
"../../../Engine/Content/EngineMaterials/Substrate/Glints2/dict_0007_0110.uasset" 10334
"../../../Engine/Content/EngineMaterials/Substrate/Glints2/dict_0007_0106.uasset" 10335
"../../../Engine/Content/EngineMaterials/Substrate/Glints2/dict_0007_0114.uasset" 10336
"../../../Engine/Content/EngineMaterials/Substrate/Glints2/dict_0007_0107.uasset" 10337
"../../../Engine/Content/EngineMaterials/Substrate/Glints2/dict_0007_0102.uasset" 10338
"../../../Engine/Content/EngineMaterials/Substrate/Glints2/dict_0007_0115.uasset" 10339
"../../../Engine/Content/EngineMaterials/Substrate/Glints2/dict_0007_0112.uasset" 10340
"/Engine/EngineMaterials/Substrate/Glints2/dict_0007_0098" 10341
"../../../Engine/Content/EngineMaterials/Substrate/Glints2/dict_0007_0119.uasset" 10342
"../../../Engine/Content/EngineMaterials/Substrate/Glints2/dict_0007_0117.uasset" 10343
"../../../Engine/Content/EngineMaterials/Substrate/Glints2/dict_0007_0120.uasset" 10344
"../../../Engine/Content/EngineMaterials/Substrate/Glints2/dict_0007_0121.uasset" 10345
"../../../Engine/Content/EngineMaterials/Substrate/Glints2/dict_0007_0104.uasset" 10346
"../../../Engine/Content/EngineMaterials/Substrate/Glints2/dict_0007_0100.uasset" 10347
"../../../Engine/Content/EngineMaterials/Substrate/Glints2/dict_0007_0113.uasset" 10348
"../../../Engine/Content/EngineMaterials/Substrate/Glints2/dict_0007_0118.uasset" 10349
"../../../Engine/Content/EngineMaterials/Substrate/Glints2/dict_0007_0101.uasset" 10350
"../../../Engine/Content/EngineMaterials/Substrate/Glints2/dict_0007_0122.uasset" 10351
"../../../Engine/Content/EngineMaterials/Substrate/Glints2/dict_0007_0123.uasset" 10352
"/Engine/EngineMaterials/Substrate/Glints2/dict_0007_0097" 10353
"/Engine/EngineMaterials/Substrate/Glints2/dict_0007_0096" 10354
"/Engine/EngineMaterials/Substrate/Glints2/dict_0007_0095" 10355
"/Engine/EngineMaterials/Substrate/Glints2/dict_0007_0094" 10356
"/Engine/EngineMaterials/Substrate/Glints2/dict_0007_0093" 10357
"/Engine/EngineMaterials/Substrate/Glints2/dict_0007_0092" 10358
"/Engine/EngineMaterials/Substrate/Glints2/dict_0007_0123" 10359
"../../../Engine/Content/EngineMaterials/Substrate/Glints2/dict_0007_0126.uasset" 10360
"../../../Engine/Content/EngineMaterials/Substrate/Glints2/dict_0007_0127.uasset" 10361
"../../../Engine/Content/EngineMaterials/Substrate/Glints2/dict_0007_0128.uasset" 10362
"../../../Engine/Content/EngineMaterials/Substrate/Glints2/dict_0007_0125.uasset" 10363
"../../../Engine/Content/EngineMaterials/Substrate/Glints2/dict_0007_0131.uasset" 10364
"../../../Engine/Content/EngineMaterials/Substrate/Glints2/dict_0007_0129.uasset" 10365
"../../../Engine/Content/EngineMaterials/Substrate/Glints2/dict_0007_0130.uasset" 10366
"../../../Engine/Content/EngineMaterials/Substrate/Glints2/dict_0007_0124.uasset" 10367
"/Engine/EngineMaterials/Substrate/Glints2/dict_0007_0122" 10368
"/Engine/EngineMaterials/Substrate/Glints2/dict_0007_0121" 10369
"/Engine/EngineMaterials/Substrate/Glints2/dict_0007_0120" 10370
"/Engine/EngineMaterials/Substrate/Glints2/dict_0007_0119" 10371
"/Engine/EngineMaterials/Substrate/Glints2/dict_0007_0118" 10372
"/Engine/EngineMaterials/Substrate/Glints2/dict_0007_0117" 10373
"/Engine/EngineMaterials/Substrate/Glints2/dict_0007_0116" 10374
"/Engine/EngineMaterials/Substrate/Glints2/dict_0007_0115" 10375
"/Engine/EngineMaterials/Substrate/Glints2/dict_0007_0114" 10376
"/Engine/EngineMaterials/Substrate/Glints2/dict_0007_0113" 10377
"/Engine/EngineMaterials/Substrate/Glints2/dict_0007_0112" 10378
"/Engine/EngineMaterials/Substrate/Glints2/dict_0007_0111" 10379
"/Engine/EngineMaterials/Substrate/Glints2/dict_0007_0110" 10380
"/Engine/EngineMaterials/Substrate/Glints2/dict_0007_0109" 10381
"/Engine/EngineMaterials/Substrate/Glints2/dict_0007_0108" 10382
"/Engine/EngineMaterials/Substrate/Glints2/dict_0007_0107" 10383
"/Engine/EngineMaterials/Substrate/Glints2/dict_0007_0106" 10384
"/Engine/EngineMaterials/Substrate/Glints2/dict_0007_0105" 10385
"/Engine/EngineMaterials/Substrate/Glints2/dict_0007_0104" 10386
"/Engine/EngineMaterials/Substrate/Glints2/dict_0007_0103" 10387
"/Engine/EngineMaterials/Substrate/Glints2/dict_0007_0102" 10388
"/Engine/EngineMaterials/Substrate/Glints2/dict_0007_0101" 10389
"/Engine/EngineMaterials/Substrate/Glints2/dict_0007_0100" 10390
"/Engine/EngineMaterials/Substrate/Glints2/dict_0007_0131" 10391
"../../../Engine/Content/EngineMaterials/Substrate/Glints2/dict_0007_0136.uasset" 10392
"../../../Engine/Content/EngineMaterials/Substrate/Glints2/dict_0007_0149.uasset" 10393
"../../../Engine/Content/EngineMaterials/Substrate/Glints2/dict_0007_0142.uasset" 10394
"../../../Engine/Content/EngineMaterials/Substrate/Glints2/dict_0007_0144.uasset" 10395
"../../../Engine/Content/EngineMaterials/Substrate/Glints2/dict_0007_0135.uasset" 10396
"../../../Engine/Content/EngineMaterials/Substrate/Glints2/dict_0007_0141.uasset" 10397
"../../../Engine/Content/EngineMaterials/Substrate/Glints2/dict_0007_0133.uasset" 10398
"../../../Engine/Content/EngineMaterials/Substrate/Glints2/dict_0007_0134.uasset" 10399
"../../../Engine/Content/EngineMaterials/Substrate/Glints2/dict_0007_0146.uasset" 10400
"../../../Engine/Content/EngineMaterials/Substrate/Glints2/dict_0007_0150.uasset" 10401
"../../../Engine/Content/EngineMaterials/Substrate/Glints2/dict_0007_0148.uasset" 10402
"../../../Engine/Content/EngineMaterials/Substrate/Glints2/dict_0007_0152.uasset" 10403
"/Engine/EngineMaterials/Substrate/Glints2/dict_0007_0130" 10404
"../../../Engine/Content/EngineMaterials/Substrate/Glints2/dict_0007_0137.uasset" 10405
"../../../Engine/Content/EngineMaterials/Substrate/Glints2/dict_0007_0155.uasset" 10406
"../../../Engine/Content/EngineMaterials/Substrate/Glints2/dict_0007_0147.uasset" 10407
"../../../Engine/Content/EngineMaterials/Substrate/Glints2/dict_0007_0153.uasset" 10408
"../../../Engine/Content/EngineMaterials/Substrate/Glints2/dict_0007_0132.uasset" 10409
"../../../Engine/Content/EngineMaterials/Substrate/Glints2/dict_0007_0151.uasset" 10410
"../../../Engine/Content/EngineMaterials/Substrate/Glints2/dict_0007_0140.uasset" 10411
"../../../Engine/Content/EngineMaterials/Substrate/Glints2/dict_0007_0138.uasset" 10412
"../../../Engine/Content/EngineMaterials/Substrate/Glints2/dict_0007_0143.uasset" 10413
"../../../Engine/Content/EngineMaterials/Substrate/Glints2/dict_0007_0145.uasset" 10414
"../../../Engine/Content/EngineMaterials/Substrate/Glints2/dict_0007_0139.uasset" 10415
"../../../Engine/Content/EngineMaterials/Substrate/Glints2/dict_0007_0154.uasset" 10416
"/Engine/EngineMaterials/Substrate/Glints2/dict_0007_0129" 10417
"/Engine/EngineMaterials/Substrate/Glints2/dict_0007_0128" 10418
"/Engine/EngineMaterials/Substrate/Glints2/dict_0007_0127" 10419
"/Engine/EngineMaterials/Substrate/Glints2/dict_0007_0126" 10420
"/Engine/EngineMaterials/Substrate/Glints2/dict_0007_0125" 10421
"/Engine/EngineMaterials/Substrate/Glints2/dict_0007_0124" 10422
"/Engine/EngineMaterials/Substrate/Glints2/dict_0007_0155" 10423
"../../../Engine/Content/EngineMaterials/Substrate/Glints2/dict_0007_0157.uasset" 10424
"../../../Engine/Content/EngineMaterials/Substrate/Glints2/dict_0007_0159.uasset" 10425
"../../../Engine/Content/EngineMaterials/Substrate/Glints2/dict_0007_0163.uasset" 10426
"../../../Engine/Content/EngineMaterials/Substrate/Glints2/dict_0007_0158.uasset" 10427
"../../../Engine/Content/EngineMaterials/Substrate/Glints2/dict_0007_0160.uasset" 10428
"../../../Engine/Content/EngineMaterials/Substrate/Glints2/dict_0007_0162.uasset" 10429
"../../../Engine/Content/EngineMaterials/Substrate/Glints2/dict_0007_0156.uasset" 10430
"../../../Engine/Content/EngineMaterials/Substrate/Glints2/dict_0007_0161.uasset" 10431
"/Engine/EngineMaterials/Substrate/Glints2/dict_0007_0154" 10432
"/Engine/EngineMaterials/Substrate/Glints2/dict_0007_0153" 10433
"/Engine/EngineMaterials/Substrate/Glints2/dict_0007_0152" 10434
"/Engine/EngineMaterials/Substrate/Glints2/dict_0007_0151" 10435
"/Engine/EngineMaterials/Substrate/Glints2/dict_0007_0150" 10436
"/Engine/EngineMaterials/Substrate/Glints2/dict_0007_0149" 10437
"/Engine/EngineMaterials/Substrate/Glints2/dict_0007_0148" 10438
"/Engine/EngineMaterials/Substrate/Glints2/dict_0007_0147" 10439
"/Engine/EngineMaterials/Substrate/Glints2/dict_0007_0146" 10440
"/Engine/EngineMaterials/Substrate/Glints2/dict_0007_0145" 10441
"/Engine/EngineMaterials/Substrate/Glints2/dict_0007_0144" 10442
"/Engine/EngineMaterials/Substrate/Glints2/dict_0007_0143" 10443
"/Engine/EngineMaterials/Substrate/Glints2/dict_0007_0142" 10444
"/Engine/EngineMaterials/Substrate/Glints2/dict_0007_0141" 10445
"/Engine/EngineMaterials/Substrate/Glints2/dict_0007_0140" 10446
"/Engine/EngineMaterials/Substrate/Glints2/dict_0007_0139" 10447
"/Engine/EngineMaterials/Substrate/Glints2/dict_0007_0138" 10448
"/Engine/EngineMaterials/Substrate/Glints2/dict_0007_0137" 10449
"/Engine/EngineMaterials/Substrate/Glints2/dict_0007_0136" 10450
"/Engine/EngineMaterials/Substrate/Glints2/dict_0007_0135" 10451
"/Engine/EngineMaterials/Substrate/Glints2/dict_0007_0134" 10452
"/Engine/EngineMaterials/Substrate/Glints2/dict_0007_0133" 10453
"/Engine/EngineMaterials/Substrate/Glints2/dict_0007_0132" 10454
"/Engine/EngineMaterials/Substrate/Glints2/dict_0007_0163" 10455
"../../../Engine/Content/EngineMaterials/Substrate/Glints2/dict_0007_0171.uasset" 10456
"../../../Engine/Content/EngineMaterials/Substrate/Glints2/dict_0007_0168.uasset" 10457
"../../../Engine/Content/EngineMaterials/Substrate/Glints2/dict_0007_0169.uasset" 10458
"../../../Engine/Content/EngineMaterials/Substrate/Glints2/dict_0007_0178.uasset" 10459
"../../../Engine/Content/EngineMaterials/Substrate/Glints2/dict_0007_0181.uasset" 10460
"../../../Engine/Content/EngineMaterials/Substrate/Glints2/dict_0007_0180.uasset" 10461
"../../../Engine/Content/EngineMaterials/Substrate/Glints2/dict_0007_0185.uasset" 10462
"../../../Engine/Content/EngineMaterials/Substrate/Glints2/dict_0007_0179.uasset" 10463
"../../../Engine/Content/EngineMaterials/Substrate/Glints2/dict_0007_0184.uasset" 10464
"../../../Engine/Content/EngineMaterials/Substrate/Glints2/dict_0007_0172.uasset" 10465
"../../../Engine/Content/EngineMaterials/Substrate/Glints2/dict_0007_0173.uasset" 10466
"../../../Engine/Content/EngineMaterials/Substrate/Glints2/dict_0007_0167.uasset" 10467
"../../../Engine/Content/EngineMaterials/Substrate/Glints2/dict_0007_0177.uasset" 10468
"../../../Engine/Content/EngineMaterials/Substrate/Glints2/dict_0007_0186.uasset" 10469
"../../../Engine/Content/EngineMaterials/Substrate/Glints2/dict_0007_0170.uasset" 10470
"../../../Engine/Content/EngineMaterials/Substrate/Glints2/dict_0007_0176.uasset" 10471
"../../../Engine/Content/EngineMaterials/Substrate/Glints2/dict_0007_0164.uasset" 10472
"../../../Engine/Content/EngineMaterials/Substrate/Glints2/dict_0007_0187.uasset" 10473
"../../../Engine/Content/EngineMaterials/Substrate/Glints2/dict_0007_0182.uasset" 10474
"../../../Engine/Content/EngineMaterials/Substrate/Glints2/dict_0007_0165.uasset" 10475
"../../../Engine/Content/EngineMaterials/Substrate/Glints2/dict_0007_0175.uasset" 10476
"../../../Engine/Content/EngineMaterials/Substrate/Glints2/dict_0007_0166.uasset" 10477
"../../../Engine/Content/EngineMaterials/Substrate/Glints2/dict_0007_0183.uasset" 10478
"/Engine/EngineMaterials/Substrate/Glints2/dict_0007_0162" 10479
"../../../Engine/Content/EngineMaterials/Substrate/Glints2/dict_0007_0174.uasset" 10480
"/Engine/EngineMaterials/Substrate/Glints2/dict_0007_0161" 10481
"/Engine/EngineMaterials/Substrate/Glints2/dict_0007_0160" 10482
"/Engine/EngineMaterials/Substrate/Glints2/dict_0007_0159" 10483
"/Engine/EngineMaterials/Substrate/Glints2/dict_0007_0158" 10484
"/Engine/EngineMaterials/Substrate/Glints2/dict_0007_0157" 10485
"/Engine/EngineMaterials/Substrate/Glints2/dict_0007_0156" 10486
"/Engine/EngineMaterials/Substrate/Glints2/dict_0007_0187" 10487
"../../../Engine/Content/EngineMaterials/Substrate/Glints2/dict_0007_0190.uasset" 10488
"../../../Engine/Content/EngineMaterials/Substrate/Glints2/dict_0007_0188.uasset" 10489
"../../../Engine/Content/EngineMaterials/Substrate/Glints2/dict_0007_0193.uasset" 10490
"../../../Engine/Content/EngineMaterials/Substrate/Glints2/dict_0007_0194.uasset" 10491
"../../../Engine/Content/EngineMaterials/Substrate/Glints2/dict_0007_0191.uasset" 10492
"../../../Engine/Content/EngineMaterials/Substrate/Glints2/dict_0007_0192.uasset" 10493
"../../../Engine/Content/EngineMaterials/Substrate/Glints2/dict_0007_0189.uasset" 10494
"../../../Engine/Content/EngineMaterials/Substrate/Glints2/dict_0007_0195.uasset" 10495
"/Engine/EngineMaterials/Substrate/Glints2/dict_0007_0186" 10496
"/Engine/EngineMaterials/Substrate/Glints2/dict_0007_0185" 10497
"/Engine/EngineMaterials/Substrate/Glints2/dict_0007_0184" 10498
"/Engine/EngineMaterials/Substrate/Glints2/dict_0007_0183" 10499
"/Engine/EngineMaterials/Substrate/Glints2/dict_0007_0182" 10500
"/Engine/EngineMaterials/Substrate/Glints2/dict_0007_0181" 10501
"/Engine/EngineMaterials/Substrate/Glints2/dict_0007_0180" 10502
"/Engine/EngineMaterials/Substrate/Glints2/dict_0007_0179" 10503
"/Engine/EngineMaterials/Substrate/Glints2/dict_0007_0178" 10504
"/Engine/EngineMaterials/Substrate/Glints2/dict_0007_0177" 10505
"/Engine/EngineMaterials/Substrate/Glints2/dict_0007_0176" 10506
"/Engine/EngineMaterials/Substrate/Glints2/dict_0007_0175" 10507
"/Engine/EngineMaterials/Substrate/Glints2/dict_0007_0174" 10508
"/Engine/EngineMaterials/Substrate/Glints2/dict_0007_0173" 10509
"/Engine/EngineMaterials/Substrate/Glints2/dict_0007_0172" 10510
"/Engine/EngineMaterials/Substrate/Glints2/dict_0007_0171" 10511
"/Engine/EngineMaterials/Substrate/Glints2/dict_0007_0170" 10512
"/Engine/EngineMaterials/Substrate/Glints2/dict_0007_0169" 10513
"/Engine/EngineMaterials/Substrate/Glints2/dict_0007_0168" 10514
"/Engine/EngineMaterials/Substrate/Glints2/dict_0007_0167" 10515
"/Engine/EngineMaterials/Substrate/Glints2/dict_0007_0166" 10516
"/Engine/EngineMaterials/Substrate/Glints2/dict_0007_0165" 10517
"/Engine/EngineMaterials/Substrate/Glints2/dict_0007_0164" 10518
"/Engine/EngineMaterials/Substrate/Glints2/dict_0007_0195" 10519
"../../../Engine/Content/EngineMaterials/Substrate/Glints2/dict_0007_0199.uasset" 10520
"../../../Engine/Content/EngineMaterials/Substrate/Glints2/dict_0007_0204.uasset" 10521
"../../../Engine/Content/EngineMaterials/Substrate/Glints2/dict_0007_0205.uasset" 10522
"../../../Engine/Content/EngineMaterials/Substrate/Glints2/dict_0007_0196.uasset" 10523
"../../../Engine/Content/EngineMaterials/Substrate/Glints2/dict_0007_0208.uasset" 10524
"../../../Engine/Content/EngineMaterials/Substrate/Glints2/dict_0007_0197.uasset" 10525
"../../../Engine/Content/EngineMaterials/Substrate/Glints2/dict_0007_0207.uasset" 10526
"../../../Engine/Content/EngineMaterials/Substrate/Glints2/dict_0007_0206.uasset" 10527
"../../../Engine/Content/EngineMaterials/Substrate/Glints2/dict_0007_0210.uasset" 10528
"../../../Engine/Content/EngineMaterials/Substrate/Glints2/dict_0007_0200.uasset" 10529
"../../../Engine/Content/EngineMaterials/Substrate/Glints2/dict_0007_0212.uasset" 10530
"../../../Engine/Content/EngineMaterials/Substrate/Glints2/dict_0007_0214.uasset" 10531
"../../../Engine/Content/EngineMaterials/Substrate/Glints2/dict_0007_0201.uasset" 10532
"../../../Engine/Content/EngineMaterials/Substrate/Glints2/dict_0007_0213.uasset" 10533
"../../../Engine/Content/EngineMaterials/Substrate/Glints2/dict_0007_0211.uasset" 10534
"../../../Engine/Content/EngineMaterials/Substrate/Glints2/dict_0007_0202.uasset" 10535
"../../../Engine/Content/EngineMaterials/Substrate/Glints2/dict_0007_0218.uasset" 10536
"../../../Engine/Content/EngineMaterials/Substrate/Glints2/dict_0007_0215.uasset" 10537
"../../../Engine/Content/EngineMaterials/Substrate/Glints2/dict_0007_0198.uasset" 10538
"../../../Engine/Content/EngineMaterials/Substrate/Glints2/dict_0007_0209.uasset" 10539
"../../../Engine/Content/EngineMaterials/Substrate/Glints2/dict_0007_0203.uasset" 10540
"../../../Engine/Content/EngineMaterials/Substrate/Glints2/dict_0007_0217.uasset" 10541
"../../../Engine/Content/EngineMaterials/Substrate/Glints2/dict_0007_0216.uasset" 10542
"../../../Engine/Content/EngineMaterials/Substrate/Glints2/dict_0007_0219.uasset" 10543
"/Engine/EngineMaterials/Substrate/Glints2/dict_0007_0194" 10544
"/Engine/EngineMaterials/Substrate/Glints2/dict_0007_0193" 10545
"/Engine/EngineMaterials/Substrate/Glints2/dict_0007_0192" 10546
"/Engine/EngineMaterials/Substrate/Glints2/dict_0007_0191" 10547
"/Engine/EngineMaterials/Substrate/Glints2/dict_0007_0190" 10548
"/Engine/EngineMaterials/Substrate/Glints2/dict_0007_0189" 10549
"/Engine/EngineMaterials/Substrate/Glints2/dict_0007_0188" 10550
"/Engine/EngineMaterials/Substrate/Glints2/dict_0007_0219" 10551
"../../../Engine/Content/EngineMaterials/Substrate/Glints2/dict_0007_0224.uasset" 10552
"../../../Engine/Content/EngineMaterials/Substrate/Glints2/dict_0007_0225.uasset" 10553
"../../../Engine/Content/EngineMaterials/Substrate/Glints2/dict_0007_0223.uasset" 10554
"../../../Engine/Content/EngineMaterials/Substrate/Glints2/dict_0007_0222.uasset" 10555
"../../../Engine/Content/EngineMaterials/Substrate/Glints2/dict_0007_0227.uasset" 10556
"../../../Engine/Content/EngineMaterials/Substrate/Glints2/dict_0007_0220.uasset" 10557
"../../../Engine/Content/EngineMaterials/Substrate/Glints2/dict_0007_0226.uasset" 10558
"../../../Engine/Content/EngineMaterials/Substrate/Glints2/dict_0007_0221.uasset" 10559
"/Engine/EngineMaterials/Substrate/Glints2/dict_0007_0218" 10560
"/Engine/EngineMaterials/Substrate/Glints2/dict_0007_0217" 10561
"/Engine/EngineMaterials/Substrate/Glints2/dict_0007_0216" 10562
"/Engine/EngineMaterials/Substrate/Glints2/dict_0007_0215" 10563
"/Engine/EngineMaterials/Substrate/Glints2/dict_0007_0214" 10564
"/Engine/EngineMaterials/Substrate/Glints2/dict_0007_0213" 10565
"/Engine/EngineMaterials/Substrate/Glints2/dict_0007_0212" 10566
"/Engine/EngineMaterials/Substrate/Glints2/dict_0007_0211" 10567
"/Engine/EngineMaterials/Substrate/Glints2/dict_0007_0210" 10568
"/Engine/EngineMaterials/Substrate/Glints2/dict_0007_0209" 10569
"/Engine/EngineMaterials/Substrate/Glints2/dict_0007_0208" 10570
"/Engine/EngineMaterials/Substrate/Glints2/dict_0007_0207" 10571
"/Engine/EngineMaterials/Substrate/Glints2/dict_0007_0206" 10572
"/Engine/EngineMaterials/Substrate/Glints2/dict_0007_0205" 10573
"/Engine/EngineMaterials/Substrate/Glints2/dict_0007_0204" 10574
"/Engine/EngineMaterials/Substrate/Glints2/dict_0007_0203" 10575
"/Engine/EngineMaterials/Substrate/Glints2/dict_0007_0202" 10576
"/Engine/EngineMaterials/Substrate/Glints2/dict_0007_0201" 10577
"/Engine/EngineMaterials/Substrate/Glints2/dict_0007_0200" 10578
"/Engine/EngineMaterials/Substrate/Glints2/dict_0007_0199" 10579
"/Engine/EngineMaterials/Substrate/Glints2/dict_0007_0198" 10580
"/Engine/EngineMaterials/Substrate/Glints2/dict_0007_0197" 10581
"/Engine/EngineMaterials/Substrate/Glints2/dict_0007_0196" 10582
"/Engine/EngineMaterials/Substrate/Glints2/dict_0007_0227" 10583
"../../../Engine/Content/EngineMaterials/Substrate/Glints2/dict_0007_0235.uasset" 10584
"../../../Engine/Content/EngineMaterials/Substrate/Glints2/dict_0007_0233.uasset" 10585
"../../../Engine/Content/EngineMaterials/Substrate/Glints2/dict_0007_0230.uasset" 10586
"../../../Engine/Content/EngineMaterials/Substrate/Glints2/dict_0007_0231.uasset" 10587
"../../../Engine/Content/EngineMaterials/Substrate/Glints2/dict_0007_0232.uasset" 10588
"../../../Engine/Content/EngineMaterials/Substrate/Glints2/dict_0007_0239.uasset" 10589
"../../../Engine/Content/EngineMaterials/Substrate/Glints2/dict_0007_0234.uasset" 10590
"../../../Engine/Content/EngineMaterials/Substrate/Glints2/dict_0007_0242.uasset" 10591
"../../../Engine/Content/EngineMaterials/Substrate/Glints2/dict_0007_0237.uasset" 10592
"../../../Engine/Content/EngineMaterials/Substrate/Glints2/dict_0007_0245.uasset" 10593
"../../../Engine/Content/EngineMaterials/Substrate/Glints2/dict_0007_0249.uasset" 10594
"../../../Engine/Content/EngineMaterials/Substrate/Glints2/dict_0007_0236.uasset" 10595
"/Engine/EngineMaterials/Substrate/Glints2/dict_0007_0226" 10596
"../../../Engine/Content/EngineMaterials/Substrate/Glints2/dict_0007_0243.uasset" 10597
"../../../Engine/Content/EngineMaterials/Substrate/Glints2/dict_0007_0229.uasset" 10598
"../../../Engine/Content/EngineMaterials/Substrate/Glints2/dict_0007_0250.uasset" 10599
"../../../Engine/Content/EngineMaterials/Substrate/Glints2/dict_0007_0244.uasset" 10600
"../../../Engine/Content/EngineMaterials/Substrate/Glints2/dict_0007_0241.uasset" 10601
"../../../Engine/Content/EngineMaterials/Substrate/Glints2/dict_0007_0238.uasset" 10602
"../../../Engine/Content/EngineMaterials/Substrate/Glints2/dict_0007_0240.uasset" 10603
"/Engine/EngineMaterials/Substrate/Glints2/dict_0007_0225" 10604
"../../../Engine/Content/EngineMaterials/Substrate/Glints2/dict_0007_0248.uasset" 10605
"../../../Engine/Content/EngineMaterials/Substrate/Glints2/dict_0007_0246.uasset" 10606
"../../../Engine/Content/EngineMaterials/Substrate/Glints2/dict_0007_0228.uasset" 10607
"../../../Engine/Content/EngineMaterials/Substrate/Glints2/dict_0007_0247.uasset" 10608
"../../../Engine/Content/EngineMaterials/Substrate/Glints2/dict_0007_0251.uasset" 10609
"/Engine/EngineMaterials/Substrate/Glints2/dict_0007_0224" 10610
"/Engine/EngineMaterials/Substrate/Glints2/dict_0007_0223" 10611
"/Engine/EngineMaterials/Substrate/Glints2/dict_0007_0222" 10612
"/Engine/EngineMaterials/Substrate/Glints2/dict_0007_0221" 10613
"/Engine/EngineMaterials/Substrate/Glints2/dict_0007_0220" 10614
"/Engine/EngineMaterials/Substrate/Glints2/dict_0007_0251" 10615
"../../../Engine/Content/EngineMaterials/Substrate/Glints2/dict_0007_0253.uasset" 10616
"../../../Engine/Content/EngineMaterials/Substrate/Glints2/dict_0007_0252.uasset" 10617
"../../../Engine/Content/EngineMaterials/Substrate/Volume/SubstrateSimpleVolumeLUT3D.uasset" 10618
"../../../Engine/Content/EngineMaterials/Substrate/Volume/SubstrateSimpleVolumeEnvLUT2D.uasset" 10619
"../../../Engine/Content/EngineMaterials/Substrate/Glints2/dict_0007_0255.uasset" 10620
"../../../Engine/Content/EngineMaterials/Substrate/Glints2/AGlintTex2dArray2.uasset" 10621
"../../../Engine/Content/EngineMaterials/Substrate/Volume/SubstrateSimpleVolumeLUT2D.uasset" 10622
"../../../Engine/Content/EngineMaterials/Substrate/Glints2/dict_0007_0254.uasset" 10623
"/Engine/EngineMaterials/Substrate/Glints2/dict_0007_0250" 10624
"/Engine/EngineMaterials/Substrate/Glints2/dict_0007_0249" 10625
"/Engine/EngineMaterials/Substrate/Glints2/dict_0007_0248" 10626
"/Engine/EngineMaterials/Substrate/Glints2/dict_0007_0247" 10627
"/Engine/EngineMaterials/Substrate/Glints2/dict_0007_0246" 10628
"/Engine/EngineMaterials/Substrate/Glints2/dict_0007_0245" 10629
"/Engine/EngineMaterials/Substrate/Glints2/dict_0007_0244" 10630
"/Engine/EngineMaterials/Substrate/Glints2/dict_0007_0243" 10631
"/Engine/EngineMaterials/Substrate/Glints2/dict_0007_0242" 10632
"/Engine/EngineMaterials/Substrate/Glints2/dict_0007_0241" 10633
"/Engine/EngineMaterials/Substrate/Glints2/dict_0007_0240" 10634
"/Engine/EngineMaterials/Substrate/Glints2/dict_0007_0239" 10635
"/Engine/EngineMaterials/Substrate/Glints2/dict_0007_0238" 10636
"/Engine/EngineMaterials/Substrate/Glints2/dict_0007_0237" 10637
"/Engine/EngineMaterials/Substrate/Glints2/dict_0007_0236" 10638
"/Engine/EngineMaterials/Substrate/Glints2/dict_0007_0235" 10639
"/Engine/EngineMaterials/Substrate/Glints2/dict_0007_0234" 10640
"/Engine/EngineMaterials/Substrate/Glints2/dict_0007_0233" 10641
"/Engine/EngineMaterials/Substrate/Glints2/dict_0007_0232" 10642
"/Engine/EngineMaterials/Substrate/Glints2/dict_0007_0231" 10643
"/Engine/EngineMaterials/Substrate/Glints2/dict_0007_0230" 10644
"/Engine/EngineMaterials/Substrate/Glints2/dict_0007_0229" 10645
"/Engine/EngineMaterials/Substrate/Glints2/dict_0007_0228" 10646
"../../../Engine/Content/EngineMaterials/PPM_DefaultCalibrationColor.uasset" 10647
"C:/Users/xingh/Desktop/VR/KurumaIsu/Content/VRTemplate/Input/IMC_Weapon_Left.uasset" 10648
"C:/Users/xingh/Desktop/VR/KurumaIsu/Content/VRTemplate/Input/Actions/IA_Shoot_Left.uasset" 10649
"../../../Engine/Content/EngineMaterials/DefaultCalibrationGrayscale.uasset" 10650
"../../../Engine/Plugins/NNE/NNEDenoiser/Content/NNEDIM_ColorAlbedoNormal_Default.uasset" 10651
"../../../Engine/Plugins/Interchange/Assets/Content/Functions/MX_Displacement.uasset" 10652
"../../../Engine/Content/EngineMaterials/DefaultCalibrationColor.uasset" 10653
"../../../Engine/Plugins/Interchange/Assets/Content/Functions/MX_Surface.uasset" 10654
"../../../Engine/Content/EngineMaterials/PPM_DefaultCalibrationGrayscale.uasset" 10655
"../../../Engine/Plugins/NNE/NNEDenoiser/Content/NNEDOM_Output_Default.uasset" 10656
"../../../Engine/Content/Functions/MaterialLayerFunctions/MatLayerBlend_OverrideOpacity.uasset" 10657
"../../../Engine/Plugins/NNE/NNEDenoiser/Content/NNEDTIM_ColorAlbedoNormal_Default.uasset" 10658
"/Engine/EngineMaterials/Substrate/Volume/SubstrateSimpleVolumeEnvLUT2D" 10659
"../../../Engine/Plugins/NNE/NNEDenoiser/Content/NNEDTOM_Output_Alpha.uasset" 10660
"../../../Engine/Plugins/NNE/NNEDenoiser/Content/NNEDIM_HighQuality_Default.uasset" 10661
"../../../Engine/Content/EngineMaterials/Substrate/Volume/SubstrateSimpleVolumeEnvLUT3D.uasset" 10662
"C:/Users/xingh/Desktop/VR/KurumaIsu/Content/VRTemplate/Input/Actions/IA_Shoot_Right.uasset" 10663
"../../../Engine/Plugins/NNE/NNEDenoiser/Content/NNEDIM_HighQuality_Alpha.uasset" 10664
"../../../Engine/Plugins/NNE/NNEDenoiser/Content/NNEDIM_ColorAlbedoNormal_Alpha.uasset" 10665
"C:/Users/xingh/Desktop/VR/KurumaIsu/Content/VRTemplate/Input/IMC_Weapon_Right.uasset" 10666
"../../../Engine/Plugins/NNE/NNEDenoiser/Content/NNEDOM_Output_Alpha.uasset" 10667
"../../../Engine/Content/Functions/Engine_MaterialFunctions03/Procedurals/HeightToNormalSmooth.uasset" 10668
"../../../Engine/Plugins/NNE/NNEDenoiser/Content/NNEDTIM_ColorAlbedoNormal_Alpha.uasset" 10669
"/Engine/EngineMaterials/Substrate/Volume/SubstrateSimpleVolumeLUT3D" 10670
"../../../Engine/Plugins/NNE/NNEDenoiser/Content/NNEDTOM_Output_Default.uasset" 10671
"../../../Engine/Plugins/NNE/NNEDenoiser/Content/NNEDT_Oidn2-3_Balanced.uasset" 10672
"/Engine/EngineMaterials/Substrate/Glints2/AGlintTex2dArray2" 10673
"C:/Users/xingh/AppData/Local/Temp/UnrealShaderWorkingDir/4978E7A5472AB1D50C19DAB24456E12C/10/WorkerOutputOnly.out" 10674
"/NNEDenoiser/NNEDT_Oidn2-3_Balanced" 10675
"../../../Engine/Plugins/NNE/NNEDenoiser/Content/NNEDT_Oidn2-3_Balanced_Alpha.uasset" 10676
"../../../Engine/Plugins/NNE/NNEDenoiser/Content/NNED_Oidn2-3_Balanced.uasset" 10677
"../../../Engine/Plugins/NNE/NNEDenoiser/Content/NNED_Oidn2-3_HighQuality.uasset" 10678
"../../../Engine/Plugins/NNE/NNEDenoiser/Content/NNED_Oidn2-3_HighQuality_Alpha.uasset" 10679
"../../../Engine/Plugins/NNE/NNEDenoiser/Content/NNED_Oidn2-3_Fast.uasset" 10680
"../../../Engine/Plugins/NNE/NNEDenoiser/Content/NNED_Oidn2-3_Balanced_Alpha.uasset" 10681
"../../../Engine/Plugins/NNE/NNEDenoiser/Content/NNE_oidn2-3-0_rt_hdr_alb_nrm_small__dyn__fp16_opset11_DenoiseAlpha.uasset" 10682
"../../../Engine/Plugins/NNE/NNEDenoiser/Content/NNED_Oidn2-3_Fast_Alpha.uasset" 10683
"/NNEDenoiser/NNEDTOM_Output_Default" 10684
"/NNEDenoiser/NNEDTOM_Output_Alpha" 10685
"/NNEDenoiser/NNEDTIM_ColorAlbedoNormal_Default" 10686
"/NNEDenoiser/NNEDTIM_ColorAlbedoNormal_Alpha" 10687
"/NNEDenoiser/NNEDOM_Output_Default" 10688
"/NNEDenoiser/NNEDOM_Output_Alpha" 10689
"/NNEDenoiser/NNEDIM_HighQuality_Default" 10690
"/NNEDenoiser/NNEDIM_HighQuality_Alpha" 10691
"/NNEDenoiser/NNEDIM_ColorAlbedoNormal_Default" 10692
"/NNEDenoiser/NNEDIM_ColorAlbedoNormal_Alpha" 10693
"/InterchangeAssets/Functions/MX_Displacement" 10694
"/InterchangeAssets/Functions/MX_Surface" 10695
"C:/Users/xingh/AppData/Local/Temp/UnrealShaderWorkingDir/4978E7A5472AB1D50C19DAB24456E12C/11/WorkerOutputOnly.out" 10696
"/Game/VRTemplate/Input/IMC_Weapon_Right" 10697
"/Game/VRTemplate/Input/IMC_Weapon_Left" 10698
"/Engine/EngineMaterials/PPM_DefaultCalibrationGrayscale" 10699
"/Engine/EngineMaterials/PPM_DefaultCalibrationColor" 10700
"/Engine/EngineMaterials/Substrate/Volume/SubstrateSimpleVolumeEnvLUT3D" 10701
"/NNEDenoiser/NNE_oidn2-3-0_rt_hdr_alb_nrm_small__dyn__fp16_opset11_DenoiseAlpha" 10702
"/NNEDenoiser/NNED_Oidn2-3_HighQuality_Alpha" 10703
"/NNEDenoiser/NNED_Oidn2-3_HighQuality" 10704
"/NNEDenoiser/NNED_Oidn2-3_Fast_Alpha" 10705
"/NNEDenoiser/NNED_Oidn2-3_Fast" 10706
"/NNEDenoiser/NNED_Oidn2-3_Balanced_Alpha" 10707
"/NNEDenoiser/NNED_Oidn2-3_Balanced" 10708
"C:/Users/xingh/Desktop/VR/KurumaIsu/Intermediate/ORTOptimizerPass_Optimized9B8D6FDC43B06E74F6FAB78EA087C71D.onnx" 10709
"C:/Users/xingh/Desktop/VR/KurumaIsu/Intermediate/ORTOptimizerPass_Optimized468818E7455D59470B4E89876FBED17B.onnx" 10710
"/NNEDenoiser/NNEDT_Oidn2-3_Balanced_Alpha" 10711
"../../../Engine/Plugins/NNE/NNEDenoiser/Content/NNE_oidn2-3-0_rt_hdr_alb_nrm_small__dyn__fp16_opset11_ForwardAlpha.uasset" 10712
"../../../Engine/Plugins/NNE/NNEDenoiser/Content/NNE_oidn2-3-0_rt_hdr_alb_nrm__dyn__fp16_opset11_ForwardAlpha.uasset" 10713
"../../../Engine/Plugins/NNE/NNEDenoiser/Content/NNE_oidn2-3-0_rt_hdr_calb_cnrm_large__dyn__fp16_opset11_DenoiseAlpha.uasset" 10714
"../../../Engine/Plugins/NNE/NNEDenoiser/Content/NNE_oidn2-3-0_rt_hdr_calb_cnrm_large__dyn__fp16_opset11_ForwardAlpha.uasset" 10715
"../../../Engine/Content/EditorResources/BSPVertex.uasset" 10716
"../../../Engine/Content/EngineMaterials/DefaultBloomKernel.uasset" 10717
"../../../Engine/Content/EngineResources/FilmGrains/Marcie_Grain_v3_128_M2_000.uasset" 10718
"../../../Engine/Plugins/NNE/NNEDenoiser/Content/NNE_oidn2-3-0_rt_hdr_alb_nrm__dyn__fp16_opset11_DenoiseAlpha.uasset" 10719
"../../../Engine/Content/EngineResources/Development/ZenLogo_64.uasset" 10720
"../../../Engine/Content/EngineMaterials/FastBlueNoise_scalar_128x128x64.uasset" 10721
"../../../Engine/Content/EngineDebugMaterials/DebugEditorMaterial.uasset" 10722
"../../../Engine/Content/EngineMaterials/FastBlueNoise_scalar_128x128x8.uasset" 10723
"../../../Engine/Content/EngineMaterials/FastBlueNoise_vec2_128x128x64.uasset" 10724
"../../../Engine/Content/EngineMaterials/LTC/Sheen_LTC.uasset" 10725
"../../../Engine/Content/EngineMaterials/EnergyConservation/Sheen_Energy.uasset" 10726
"../../../Engine/Content/EngineMaterials/EnergyConservation/Diffuse_Energy.uasset" 10727
"../../../Engine/Content/EngineSounds/Master.uasset" 10728
"../../../Engine/Plugins/Interchange/Runtime/Content/Pipelines/DefaultAssetsPipeline.uasset" 10729
"../../../Engine/Plugins/Interchange/Runtime/Content/Pipelines/DefaultMaterialXPipeline.uasset" 10730
"../../../Engine/Plugins/Interchange/Runtime/Content/Pipelines/DefaultGLTFAssetsPipeline.uasset" 10731
"../../../Engine/Plugins/Interchange/Runtime/Content/Pipelines/DefaultGLTFPipeline.uasset" 10732
"../../../Engine/Plugins/Interchange/Runtime/Content/Pipelines/DefaultMaterialPipeline.uasset" 10733
"../../../Engine/Plugins/Interchange/Runtime/Content/Pipelines/DefaultTexturePipeline.uasset" 10734
"../../../Engine/Plugins/Interchange/Runtime/Content/Pipelines/DefaultSceneAssetsPipeline.uasset" 10735
"../../../Engine/Plugins/Interchange/Runtime/Content/Pipelines/DefaultSceneLevelPipeline.uasset" 10736
"../../../Engine/Plugins/Interchange/Runtime/Content/Pipelines/DefaultGLTFSceneAssetsPipeline.uasset" 10737
"../../../Engine/Plugins/Interchange/Assets/Content/Functions/MX_UsdPreviewSurface.uasset" 10738
"../../../Engine/Plugins/Interchange/Assets/Content/Functions/MX_OrenNayarBSDF.uasset" 10739
"../../../Engine/Plugins/Interchange/Assets/Content/Functions/MX_SurfaceUnlit.uasset" 10740
"../../../Engine/Plugins/Interchange/Assets/Content/Functions/MX_BurleyDiffuseBSDF.uasset" 10741
"../../../Engine/Plugins/Interchange/Assets/Content/Functions/MX_TranslucentBSDF.uasset" 10742
"../../../Engine/Plugins/Interchange/Assets/Content/Functions/MX_DielectricBSDF.uasset" 10743
"/InterchangeAssets/Functions/MX_DielectricBSDF" 10744
"/InterchangeAssets/Functions/MX_TranslucentBSDF" 10745
"/InterchangeAssets/Functions/MX_BurleyDiffuseBSDF" 10746
"/InterchangeAssets/Functions/MX_OrenNayarBSDF" 10747
"/InterchangeAssets/Functions/MX_UsdPreviewSurface" 10748
"/InterchangeAssets/Functions/MX_SurfaceUnlit" 10749
"/Interchange/Pipelines/DefaultSceneAssetsPipeline" 10750
"/Interchange/Pipelines/DefaultGLTFSceneAssetsPipeline" 10751
"/Interchange/Pipelines/DefaultTexturePipeline" 10752
"/Interchange/Pipelines/DefaultMaterialPipeline" 10753
"/Interchange/Pipelines/DefaultGLTFPipeline" 10754
"/Interchange/Pipelines/DefaultGLTFAssetsPipeline" 10755
"/Interchange/Pipelines/DefaultMaterialXPipeline" 10756
"/Interchange/Pipelines/DefaultAssetsPipeline" 10757
"/Engine/EngineSounds/Master" 10758
"/Interchange/Pipelines/DefaultSceneLevelPipeline" 10759
"/Engine/EngineMaterials/EnergyConservation/Diffuse_Energy" 10760
"/Engine/EngineMaterials/EnergyConservation/Sheen_Energy" 10761
"/Engine/EngineMaterials/LTC/Sheen_LTC" 10762
"/Engine/EngineMaterials/FastBlueNoise_vec2_128x128x64" 10763
"/Engine/EngineMaterials/FastBlueNoise_scalar_128x128x8" 10764
"/Engine/EngineMaterials/FastBlueNoise_scalar_128x128x64" 10765
"/Engine/EngineDebugMaterials/DebugEditorMaterial" 10766
"/Engine/EngineResources/Development/ZenLogo_64" 10767
"/Engine/EngineResources/FilmGrains/Marcie_Grain_v3_128_M2_000" 10768
"/Engine/EngineMaterials/DefaultBloomKernel" 10769
"/Engine/EditorResources/BSPVertex" 10770
"/NNEDenoiser/NNE_oidn2-3-0_rt_hdr_calb_cnrm_large__dyn__fp16_opset11_ForwardAlpha" 10771
"/NNEDenoiser/NNE_oidn2-3-0_rt_hdr_calb_cnrm_large__dyn__fp16_opset11_DenoiseAlpha" 10772
"/NNEDenoiser/NNE_oidn2-3-0_rt_hdr_alb_nrm__dyn__fp16_opset11_ForwardAlpha" 10773
"/NNEDenoiser/NNE_oidn2-3-0_rt_hdr_alb_nrm__dyn__fp16_opset11_DenoiseAlpha" 10774
"/NNEDenoiser/NNE_oidn2-3-0_rt_hdr_alb_nrm_small__dyn__fp16_opset11_ForwardAlpha" 10775
"C:/Users/xingh/Desktop/VR/KurumaIsu/Intermediate/ORTOptimizerPass_OptimizedF5C9F59C4F721FF0197AD7841EA53239.onnx" 10776
"C:/Users/xingh/Desktop/VR/KurumaIsu/Intermediate/ORTOptimizerPass_Optimized544431CE459A3E2C33D7EE81419E8D0A.onnx" 10777
"C:/Users/xingh/AppData/Local/Temp/UnrealShaderWorkingDir/4978E7A5472AB1D50C19DAB24456E12C/0/WorkerOutputOnly.out" 10778
"C:/Users/xingh/AppData/Local/Temp/UnrealShaderWorkingDir/4978E7A5472AB1D50C19DAB24456E12C/13/WorkerOutputOnly.out" 10779
"C:/Users/xingh/Desktop/VR/KurumaIsu/Intermediate/ORTOptimizerPass_Optimized72849C914AD1F640A0CAD989CD711479.onnx" 10780
"C:/Users/xingh/Desktop/VR/KurumaIsu/Intermediate/ORTOptimizerPass_Optimized561D4A934360D8C5CBF2F2B5D43973EF.onnx" 10781
"C:/Users/xingh/Desktop/VR/KurumaIsu/Intermediate/ORTOptimizerPass_Optimized9E420B55429F02296B9D7AA122017E5C.onnx" 10782
"C:/Users/xingh/Desktop/VR/KurumaIsu/Intermediate/ORTOptimizerPass_Optimized8388318149EFF30BDECA55AF7F1A40C0.onnx" 10783
"C:/Users/xingh/Desktop/VR/KurumaIsu/Intermediate/ORTOptimizerPass_OptimizedB29D11904961B51DD202EEB2A04C6722.onnx" 10784
"C:/Users/xingh/Desktop/VR/KurumaIsu/Intermediate/ORTOptimizerPass_OptimizedF3471F1643D112097E7FCD80166A2B24.onnx" 10785
"C:/Users/xingh/Desktop/VR/KurumaIsu/Intermediate/ORTOptimizerPass_OptimizedEA38762D4D243EF5FFCF3A899A5454B0.onnx" 10786
"C:/Users/xingh/Desktop/VR/KurumaIsu/Intermediate/ORTOptimizerPass_Optimized568C7817485B59F608BF4690398887EA.onnx" 10787
"../../../Engine/Plugins/Interchange/Assets/Content/Functions/MX_ConductorBSDF.uasset" 10788
"../../../Engine/Plugins/Interchange/Assets/Content/Functions/MX_GeneralizedSchlickBSDF.uasset" 10789
"../../../Engine/Plugins/Interchange/Assets/Content/Functions/MX_SubsurfaceBSDF.uasset" 10790
"../../../Engine/Plugins/Interchange/Assets/Content/Functions/MX_SheenBSDF.uasset" 10791
"../../../Engine/Plugins/Interchange/Assets/Content/Functions/MX_ThinFilmBSDF.uasset" 10792
"../../../Engine/Plugins/Interchange/Assets/Content/Functions/MX_UniformEDF.uasset" 10793
"../../../Engine/Plugins/Interchange/Assets/Content/Functions/MX_ConicalEDF.uasset" 10794
"../../../Engine/Plugins/Interchange/Assets/Content/Functions/MX_MeasuredEDF.uasset" 10795
"../../../Engine/Plugins/Interchange/Assets/Content/Functions/MX_AbsorptionVDF.uasset" 10796
"../../../Engine/Plugins/Interchange/Assets/Content/Functions/MX_AnisotropicVDF.uasset" 10797
"../../../Engine/Plugins/Animation/ControlRig/Content/Controls/ControlRigGizmoMaterial.uasset" 10798
"/ControlRig/Controls/ControlRigGizmoMaterial" 10799
"/InterchangeAssets/Functions/MX_AnisotropicVDF" 10800
"/InterchangeAssets/Functions/MX_AbsorptionVDF" 10801
"/InterchangeAssets/Functions/MX_MeasuredEDF" 10802
"/InterchangeAssets/Functions/MX_ConicalEDF" 10803
"/InterchangeAssets/Functions/MX_UniformEDF" 10804
"/InterchangeAssets/Functions/MX_ThinFilmBSDF" 10805
"/InterchangeAssets/Functions/MX_SheenBSDF" 10806
"/InterchangeAssets/Functions/MX_SubsurfaceBSDF" 10807
"/InterchangeAssets/Functions/MX_GeneralizedSchlickBSDF" 10808
"/InterchangeAssets/Functions/MX_ConductorBSDF" 10809
"C:/Users/xingh/Desktop/VR/KurumaIsu/DerivedDataCache/VT/TEXTURE_7C16439390E24F1F9468894FB4D4BC55_VTCHUNK44B429B40BB45A070EB17C1259C28734996A2F49" 10810
"C:/Users/xingh/Desktop/VR/KurumaIsu/DerivedDataCache/VT/TEXTURE_7C16439390E24F1F9468894FB4D4BC55_VTCHUNK967C747FFC357A828288FA05D93CD5DCECDA891B" 10811
"C:/Users/xingh/Desktop/VR/KurumaIsu/DerivedDataCache/VT/TEXTURE_7C16439390E24F1F9468894FB4D4BC55_VTCHUNK02D4C3BCAD7DFA48AB32B8281FB06B8B83DB6275" 10812
"C:/Users/xingh/Desktop/VR/KurumaIsu/DerivedDataCache/VT/TEXTURE_7C16439390E24F1F9468894FB4D4BC55_VTCHUNKC0393DE8C5B4673D99D1BECB92AA8C1F72FEB491" 10813
"C:/Users/xingh/AppData/Local/Temp/UnrealShaderWorkingDir/4978E7A5472AB1D50C19DAB24456E12C/16/WorkerOutputOnly.out" 10814
"C:/Users/xingh/Desktop/VR/KurumaIsu/DerivedDataCache/VT/TEXTURE_7C16439390E24F1F9468894FB4D4BC55_VTCHUNK2A5F9F60441DA258D18B46D59C64D5BAD50E8EE3" 10815
"C:/Users/xingh/AppData/Local/Temp/UnrealShaderWorkingDir/4978E7A5472AB1D50C19DAB24456E12C/19/WorkerOutputOnly.out" 10816
"C:/Users/xingh/Desktop/VR/KurumaIsu/Saved/Cooked/Windows/DemoProjectVR/Metadata/CookedSettings.txt" 10817
